app,review,rating
카카오톡,토스서 뫼셔온 높으신 나리 옷태서 진동하는 느글니 기운,1
카카오톡,비공개,4
카카오톡,카톡없인 못살아~~~,5
카카오톡,친절 . 정직,5
카카오톡,수정할수있는기능도 있고 카톡최고입니다. 주식은 왜 안오르나요? 카카오 대주주입니다. 전국민이 쓰는 카톡인데 좋은소식있기를요,5
카카오톡,기존 천지인 자판이 좋습니다,1
카카오톡,잘 사용하지 않았던 부분들 새롭게 깨우치네요.,5
카카오톡,이용자와 소통없는 일방적 업데이트,1
카카오톡,이쁘고 좋은 문구 있으면 예약 해 놨다가 아들들에게 예약문자 보냅니다 너무 좋아요♡,5
카카오톡,이용자 보호조치,1
카카오톡,수정기능 좋아요,5
카카오톡,👍,4
카카오톡,좋아요 하나아쉬운것은 이전에 글을쓸때 띄어쓰기. 오타. 그기능이없어저서 아쉽습니다,5
카카오톡,편리합니다^^,5
카카오톡,매우 만족합니다,5
카카오톡,전화를 받으면 자꾸 스피커가 되네요.,2
카카오톡,보이스톡 수신시 스피커로 나오는데 어떤 설정을 해야 예전처럼 되나요?,4
카카오톡,저는 인스타 않하는데 이렇게된게 처음 엔별로였지만 지금은 괜찮아요?,5
카카오톡,매년 업그레이드 되어서 좋아요!!,5
카카오톡,업데이트 목록 끄기는 왜 없애놓은건데요 이런식으로 불만 귀닫고 광고수익 올리는게 장기적으로 좋을거라 생각함?,1
카카오톡,아... 카톡 요즘 너무 이상해....,3
카카오톡,편리하고 유용합니다. 👍,5
카카오톡,"좋아요,아주",5
카카오톡,굿이여!,5
카카오톡,편리하고 실용적이다.,5
카카오톡,업데이트 방향이 불편인듯,1
카카오톡,넘나 좋아요,5
카카오톡,뭐 어쩌라는건지 태블릿 설치해도 아이디 비번 입력해도 그냥 그대로 아무 진행이 안됨 최악,1
카카오톡,국어공부 다시하는 것이 정말 좋습니다.,5
카카오톡,요즘 광고도 카톡으로 많이 오는데 제발 문자처럼 읽음으로 처리 기능이 있었으면 좋겠다. 일일이 하나하나 눌러서 뱃지숫자 바꾸는거 힘들다. ㅠㅠ,2
카카오톡,카카오톡 최고입니다 대한민국 사람의 정서에 딱입니다 감사합니다,5
카카오톡,간단하면서도 운동이 돼요. 익숙해지면 시간을 2배 늘려서 해볼 생각이에요. 적극추천 합니다.,5
카카오톡,좋아요,5
카카오톡,감사합니다,5
카카오톡,유저들 의견좀 들어주셔요!,1
카카오톡,최고다,5
카카오톡,편리한 방식이 너무나좋습니다,5
카카오톡,너무유익 해서 많이 公有합니다. 81세 영어 먹통이 수며제로 미치도록 들었더니 6개월만에 귀가 뚫리고 여성리더의 음성과 내용도 有益해서 감사드립니다,5
카카오톡,잘 쓰고있늬데... 이상한 업데이트만 좀 안했으면 좋겠어요.,1
카카오톡,이용자 편의상이 부족함. 그냥 메신저 역할에 충실하면좋겟음,1
카카오톡,좋아요,5
카카오톡,게시물에 좋아요 누르는 거 댓글처럼 선택할 수 있게 수정 좀 바랍니다 자기 게시물에 좋아요가 부담스런 사람도 있어요 나만보기를 설정해두면 된다지만 말 그대로 나만볼 수 있을 뿐 게시물을 공개하고는 싶은데 좋아요는 받고싶지 않은 경우들이 많아요,1
카카오톡,생각과 다른문장과 오점을 빨리 수정할수 있음이 참 좋아요,5
카카오톡,이렇게 좋은 제 27탄을 빼고서 있다뉬,5
카카오톡,상대방 생일 on/off 기능 다시 넣어야함,1
카카오톡,좋아요 너무,5
카카오톡,상단 바 내려서 읽음 표시 누르면 좀 읽어라. 뭔 네트워크 연결 불량 이러고 있냐 이 앱이 불량이겠지:; 쓸데없는 기능 추가할 시간에 기본적인 거나 잘하세요,1
카카오톡,카카오톡은 업무용도가 크니 엔터요소를 빼고 차별화를 해주셨으면 좋겠습니다.,2
카카오톡,"""수정됨"" 이라는 문구가 없으면 좋겠다",1
카카오톡,최고입니다,5
카카오톡,넘 좋고 편리하네요. 이제까지는 다이어리에서 일정 관리하다 잊고 지나는 적이 있었는데 항상 열어보고 확인하는 카톡으로 일정 예약하니 잊지않고 지낼수 있어 편리합니다.,5
카카오톡,좋아요😄,4
카카오톡,업뎃에바,1
카카오톡,인스타처럼말고 옛날버전이 좋아요,3
카카오톡,실용적이고 유익합니다..,5
카카오톡,편안한소통의끝판왕이예요,4
카카오톡,업데이트 되고 엥스러워 진 부분이 많음... 카톡은 소통용 앱인데 왜 점점 인스타처럼 변하는건지 모르겠... 인스티화가 되...,2
카카오톡,쓰레기.. 안쓸수밖에 없는게 안타깝다...,1
카카오톡,"이상한 짓, 제발 그만하시오",1
카카오톡,구형기기 사용불가,1
카카오톡,어제부터 갑자기 카톡에 들어가면 키보드가 자동으로 영어로 바뀜 다른 어플은 전부 멀쩡한데 카톡만 뭐 이딴 버그가???,1
카카오톡,아니 왜 친구 목록으로 고정되지않고 자꾸 소식으로 넘어갑니까. 열자마자 보기싫은 얼굴 부터 크게 보면 카톡할 맛 나겠어요?친구목록으로 고정하고 첫화면도 다른 화면으로 바꿀 수 있도록 해주세요. 언제적부터 이슈화 된건데 아직까지 이럽니까,1
카카오톡,여성전용마사지,5
카카오톡,후레쉬,5
카카오톡,"Do you seriously think we use this app for your pathetic short-form videos? This is a messenger, not a TikTok clone. Your forced content is pathetic and intrusive. Get rid of it or give us a way to disable it, otherwise, this app is becoming garbage",1
카카오톡,불편해졌다. 갈수록 불편해,1
카카오톡,말도못함. 업데이트가 그냥 앱 망쳤다ㅋㅋㅋㅋㅋ,1
카카오톡,소식좀 안보이게 해라~~~~~ 제발 좀 !!!!,1
카카오톡,오픈채팅이랑 숏폼이랑 도대체 무슨 관련이 있나요? 오픈채팅 누르려다가 숏폼 자동재생 되서 짜증나서 꺼버렸는데 무슨 클릭유도하는 성인사이트 낚시도 아니고 숏폼없애거나 어디에 쳐박으세요,1
카카오톡,다른 앱 나오면 갈아탄다. 망해라.,1
카카오톡,릴스동영상좀삭제해주세요,3
카카오톡,쓰렉,1
카카오톡,자동업데이트 막아두고 쓰다가 이번에 안드로이드 8.5 업데이트 후 카톡 미리보기가 1개밖에 안되는게 ㅋㅋㅋ 얼탱이가없네 카톡을 업데이트해야 미리보기 여러개 볼수있다니 이게 무슨 열받는 소리야,1
카카오톡,왜 자꾸 버그있다고하는거죠? 버그 좀 고쳐줘요ㅡㅡ,1
카카오톡,좋아요,5
카카오톡,걍 친구목록이나 먼저 띄워주고 소식탭은 누르면 나오게 하거나 그래달라고요 들어갈때마다 프사 바꾼거랑 관심도 없는 소식을 몇번을 봐야하는건데 대체,1
카카오톡,배짱장사하는게 눈에 보여서 너무 짜증나고 싫음 이거말고 다른 메신저앱 꼭 나오면 좋겠음,1
카카오톡,최악이네,1
카카오톡,시스템 인터페이스를 설계할 경우 고려해야 할 가이드라인과 거리가 먼 것은? 1. 심미성을 사용성보다 우선하여 설계한다. 2. 효율성을 높이게 설계해야 한다. 3. 발생하는 오류를 쉽게 수정할 수 있어야한다. 4. 사용자에게 피드백을 제공해야 한다.,5
카카오톡,별 1개도 아깝다........,1
카카오톡,오픈채팅방 알림 off 해도 자꾸 noti 알림으로 뜨는데 이거 버그 수정해주세요 일반 채팅방은 각 채팅방 하위메뉴에서 알림 off 하면 노티에 안 꽃힙니다 짜증나네요 버그 수정하세요,1
카카오톡,왜 재설치 한다음 로그인이 왜 안됨??,1
카카오톡,"친구목록을 메인으로 삼는다 하는데도 자연스레 소식통, 자연스레 또 소식통..ㅋㅋㅋㅋ 유저랑 기싸움 열심히 하니까 재밌니 니네들? 추천친구도 왜 계속 떠 ㅋㅋ 이거 인스타로 생각한다는 게 너무 웃겨 ㅋㅋㅋ 애초에 이걸 회사원들도 같이 보는 사람들도 많은데 ㅋㅋㅋ 에휴 안쓰럽다 니네들",1
카카오톡,업데이트가 안좋네요.....,1
카카오톡,이메일 연락처 등록하려는데 이미 등록된 이메일이라면서 입구컷해놓고 정작 들어가보면 설정된 이메일이 없다고 헛짓거리함 로그인용 이메일은 등록이 안되는거임? 뭘 이딴 쓰레기같은 시스템으로 쳐만들어놓는거임? 사용자 편의성은 가장 후순위로 미뤄놓는 쓰레기앱이다,1
카카오톡,이모티콘을 주면 좋을 것 같아요,4
카카오톡,왜 업데이트며 새로운 시스템 사용$만 강요하지? 개인의견을 무시만하고,1
카카오톡,"세상에서 가장 무능한 앱임 카카오 문의로 궁금한거 물어볼때마다 동문서답으로 답변하고, 옾챗에서 신고 검토도 안하고 그냥 정지 멕임 ㅋㅋㅋ",1
카카오톡,개 똥 망 어 플,1
카카오톡,백업 하고 싶은데 잘 못 하고 있어요,4
카카오톡,"업뎃 후 알림이 안옵니다. 진동이 안울려요. 앱설정, 카톡설정 다 확인해보고 알림설정도 초기화 해보고, 삭제 후 재설치도 해봤는데 잠깐 해결된 듯 하다가 다시 알림이 안옵니다. 소리도, 진동도 없음.",1
카카오톡,별점 하나도 아까움,1
카카오톡,업데이트 왜 이따구로 함,1
카카오톡,진짜 짜증나네요 소식을 없애달러구요,1
카카오톡,숏폼이 왠말인지 제거 했으면 좋겠네요 넘 불편하네요 ㅡㅡ점점 카톡이 더 이상해지고 대문짝하게 남의 지인 프로필사진이 떡 하니 올라오고 불편하구 짜증나네요 에휴 ㅡㅡ,1
카카오톡,창이 추가로 열리는 답글 기능은 없어도 되지 않았을까 싶습니다. 그리고 한가지 더 리액션 따봉 보라색이 더 좋았는데 그저 휴대폰 유니코드에 기본적으로 탑재되어있는 색과 비슷해진게 너무 아쉽습니다. 그 개성이 있었는데도요.,2
카카오톡,아니 진짜 보이스톡 통화기록은 왜만든거예요??,1
카카오톡,광고도배 ㅡㅡ;,1
카카오톡,또 그지같은 것만 늘려서 열받아서 리뷰를 쓰게 만드는구나 업데이트를 x같이 해서 막아놨더니 업데이트 한사람들 리액션을 못보게 해놨네 대단하십니다들,1
카카오톡,쇼츠가 메인으로 떠서 매우 많이 불편해졌습니다 예전처럼 메신저의 역할에만 충실할 것이지 대다수의 사용자가 원하지 않은 기능을 넣는다는 것은...ㅋ 수뇌부가 조직의 흥망성쇠에 큰 역할을 한다는 것을 다시 한번 느끼게 됩니다. 기존 직원들만 고생이네요,1
카카오톡,드디어 업데이트 적응됨;;,3
카카오톡,업데이트 좀 그만하라규!,1
카카오톡,아 몰라 업데이트 안해,1
카카오톡,자동업뎃 꺼놓고 그냥 쓰고있었는데 이젠 아예 버전 다르면 링크나 컨텐츠도 못보게 막아놨음. 어떤 상황이든 일단 기다리고 있는 중,1
카카오톡,워치8사용자입니다잘오던알림이갑자기안오네요워치앱수정부탁드립니다,2
카카오톡,워치8 사용중인 사용자 입니다 잘오던 카톡 알림이 갑자기 안오네요..워치용 카톡좀 수정부탁드립니다 ㅠㅠ,1
카카오톡,불편 사항을 개선하고 있는 모습이 좋다,1
카카오톡,짜증,1
카카오톡,망할려고 더욱더 노력중?경영진이 안티인가?잘쓰고 있는 기본이모티콘 왜 없애서 사람들 불편하게 만드는건가요???,1
카카오톡,작작해라 제발 1점도 주기싫네,1
카카오톡,25년 9월 5일 업데이트 이후 안한 내가 잘했네,5
카카오톡,친구소식 궁금하면 인스타 하겠지 카카오톡 하겠냐?,1
카카오톡,프로필 편집 왜케 안돼? 아니 뭐가 떠야 지우든 말든 할거 아니냐고 뭐 업데이트 해도 안돼 껐다 켜도 안돼 지웠다 깔아도 안돼 어쩌라고 진짜,1
카카오톡,진심 보기 싫은 숏폼 좀 안 볼 수 있게 못 하나? 가면 갈수록 왜 이러냐,2
카카오톡,업데이트 안하고 있어요,1
카카오톡,メロンを除いて全てのサービスが最悪、そしてカカオTカーシェアリングサービスは動作しない。카카오=중국공산당 하청업체.,1
카카오톡,프로필 사진 좀 한번에 봅시다..... 핵불편하네 진짜ㅡㅡ 보고싶은 프사는 안뜨고 엄한 사진만 계속 떠요 왜!!,1
카카오톡,병x 개버1러지 앱,1
카카오톡,"업데이트 이전에는 카톡 친구탭 들어갔을 때 업데이트프로필, 특별한친구, 생일인 친구 이부분을 접어서 안보이게 할 수 있었는데 이제는 친구찾으려면 이것들을 무조건 봐야해서 너무 불편해요. 업데이트 이전처럼 이부분을 접을수 있거나 아예 안뜨게해서 안볼 수 있는 선택지를 주세요. 알고싶지않은 정보, 보고싶지 않은 친구와 생일정보까지 매번 보고싶지 않습니다. 그리고 숏츠도 보기싫은데 클릭하다보면 한번씩 떠서 보게됩니다. 제발안보고싶어요. 업데이트 미루다가 해봤는데 너무 후회됩니다. 제발 이전처럼 해주세요!",1
카카오톡,숏폼처없애라고,1
카카오톡,피로도가 극에 달한다. 화무십일홍. 너희도 조만간이다.,1
카카오톡,숏폼이랑 소식탭좀 지워주세요 제발,1
카카오톡,진짜 거지같네 키워드알림 소리도 안나고 왜 있는거죠?,1
카카오톡,별한개도 아까워졌음 아무리 돈에 눈이멀었다해도 이정도로 편의성이 개판이 되버려서 한손으로 친구찾고 한손으로 원하는 톡방찾는 간편함은 죄 사라졌고 숏츠나 영상으로 도배만되어 탭을 이리저리 움직여야하고 찾기기능에도 광고나 친구가 아닌 인간들 잔뜩떠서 정확하게 이름못쓰면 우르르 이상한 프로필나옴,1
카카오톡,왜 욕하면 채팅제한됨?ㅉ,1
카카오톡,아니 지인한테 카톡보낼려고 이름 검색하는데 본인 지인이 아닌 전국각지의 모르는사람들만 다뜨게해놨습니다. 이거 개인정보 유출 아닌가요? ㅋㅋ 어이가 없습니다 ㅋㅋ 그래놓고 글에 공감이모티콘 단사람들 누군지 볼려고 해도 안보이게 해놨는데 물어보니 개인정보유출이라 그렇게 해놨답니다 ㅋㅋㅋㅋ 공감이모티콘 누를때 자기가 노출되는거 알고 누릅니다 ㅋㅋㅋ어느 저능아가 카톡을 이끌어가나요??,1
카카오톡,카카 오 톡,5
카카오톡,왜 자꾸 소식 먼저 뜨게하냐,1
카카오톡,매우 아주 좋아요,5
카카오톡,사람들과 대화 매일할수있어서 좋아요,5
카카오톡,카톡아 1.4다 어카냐 ㅋㅋ. 쿠키런(카쿠런)이랑 카카오프렌즈가 니보다 민심 나아. 그 인스타처럼 바꾼다는 미친 복잡한 업뎃은 왜해서 이따구로 만들어놨어. 로블 채팅 차단 수준이야. 제발 고쳐라 카콥아. 아 그리고 프로필 편집할 때 갤러리 스티커도 쓸 수 있게해.,1
카카오톡,쓸대없는 기는 원하지도 않는 기농 업대이트도 지들 마음대로,1
카카오톡,"너무 불편해요. 진심.. 괜히 업데이트해서 보기 싫은 숏폼도 계속 뜨고 매번 채팅이 어디있나 찾아야해요. 좀 옛날로 돌려주세요.. 아진짜 평가 절대 안쓰는데 넘 귀찮고 쓰기싫게 변해서 남겨요. 아 진짜.,,,,",1
카카오톡,좋아요,5
카카오톡,아니 나 숏폼에 정상적인 댓글 달았는데 그것때문에 채팅 금지당함,1
카카오톡,"Bealy nicely! Com on new lam! Aligatougojaimasoo! 감사 합니다! 😅🌶🥕🍅🌽🍟🍚🏺🫖 Thankyoo ! 그리고 ~ 또, 뭐유? 잼 나는 앱이네유! What is you a naim?",5
카카오톡,홍민택이 시키드나?,1
카카오톡,최악,1
카카오톡,가끔씩 소식 뜨네. 소식 안뜨게 업뎃 해라,1
카카오톡,카카오 망하기 전인 듯. 이젠 나도 거의 안 쓴다.,1
카카오톡,인증 초과시 해지하는 방법이 없고 24시간 시간소요 불만입니다.,1
카카오톡,쓰레기,1
카카오톡,일하는 분들이 뭔 죄가 있어요 돈이 미친 윗것들이 문제죠. 쓸수록 돈이 집착하는 시스템이 역겹지만 일땜에 씁니다. 얼른 대체 메신저가 생겼으면 좋겠어요..,1
카카오톡,이제 중국발 영상도 나온다고?? 업데이트 절대안해~,1
카카오톡,카카오톡 광고만 늠,1
카카오톡,재가입이 안되요,1
카카오톡,아 알람엔 카톡3개라고써있는데 막상들어가면 2개잖아요;;,1
카카오톡,소식없애라,1
카카오톡,멍청한 사람이 권력을 지니면 얼마나 많은 사람이 피해를 보는지 알수있는 아주 좋은 예시,1
카카오톡,업데이트를 안할수 없게 만들어놨네😞,1
카카오톡,수정기능 업데이트 되고나서 보낸 메세지는 삭제가 안되고 사진만 삭제되네요 1년째 안고쳐지는중,1
카카오톡,카톡이 너무 좋아요?,5
카카오톡,하 보톡 왜 이유없이 팅기는데 하 업데이트 한뒤로 더 장애가 됬네여 뭐하는건지 그냥 어플이 듣보 채팅어플이랑 뭔차이죠?,1
카카오톡,뭐입디까 업데이트 ㅡㅡ? 하 갈수록진짜,1
카카오톡,이해할수 있도록 아래돼서 감사해요,5
카카오톡,알람이 쳐 안 오잖아,5
카카오톡,이상한 업데이트 하는 것도 별 생각 없이 넘겼는데 업데이트 하는 족족 보이스톡 매번 나가지고 답답해 죽겠어요,1
카카오톡,숏폼 종종나 불편해,1
카카오톡,애들이랑 통화하는데 자꾸 렉 걸리고 통화가 자꾸 자동으로 끊어져요,1
카카오톡,업데이트를 안하니 잘 보이던 위치공유가 안보이네???,1
카카오톡,ㄲㅈ 인스타화 작작하세요,2
카카오톡,릴스 좀 없애든가 선택보기로 바꿔주세요. 너무 불편합니다.,1
카카오톡,진짜 별로다 구리다,1
카카오톡,쓰는 이에 집중같은 소리 집어치워라 카카오톡을 인스타 처럼 만든 개발자는 사퇴해라 그리고 자동 업데이트 꺼놨는데 지가 그냥 업데이트 하는건 뭐냐? 내가 남의 사진을 대문짝만하게 봐가면서까지 카톡을 써야 하나 싶음 누가 이걸 메신저 앱이라고 함? 이건 인스타그램 따라한 짭스타그램에 불과함. 그리고 피드 없앤다고 해서 봤더니 소식 탭으로 분리한다네? 카카오톡은 초심을 잃었나? 업데이트 전부터 광고 끼워넣더니 이젠 광고가 덕지덕지 프로필 넘기고 뭐 하다보면 어느새 광고를 5개쯤 봤을거임. 심지어 별점 1점 중국산 양산형 게임보다 낮은 별점을 자랑하는 카카오톡... 한메일 때도 비슷하게 가다가 망한 걸로 아는데 카톡도 그 길을 걷는중임 아주그냥 가관이다 가관 이럴거면 인스타를 쓰겠다! 그리고 이번엔 공감 이모티콘 추가 및 최대 30개? 뭐 장난치는거임? 각기 다른 감정으로 30번이나 공감할 일이 있다고 생각함?도대체 누구 의견인지 궁금함.,1
카카오톡,예전이 훨 나았음,1
카카오톡,카톡 기본이모티콘 미니로 만든건 이해하는데 왤케 못생겨졌냐? 눈 없어요? 센스 없어요?,3
카카오톡,잘 사용 못하고 있습니다,1
카카오톡,걍 메신저앱 초심 지켜라,1
카카오톡,진짜 짜증남..,1
카카오톡,업뎃안하려고 자동업뎃안되게 해놓고 혹시 잘못누를까 조바심갖고 사용합니다 쓰면쓸수록 업뎃해야볼수있다는 상황이 자주펼쳐지네요 기존대로 빠른복구바랍니다!!!!,1
카카오톡,좋네요 키톡 업데이트,5
카카오톡,카카오톡 이모티콘 사기 전에 채팅창으로 미리 사용해 볼 수 있는 기능 어디 갔나요?,1
카카오톡,왜 별 0개는 안되죠?,1
카카오톡,업뎃 안하면 스티커도 안보이네 ㅋㅋㅋㅋ 졸렬하다 진짜,1
카카오톡,광고의 늪에 빠져버린 머기업 야후와 라이코스의 절차를 밟고있다. 20년에 작성한 뒤 6년이 지났다. 이제 슬슬 없어지면 좋겠지 싶다,1
카카오톡,소식탭 숨기기를 만들거나 삭제해라,1
카카오톡,한국인 필수앱,1
카카오톡,카톡은 기기마다 중복 로그인이 되지않는데 이에 관한 제대로 된 사전안내가 없어서 결국 그 동안의 대화 데이터가 초기화되는 피해를 입었습니다. 솔직히 카톡은 백업기능이 부실하거나 돈을 써야 그나마 제대로 백업이 될 정도로 문제가 많은거 같습니다.,1
카카오톡,질린다,1
카카오톡,최악. 업데이트 방향이 누굴 위한건지 모르겠음.,1
카카오톡,쉰내나는 인스타,1
카카오톡,제발 옛날로 돌아와... 프사 사진 수정하기 왜 안되는데... 그리고 업데이트 상단에 안뜨게 좀 해줘 제발..,1
카카오톡,제발 원시로 돌아가주세요 인스타도 안하는데 왜 이딴 기능들을 이건 고문이에요.. 숏폼도 왜 들어간거죠 카톡이랑 1도 상관없는데 진심 이해가 안갑니다 젊은사람은 다 이딴거 좋아하는 줄 아나,1
카카오톡,망해간다~인스 따라하지말고 기본에 충실해라,1
카카오톡,"해외 전화번호를 이용하고 있을때와 한국 전화번호를 이용하고 있을때의 카카오톡 버젼이 다릅니다. 사용할 수 있는 기능도, 플러스 친구도 다릅니다. 해외러가 불편함을 느끼는게 없지않아 있네요:(",3
카카오톡,불편한 업데이트를 자꾸하네,1
카카오톡,메신저 독점의 폐해,1
카카오톡,앺안되는지 5일지났는데 애로사항이 전혀 해결안됨,1
카카오톡,자잘한거 업데이트 하지 말고 롤백이나 좀 합시다,1
카카오톡,아씨 업뎃을 어떻게 하길래 불편함만 늘어나요? 친구 소식이나 쇼츠 안보고싶은데 어거지로 그쪽 창 먼저 뜨는건 뭐고 친구 검색하면 왜 그 친구 대화창이 먼저 안떠요?? 검색했을때 최신 대화순이 아니라 그 친구 채팅창이 먼저 떠야 맞는거 아닌가 왜 자꾸 불편하고 쓰기 힘들게 업뎃해요? 장난해요? 기획자 나와봐요,1
카카오톡,아니 한두번도 아니고 한번 설정이 초기화가 되면 싹다 원래대로 다시 복구해야함. 그러니 나도 더이상 못참고 1점행렬(?)에 동참합니다.,1
카카오톡,안읽은 탭 좀 없애요 대화창 내리는데 자꾸 옆으로 넘어감 쓸데없는 기능 개많음 왜이러는 거에요 자꾸 이딴 식이니까 주식도 그모양이지,1
카카오톡,강제로 업데이트를 하는게 말이 되나 기분 더럽네 쇼츠 차단 기능 넣으라고,1
카카오톡,소식 삭제하시라고요 은근슬쩍 친구에서 소식이 강제로 보이도록 설정해 놓은거 너무 역겨움 유저로 장난질치는 기업은 꼭 망했으면,1
카카오톡,송금한 이력 어디서보는건가요 카카오페이쪽 기능은 많은데 너무 복잡하고 보기 어렵습니더 특별한친구랑 생일인친구 전처럼 숨길수있게해주세요,5
카카오톡,업데이트 할수록 앱이 개판이 됨.,1
카카오톡,오픈채팅 팠을 때 방 안 보이는 오류 좀 고쳐,1
카카오톡,점점 국민 카카오가 어쩔수없이 사용하게되는 앱이 되어가네요. 사용하면서 욕나오게되는 카카오. 주식이 왜 이렇게 됐는지 초심으로가서 보세요.,1
카카오톡,어제 업데이트 이후 잘 뜨던 친구가 갑자기 연락처랑 동기화된게 아닌 그냥 ID로 친구추가한 사람처럼 통화누를시 번호도 떠야하는데 안뜨고 일부 몇 사람만 그렇게 표기됨. PC랑 모바일 둘 다 서로 다르게 엉뚱하게 친구 프로필들이 달라짐. 왜 이따위로 업데트를 하는거임?,1
카카오톡,겸허히 받아들이세요,1
카카오톡,너무번거롭고 불편해요,2
카카오톡,6월 16일 화요일에 서랍기능 업데이트가 되었네요 너무 좋아요 ^^,5
카카오톡,업데이트 프로필이 자꾸 흘러가길래 고정시키고 싶어서 봤더니 친구 검색해서 보면 다른 버전이네요? 이상한걸 왜 자꾸 끼워넣으시는거죠,1
카카오톡,절!대! 업뎃안한다,1
카카오톡,친구 추천 기능 끄면 안보이게 해주세요. 왜 줄줄이 보이나요 참 나... ㅡㅡ;; 진짜 다른 앱 안나오는지.,1
카카오톡,자꾸 원하지도 않는 친구소식탭과 숏폼으로 자동으로 들어가게 되는데 이거 나오지 않게 못하나요?,1
카카오톡,특별한친구 좀 없애주세요 진짜 이상한것만 생기냐 햐,1
카카오톡,신경쓰여서 업데이트를 못하겠음 ㅠㅠ,1
카카오톡,제발 이게 망하고 라인의 시대가 왔으면,1
카카오톡,제발 리액션 원래대로 돌려주세요.. 임티는 이미 알아서 잘 쓰고 있고 빠르게 답하려고 리액션 쓰는 건데 디자인도 다 바뀌고 가지수도 많아지니 더 불편합니다. 게다가 리액션 단 사람이 이젠 한눈에 안보이고 탭을 계속 바꿔 눌러가며 확인해야 해서 불편해요. 점점 기능이 퇴보하면 어쩌자는 거에요..,1
카카오톡,업데이트 하라고 뜨고 나서 태블릿에서 아예 사용이 안되는데 왜그런거죠? 뭘 쓰게 해놓고 쓰라고 해야지,1
카카오톡,카카오톡 때문에 탭을박꿔야하나 이건 아니라고 본다,1
카카오톡,쓰레기,1
카카오톡,아 나 진짜 개짜증나네 톡할일없는데 겜때문에 이용하는데 톡이 만료됐다나 삭제하고 재설치했는데 그 메세지가 왜 자꾸 뜨는데??? 뭐 이따구 업뎃이 있냐구?????????,1
카카오톡,그 누구보다 돈미새. 이제 PC판 업데이트 하면 배너 팝업 광고 다시나오네 ㅎㅎ,1
카카오톡,정말 최악의 어플로 거듭나고있음,1
카카오톡,업데이트가 안돼요 ㅜㅡㅠ,1
카카오톡,뱁새가 황새 따라가면 가랑이 찢어진다.,1
카카오톡,감다뒤..,1
카카오톡,갈수록 불편하게 만드는앱,1
카카오톡,로그인이 안되요...,1
카카오톡,업댓하고 알림이 울리지 않아요 제발 좀 빨리 고쳐주세요!!!!!,1
카카오톡,0.1점 주는게 없어서 1점 드립니다^^,1
카카오톡,얘네 또 은근슬쩍 숏폼으로 먼저 가지는 기능켜놨음 말 다함,1
카카오톡,알림 숫자 뱃지가 이상함 2개 왔는데도 3이라고 떠있고 걍 지멋대로임;;;,1
카카오톡,아니 오픈채팅방 예약메시지 이용할수 있게 조취 취해주세요,1
카카오톡,원치않는 알림톡 짜증나요 처음부터 거부할 수 없고 받은후에 차단하는 방식 강매와 다를바 없습니다,1
카카오톡,결국 업데이트가 되어버렸어,1
카카오톡,"새로운거 만들지말고 ㅇ - 친구가 올린 사진을 안볼수있게 바꿔주세요. - 오픈 채팅, 게임 이 둘 다 없애주세요",1
카카오톡,업데이트 최악입니다. 삭제할수 없어서 지우지는 않았지만 사용하고 싶지않네요.,1
카카오톡,26.5.19) 지금도 업뎃 안 하는 중 ㅋㅋㅋㅋ 앞으로도 안 할 거고 백날천날 앱 안에서 업뎃 메시지 띄워도 안 누름,1
카카오톡,숏폼 제발 없애주고 감정표현 못보게 하는걸로 기싸움 할 줄은 몰랐다,1
카카오톡,카카오톡 나의 낙이 됩니다,5
카카오톡,사용해주는 거에 감사해하세요.,1
카카오톡,최악입니다.,1
카카오톡,절대색감 제한시간 5초로 늘려라 3초로 하니까 그냥 미친 운빨 게임이잖아 색감 구별하는 게 아니라,1
카카오톡,"어차피 작년에 내 폰에 업뎃된거 되돌릴수도 없고,, 그냥 앞으로 마음껏 새롭게 시켜라. 카톡 주가는 카톡 평점처럼 쭉쭉 떨어질듯. 몇년 후엔 한시절 풍미했던 어플로 남을거고 이 평은 성지글이 되겠지.",1
카카오톡,프로필 누르면 스토리 같이 뜨는거 진짜 별로네요 ...,1
카카오톡,쓰지마십쇼,1
카카오톡,좀 쓸데없는 업뎃좀 하지마세요;;;;,1
카카오톡,원래대로 돌려놔라!,1
카카오톡,옛날 카톡으로 돌려주세요 인스타 따라하지마시구여 진짜 불편합니다 이럴거면 디엠으로 연락하지,1
카카오톡,구려용,1
카카오톡,업데이트되고 보기 싫은것을 보게 됨,1
카카오톡,채팅방 상단 고정 20개 추가 하시오,1
카카오톡,쇼츠 등 너무 싫음.,1
카카오톡,good,5
카카오톡,또 은근슬쩍 소식탭이랑 숏폼탭으로 바뀌게 해놨네? 업데이트 하면서 장난질 하지마라 진심 개짜증나니까ㅡㅡ,1
카카오톡,그 이후로 야금야금 점점 이상하게 만들어간다,1
카카오톡,카카오톡 오픈채팅.. 포스트가 안되욧..,3
카카오톡,연락도 잘안되고 대화내용 삭제된거 복원도 안되고 다른기계에 한번 로그인한번했다고 전에 대화내용 전부 삭제됨,1
카카오톡,돌려놔라,1
카카오톡,업데이트후 너무 느려졌어요,1
카카오톡,"아니 자꾸 보톡, 페톡 할때마다 1분 59초때 나가지고, 마이크 울리고, 내 목소리나 상대방 목소리가 엄청 작게 들리고, 아니면 엄청 크게 들린다거나. 아무튼 너무 오류가 많음",1
카카오톡,1개도 아깝다,1
카카오톡,편리하고 좋아요,4
카카오톡,오픈채팅방 탭 눌렀을 때 자동으로 숏폼으로 안넘어가게 해주세요. 아 진짜 짜증남.....숏폼 뜨는거 진짜 싫다고요. 보고싶은 사람만 보게 하라고요. 채팅 목록으로 해두고 껐는데 왜 다시 켜면 자동으로 숏폼으로 넘어가 있냐고요.,1
카카오톡,렉이 심하잖아요!,1
카카오톡,"여러분! 절대 카카오톡 업데이트 하지 마세요! 유저를 마루타로 보는 홍M택인가 뭔가 책임자가 역대급 ㄸㄹㅇ라서 그런지 우리 유저들 민원을 안 읽어요! 역시 숏폼쿠데타! ㅉㅉ (여기부터 2025년 직후 요청사항→)숏폼 강제 재생 기능을 없앴으면 싶다. 안 되겠으면 댓글에는 혐오 댓글을 AI가 자동으로 없애주는 기능을 적용하던지. 정말 카카오톡이라는 어플의 특성상 유-초등학생의 어린아이들부터 사용하는데 재생하는 영상들에 달리는 혐오댓글은 생각 안 해봤나, 카카오? 반강제적으로 보는 것도 힘든데 댓글들 더러워서 이런거 제재도 방치하다시피 하는 카카오에 의구심마저 든다. 1점이란, 0점을 매기지 못해 마저 주는 점수를 의미한다. '전 우주 통신규약'을 꿈꾼다면서? 임원들따라 그 밑의 직원들도 그때의 초심을 잃었나보다. 유튜브 틱톡따라서 하는 취지에 따른 문제점은 생각을 아예 고려 안 하나? 혹시 뱁새가 황새 따라가다 어떻게 되는지 속담에 관한 감들이 전혀 부재하는건가?",1
카카오톡,사진 올리기 너무 좋아요~~~,4
카카오톡,리액션 겁나 촌스럽고 구려요 예전처럼 깔끔하고 간단한게 좋아요 1점도 아까워요,1
카카오톡,대한민국 최악의 애플리케이션,1
카카오톡,불필요한 업데이트 유도,1
카카오톡,업데이트 할 때마다 기존에 사용하던 것보다 더 불편해지는 게 많은 거 같아요.ㅡㅡ,1
카카오톡,수정해줘서 고맙습니다 그나마 편해짐,5
카카오톡,보이스톡에서 스피커폰이 기본으로 켜지네요? 수화부가 아니라,1
카카오톡,채팅방을 삭제할 때 일괄 삭제 기능이 생겼으면 좋겠습니다.,5
카카오톡,사람들말은 안듣고그냥개무신가? 업뎃해도 점점더구려지는 신기한현상,1
카카오톡,친구목록 돌아온 건 좋은데 추천친구 숨기는거랑 채널 숨기는건 어디로 사라짐???? 원래 나를 추천 하지 않는 설정에 다른 사람을 나한테 추천 안하는 것도 있었는데 그 내용이 쏙 사라졌네 그리고 플러스채널은 왜 친구탭으로 옮겨진건가요?,1
카카오톡,언제다시 예전카톡으로 돌려놓나요?,1
카카오톡,하기싫은걸 억지로 하게하고 보기싫은걸 억지로 보게 하네요.광고로 도배된 뉴스사이트 처럼 최악이군요.,1
카카오톡,사용자 편의가 아니고 회사 이익으로 운영하는 메신저이다. 어쩔수없이 사용하지만 대체로 괜찮은 메신저가 나온다면 바로 탈퇴한다,1
카카오톡,오픈채팅 탭으로 이동할때 왜 랜덤으로 숏폼탭이 맘대로 열리나요? 너무너무 불편합니다.,1
카카오톡,생일알림 빼주세요 제발,1
카카오톡,"별 한개도 아깝다.. 개발자 월급도 진짜 아깝다, 내돈 아니지만 .. 먼 생각으로 업뎃을 한거지. .?",1
카카오톡,이미 메신저 역할 잃은지 오래됨,1
카카오톡,편의성 최악이고 영상은 왜넣은지 모르겠음 친구창도 친구창만 고정으로 제발 해줬으면 좋겠음 피드 보기 싫음,1
카카오톡,광고 좋아하다가 망할듯,1
카카오톡,생일 숨기는 기능도 없애고 소식탭도 계속 뜨게 하고 뭐하자는거지?,1
카카오톡,이제 다른 앱으로 갈아 타야 될 때가 되었구나 싶다,1
카카오톡,"프로필&배경 사진에도 펑 게시물처럼 친구에게 공감 표정 누르기+게시물 소식 새로고침 하면 최근 것부터 올라오게 해주시고, 디데이 편집 카테고리->출근 넣어주세요. 계약직/정규직 카테고리도 구분 하셔서 넣어주시면 감사하겠습니다.(계약직->계약만료 날짜 쓸 수 있게 해주세요.) 카테고리 일정 반복 구분 할 때 없음, 일주일 5일 반복(주말, 공휴일/대체공휴일 제외)로 바꿔주시면 매우 감사하겠습니다. 그리고 톡클라우드 기능 2TB 매월 빼고 그냥 10,000원 이렇게 해주시면 안될까요?",3
카카오톡,업데이트 안하려고 모든 방법을 동원했는데... 핸드폰 바꾸니 방법이 없네요. 카카오페이 개인정보도 알리에 넘어갔다고 하던데.. 참 문제가 많은 회사입니다. 😮‍💨,1
카카오톡,카카오 개발자들 전화번호부에는 친한 친구만 등록되어 있나요?? 보기 싫은 사람도 전화번호에 등록되어 있다는 걸 모를까?,1
카카오톡,업데이트 같지도 않은 업데이트 적당히해라,1
카카오톡,0점을 선택할 수 없는게 안타까움,1
카카오톡,바로깔꿈하게 되서 좋았는데 또 성질 나게 바끰,1
카카오톡,"더이상 쓰고 싶지 않은 앱. 이제는 다른 대안책을 찾아갈때가 되었군요. 나는 메신저를 원했지 이런걸 원하지 않았어요. 사용자가 업데이트를 의도적으로 막야아 한다는 게 말이 되는가요? ""쓰는 이에 집중. 쓰기 좋게 맞춤???"" 하하...",1
카카오톡,숏폼 진짜 짜증난다,1
카카오톡,남에 사생활 보고 싶지 않다는데 왜 자꾸 보이게 하는거야?,1
카카오톡,감자서버,1
카카오톡,회사땜에 어쩔수 없이 쓰는 쓰레기,1
카카오톡,업데이트 이후 느려지고 복잡하고,1
카카오톡,너어어무불편하다 쓸데없는거빼라좀,1
카카오톡,라인으로 갈아타자 이제,1
카카오톡,난 소식 안궁금하다. 소식 첫페이지로 가게 하지마라 짜증난다.,1
카카오톡,갈수록 별로에요,1
카카오톡,국민 메신저에서 이상한 잡기능 많아지고 광고겁나 많고 뭘 팔기에만 집중함,1
카카오톡,어쩔수없이 업데이트 했다 야발,1
카카오톡,메신져에 숏폼이라니. 게다가 관심없는 사람들 일상까지 대문짝만하게. 점점 쓰레기장으로 바뀌네.,1
카카오톡,더럽고 무거운 장삿속 앱으로 전락,1
카카오톡,"판매자 등의 채널과 대화시 프로필 변경 기능 혹은 기본으로 기본이미지 뜨는 기능을 만들어주세요. 생판 모르는 판매자에게 내 프사 다 보여주고 싶지 않은데, 불편하네요.",1
카카오톡,업데이트후 최악. 안쓰고 싶지만 대안이 없어 그냥 놔둠..별점 빵점은 왜 없나요,1
카카오톡,옛날로 가자---,1
카카오톡,한개도 아깝다...진심...,1
카카오톡,이건 좀....;,1
카카오톡,쓸데없는 기능 자꾸 집어넣지 말라니까 자꾸 넣으시네,1
카카오톡,별이 한개도 아깝네 이게 메신저인지 상업을 위한 SNS인지 이제는 도저히 모르겠음 옛날 UI의 카톡 비슷한 어플 생기면 바로 갈아타고싶은데 하도 안나오니까 걍 내가 만들어버리고 말지 에휴,1
카카오톡,업데이트 안하면 못 보는 메세지가 오기 시작했다,1
카카오톡,카톡은 메신저 일까 아니면 잡탕일까? 오픈하면 이상한 숏폼 나오지 아니면 광고 나오지 단체 채팅 쓴다지만... 그것도 광고 아니면 전혀 모르는 곳이 열려있지. 그냥 뭐랄까 맛도 없고 특별한것도 없는 시궁창 잡탕밥 같다.,1
카카오톡,"숏폼 등 매출 위해서 도입하는거까진 좋은데 대신 오픈채팅을 첫 페이지로 열수있도록 설정할 수 있게만 해줘요...친구 목록에 소식도 마찬가지구요... 숏폼 보고싶지않은데 자꾸 보이고 친구목록 먼저보고싶은데 소식으로 뜨고... 기능 살리고싶으면 유지하되 사용자가 설정할수있도록 기능추가만 해줘요. 솔직히 소식으로 내 사진 대문짝만하게 뜨는것도 안하고싶고, 좋아요는 더 싫어요ㅠ 할거면...제발 선택할수있게라도 해줘요....왜 다들 불만이라는데 무시하는겁니까~~",1
카카오톡,사용자를 우선시 안하는 앱,1
카카오톡,쓸데없는거 그만 업데이트하고 pc버전이나 좀 업데이트해라 맨날 로그인 안되서 계속 켰다껐다하는데,1
카카오톡,난 절대 업뎃 안해 홍민기야,1
카카오톡,제발 숏츠좀 없애주세요,4
카카오톡,절래절래.....,1
카카오톡,와 ㅋㅋ 저번에 카카오톡 메인바꿀때부터 맘에안드는건 알았는데 이젠 폰바꾸려니까 그거 데이터백업도 구독을 무조건 받게하네 ㅋㅋㅋㅋ 사진이랑 영상 눈물머금고 다지웠는데 그 남은 메시지들조차 용량없다고 무료백업안해준단다 ㅋㅋㅋ ㅡㅡㅡㅡㅡㅡㅡㅡㅡㅡㅡㅡ 업데이트 적당히좀 하시고 버튼이나 기능좀 적당히 만드세요제발 ㅋㅋ 이렇게 사람들이 1점리뷰라도 달아줄때 그만해야지 나중에 탈퇴릴레이같은거 시작되면 회사 망하는거 순식간입니다 마지막 정 있을때 돌아오세요 ^^,1
카카오톡,불편해서 이제 들어가기도 싫음,1
카카오톡,광고에 지멋대로 탭 돌아가는거에...,1
카카오톡,진짜 점점 무거워지는거 너무 싫다. 인스타처럼 SNS화 하고있음,1
카카오톡,카카오톡 재시작하면 숏폼이 먼저 뜨게 잠수함 패치하셨네요? 그놈의 숏폼좀 먼저 안뜨게 해주세요.,1
카카오톡,왜 보기 싫은 사진들을 먼저 보게 하는지...탈카카오톡 운동 일어났으면 좋겠다.다 같이 이사가자!,1
카카오톡,메신저로 가면 안될까요,1
카카오톡,"걍 쇼핑몰을 하세요!!! 채팅목록 하나 보는데도 내가 추가 하지도 않은 채널들 광고가 계속 올라와 있고, 강제라서 광고차단도 안되고 일일이 삭제해얀다고 하시니, 걍 쇼핑몰에 메신저기능 추가했다고 보는게 맞겠죠..",1
카카오톡,업데이트 후 최악,1
카카오톡,"어쨌든 친구창 sns를 안 볼 수 있게 했으니 별을 돌려주지만.. 가끔 멋대로 ""소식"" 창으로 넘어가는 것도 막아주시죠. 없애면 더 좋고.",3
카카오톡,카톡이 잘안열려요 업뎃 거부했다고 그러는건가요?,1
카카오톡,왜 자꾸 지저분하게 만드냐구,1
카카오톡,메신저 기능에 충실하자. 제발,1
카카오톡,최악,1
카카오톡,"업데이트 이후 소식칸으로 자동으로 고정이라 친구 생일을 놓쳐버렸네요, 정말 고마워요 카카오톡",1
카카오톡,사용불편,1
카카오톡,업데이트할 때마다 편의성은 줄고 피로감만 늘어납니다. ★☆☆☆☆😮‍💨,1
카카오톡,점점.. 이상하게 바뀌네요~,1
카카오톡,친구 소식 강제로 보여주는거 진짜 최악이다,1
카카오톡,업데이트마다 점점 안 좋아지는데 이걸 아직도 모른다고?,1
카카오톡,이제는 친구프사누르면 광고가나오네? 진짜 업데이트하면 할수록 구려지네ㅎㅎ,1
카카오톡,업데이트 된 후 최악.,1
카카오톡,메세지 볼려고 앱열면 메세지는 안나오고 광고부터 튀어나오네 써글....게다가 광고 메세지는 쉬지도않고 하루에 수십통씩 날아와...,1
카카오톡,사용자와 기싸움 그만...,1
카카오톡,선점 아니었음 진작망함,1
카카오톡,"광고 생기고, 메신저에 쓸데없는 정보 노출이 많다",1
카카오톡,"다른 앱은 다 업데이트 하는데, 이 앱 만은 불쾌한 기능 때문에, 유일하게 업데이트를 거부하고 있었고, 해당 기능이 구현되기 직전의 구버전을 아예 백업할 정도다. 문제는 최소 버전 요구 때문에 언젠가는 업데이트를 해야 된다는 사실. 그래서 애드가드랑 같이 써야 하는...",1
카카오톡,불편해지고 너무 정신이 없음,1
카카오톡,숏폼이 첫화면으로 바뀌는 빈도도 많아져서 거부감이 상당하고 불쾌함. 업데이트이후로 파일이나 사진전송도 가끔 안되는느낌,1
카카오톡,인스타 따라하려고 애쓰는 거 알겠고 돌려놓으세요,1
카카오톡,보고싶지 않은것까지 뜨니까 피곤해요~업데이트하기 싫어요~~,1
카카오톡,메신저가 아님,1
카카오톡,카톡은 애시당초 메신저 앱 아니던가요?? 그럼 메신저 앱으로서의 본분을 다하세요 괜히 인스타그램 같은 sns 따라하지말고,1
카카오톡,원치않는 화면으로 자주 바뀌어서 손이 여러번감.,1
카카오톡,업데이트될수록 불편합니다 주변 지인과 가족들이 안쓰기 시작했어요,1
카카오톡,너무 불편해요. 원치않는 친구들 소식 댓글 보이는 것도 피로하고.. 쓰레기같은 숏폼이 자꾸 보이는 것도 짜증남.. 다 같이 그냥 왓츠앱같은갈로 옮겨타면 좋겠네요.,1
카카오톡,갈수록 별로다,1
카카오톡,할일없어면 그냥 놀아 밥값하느라 쓰잘데기 없는 기능들 추가하기말고 초창기로 돌려놓고,1
카카오톡,숏폼 삭제 문의 했을때 담당부서한테 전달하겠다 하고 끝인가요? 개선 의지도 없고 우리는 할테니 너네는 그냥 써라 이건가요? 0점도 아까운 어플 직장에서 쓰니 어쩔수 없이 쓰고 있지만 진짜 최악의 메신저예요,1
카카오톡,진심으로 라인으로 갈아타기 사회운동 같은 거 했음 좋겠습니다.,1
카카오톡,초심을 잃은듯..국민을 상대로 돈 벌 생각만하는거같음 업데이트 할때마다 불편함만 늘음,1
카카오톡,별 반개도 아깝다.단순 메신저임을 잊지말것.,1
카카오톡,쓸때없는 기능좀 없애라 필요도 없고 귀찮은 기능 왜 넣는지.. 기본에 충실해줘,1
카카오톡,진짜 최악임 -- 그동안 업뎃안하고 잘만 버터졌는데 새벽에 뜬금없이 업뎃되버리고 아오 이게 카톡인지 인별인지;왜 스토리가 올라가고 하트누르는건 왜 만든건지 거기다가 숏폼 진짜 ㅋㅋㅋ이봐요 여긴 카톡이지 유투브나 인별이 아닙니다 렉은 렉대로 오지게 걸리고 보이스톡 내용도 왜 따로 남기게 뜨나요 진심 쳇방 여러개 있는것도 모잘라 보이스톡까지 내용남으니 진심..이게 뭔 밸런스인지..되돌리지 못할거면 더 난잡하게 업뎃 하지마여,1
카카오톡,정신차려야지.,1
카카오톡,조용한 채팅방을 채팅방 맨 아래로 가도록 해주시면 좋을 것 같습니다. 해제해도 상단고정 아래에 위치하도록 하면 더 좋을 것 같다는 생각....,4
카카오톡,갈수록 엉망이 되는 메신저,1
카카오톡,유저들 점점 기분 나쁘게 만들면서 돈 버는 나쁜 앱이 되었네. 어쩔 수 없이 쓰지만 장기적으로 망할 듯.,1
카카오톡,아직도 정신 못차린듯,1
카카오톡,너무 어지러움,1
카카오톡,광고판임 짜증... 카카오에서 메신저의 기능만 충실하고 약간 고객관련 센스있는 메신저앱이 나오면 바꾸고싶다.,1
카카오톡,"업데이트를 시도때도없이, 잠수함으로 막 바꿔놓으니 기능 숙지도 안되고 너무 심하다.",1
카카오톡,남의 사진이 왜 뜨죠?! 불쾌하고 않좋네요 빨리바꿔 주시길,1
카카오톡,기싸움,1
카카오톡,아우진짜 자동업데이트꺼놧는데 도대체 왜자꾸초기화돼서 알람설정을자꾸수정하게하는건지 지금몇번째인건지 최근들어 4.5번은한거같네여 진짜왜이러는거야 가만히나잇으면 기본이나하지 아오진짜,1
카카오톡,"친구 목록에 회사, 친구, 가족 이런식으로 목록을 정리해서 볼 수 있는 폴더가 있으면 좋겠습니다.",5
카카오톡,오늘 아침에 또 '소식' 에 재수없는 인간 대문짝 만하게 보여서 기분 더럽네..... 가장 쓰기 싫은어플 어쩔수 없이 쓰고있다,1
카카오톡,원하지 않는 게시물 게시 반대 합니다,1
카카오톡,의문의 경우,5
카카오톡,보기싫은 친구 프로필이 계속 우선으로떠서 빡쳐요. 지우고싶어요. 예약메시지 바로 보내려고해도 보내는 기능을 찾을 수 없어요,1
카카오톡,굿-조아요--,5
카카오톡,친구창 가지고 기싸움 오지네,1
카카오톡,예전 처람 좀 생일 노출 좀 안되게 해라..징글징글하다,1
카카오톡,아니 왜 보이스톡중에 음악앱 재생이 안되요 원래 됐었잖아요 제발 방법좀 알려주세요 진짜 서비스;;,1
카카오톡,왜 별은 1개가 가장 낮은가? 국민앱이란 타이틀이 아깝다. sns기능과 숏폼기능넣은 최악의 메신저엡,1
카카오톡,돈벌레가 들어와서 다 죠져놨네,1
카카오톡,해외 데이터 로밍을 한 뒤로 보이스톡 도중 소리 조절 안되는 현상이 생겼습니다 그리고 몇분이내에 보이스톡이 끊겨버리네요,1
카카오톡,별 그지같은..에휴..,1
카카오톡,왜 자꾸 업데이트를 이렇게 하는지 이해가 안되네;; 왜 매번 불편한걸 만들어놓는거지,1
카카오톡,친구 소식 관심도 없고 안보고싶으니까 삭제좀 쳐하라고,1
카카오톡,업뎃 인질잡지마라,1
카카오톡,아주 편리함,5
카카오톡,개선해주세요,1
카카오톡,쓰기ㅋㅋㅋㅋ좋게ㅋㅋㅋㅋㅋㅋㅋ 맞춤ㅋㅋㅋㅋㅋㅋㅋㅋㅋㅋㅋㅋㅋㅋㅋㅋㅋㅋㅋㅋㅋㅋㅋㅋㅋㅋㅋㅋㅋㅋㅋㅋ 진짜 ㄹㅈㄷ 무능한 대가리때문에 앱이 이렇게까지 망가져야하냐ㅋㅋ,1
카카오톡,사업부 섬에 박은이유가 이거였나.....,1
카카오톡,이상하게 바꼈네. 인스타 따라하나.. 난 인스타도 안좋아해,1
카카오톡,인스타나 이거나 무슨차이인지 모르겟어요 숏폼에 광고에유투브랑 인스타랑 너무너무싫어요 탈퇴할거임,1
카카오톡,no good~ 수개월째 update가 안됨,1
카카오톡,탭에서 로그인 반응이 없어요. 로그인을 눌러도 아무 반응이 없어요. 계속 최신버전인데 최신버전이 아니라고 해서 제거 후 로그인했는데 안됩니다.,1
카카오톡,진짜 이악물고 업뎃 안하는 내가 승리자다. 니들이 인스타냐?,1
카카오톡,너무편리해서 매일매일 애용합니다.,5
카카오톡,숏폼 강제로 뜨고 추천 친구 허용 안했는데 추천 친구도 뜨고 최악의 앱. 억지로 쓰는 중,1
카카오톡,음성 메세지 시간을 더 늘려주세요 5분은 너무 부족하네요,1
카카오톡,남의 프사 클릭한번했다가 인스타스토리처럼 떠서 완전 놀람.. 추구미가 인스타인가?,3
카카오톡,인스타 따라하기 그만하면 안됩니까?,1
카카오톡,옾프 왤케 적나요 옾프 5개로 늘리면 좋을텐데,1
카카오톡,"보이스톡,페이스톡이계속튕겨나가요",1
카카오톡,최악,1
카카오톡,"리액션 때문에 업데이트했는데 쓸데없는 리액션들이 필요 이상으로 많고, 무엇보다 기존 리액션도 못생겨졌어요. 뭔가 흐릿한 느낌. 갯수 열 댓 개로 줄이고 예전처럼 또렷하게 안 되나요? 리액션 볼 때마다 맘에 안 드네요.",3
카카오톡,에라이 칵 퉷,1
카카오톡,쓰고 있었는데 왜 자기 마음대로 로그아웃되고 기록은 3일전까지 대화 있었던 것들만 남고 다 지워지나요? 카톡 화면을 켜두고 건들이고 있지 않았던 상태였는데요. 다른 기기에서 로그인 됐다는데 로그인 기록도 아무것도 없는데 뭐가 문제인가요? 로그아웃되면 왜 대화 내역 사라지나요?,1
카카오톡,채팅방 목록사이에 강제광고는 진짜 선넘네ㅋㅋ사람이길 포기했구나 이제,1
카카오톡,달려라 달려,1
카카오톡,완전 똥을 만들어 놨네.. 별 한개도 아깝다!!!,1
카카오톡,업데이트 안하면 카카오맵 공유가 안되늗군요?ㅎㅎ,1
카카오톡,요즘들어서는광고때문에 별로에요 별 하나도 아까워요 필요하지광고가 너무많아 정말짜증납니다 해결방법 없을까요?,1
카카오톡,나는 아직도 업데이트 안했다 버전 25.7.3임. 내가 승자,1
카카오톡,카카오페이 내 정보를 중국 알리페이에 넘긴 핀중기업~!! 이딴것은 빨리 망해버려야됨~ 난 카톡.카맵 카페이등등 다 탈퇘함,1
카카오톡,최고 앱,5
카카오톡,송금 했는데 왜 자꾸 송금했다고 안뜨죠? 상대방이 나한테 송금했으면 송금받기 버튼이 떠야하는데 계속 안뜨네 ㅋㅋ 장난하는 것도 아니고,1
카카오톡,야이 홍민택 날강도야,1
카카오톡,잘 사용하고 있어요.,4
카카오톡,대화 검색하면 튕기는 현상 고쳐줘요!!!!!!!!,1
카카오톡,ㅋ 이제는 광고뜨네,1
카카오톡,카카오톡 사용하기에 좋아요,5
카카오톡,보이스톡하는데 자꾸 튕깁니다;;,1
카카오톡,어떻게하나요,5
카카오톡,톡서랍 서비스 강재로 업데이트 안하면 못쓰게 해두었네. 진짜 너무하네 업데이트 없이 예전상태로 쓰고있었는데,1
카카오톡,잠고로 편리하 네요,5
카카오톡,그냥 망했어요 ㅇㅇ,1
카카오톡,숏폼 삭제 하거나 다른 데로 옮겨 주세요 진짜 마음에 안 듭니다. 옾챗이랑 숏폼이랑 뭐가 연관이 있어서 같이 묶어두는 거죠.,1
카카오톡,"3일 후 지나서 자동삭제 하는 건 누구의견이냐? 이런건 공지해줘야지, 왜 이딴거 만듬?",1
카카오톡,"노트북에 깔아 사용하던 카톡이 어제부터 실행이 안되어서 인터넷상에서 다시 다운받아야할것같아, 다운로드무료설치가 보이길래, 다운을 시도하다가 '휴대폰가족보호안내'라는것이 나오더니, '유료부가서비스에 가입되셨습니다'(주,데이터유니버스)라고 떴고=> 이건 어디가서 해지를 해야하는겁니까? /// 사기당한것같아서, 카톡 홈페이지로 들어와서 무료다운을 또 받는 과정중에, "" 구매가 완료되었습니다. ""라고 또 뜨는데... 이건 또 뭡니까? 왜, 나의 의지와 상관없이 자동적으로 '구매완료'를 해버리는지요? 이건 어디가서 해지를 해야하는건지 알려주시면 감사하겠습니다. 노트북에 카톡을 무료로 다운받으려고하다가 두군데서나 '구매가 완료'되었다고하니까... 아침부터 사기당한것같아 불쾌하고, 유료를 해서 돈을 벌고싶으면 당당하게 유료서비스라고 하고 고객들에게 돈을 갖고가야지, 무료라고 했다가 인증과정에서 '구매가 완료'되었다고 하면 이것이 사기가 아니고 뭔지요? 무료로 다운받기위해서 1시간 이상을 소요됨",1
카카오톡,조금 인스타 같긴 하지만 친구 게시물에 좋아요. 누르는 재미 때문에 아주 잘 사용하고 있어요.,5
카카오톡,이 망할 놈들아 계정도 처 못바꾸게 해놨냐?,1
카카오톡,"원복은 죽어도 못하나봄. 누구 머리에서 이딴걸 만든거야. 메신저에 특화를 하고, 인스타 따라하고 싶으면 딴걸 만들던지, 틱톡라이트 하고싶음 그런걸 만들던지 하세요. 원래 카톡으로 돌려주면 좋겠음",1
카카오톡,고마워조카,5
카카오톡,굿,5
카카오톡,ㅈㅂㅈㅂ다이해하겟으니가맘대로하시고갤럭시채팅검색기능위로올릴때전처럼안멈추고바로바로빠르게올라가게해주세요 ㅈㅂㅈㅂㅈㅂ아이폰은 다시되던데 갤럭시는 왜이러슨 ㅠㅠㅠㅠ,5
카카오톡,카나나로 영상 만들면 보기로는 선명하게 잘 나오는데 채팅방에 보내면 화질 다 깨지네요 왜 바로 저장하는 기능은 없을까요,3
카카오톡,업데이트 롤백 좀 시켜라,1
카카오톡,안읽음탭없애고싶어요,1
카카오톡,걍 ㅆ.ㄹ.ㄱ. 더 라이트해져도 모자랄판에ㅉ 별 한개도 안 주고 싶은데 그럴 수가 없게 돼 있네ㅡㅡ 망할 업뎃 톡클라우드 사진들 왜 제대류 안떠 무한로딩이고!!!!!,1
카카오톡,사용자 배려없는 업데이트. 좋아요 기능 없애라,1
카카오톡,로그인이 안돼요..,1
카카오톡,업데이트 옛날 보다 자주 하네요 ??,1
카카오톡,스토리 기능 진짜 언제 빠지나요,1
카카오톡,댓글 기능좀 원래대로 돌려줘요,1
카카오톡,저장공간 차지하는것만 줄이면 ㄹㅇ S급인데,5
카카오톡,아무리 욕먹어도 카톡은 카톡이다.,5
카카오톡,카톡을 삭제하고 다시 설치해도 메세지 왔을때 알람이 울리지 않네요! 알람설정 및 할수 있는 조치를 해도 계속 무음 설정 한거처럼 알림음이 나지 않습니다! 답답하네요,1
카카오톡,강제 업데이트 뭐예요???? 자동업뎃도 꺼두고 일부로 안하고 업뎃할 생각 1도 없었는데 강제로 해버리네 ㅡㅡ,1
카카오톡,대박,5
카카오톡,대한민국 역사상 쓰레기 어플,1
카카오톡,이용자들 모를거라 생각하시는건지 모르겠는데 좀 작작합시다. 은근슬쩍 기본탭 바꿔놓으면 퍽이나 모르겠다 그죠?,1
카카오톡,점점 쓰레기가 되가고있네...,1
카카오톡,업데이트 이후 카톡이 와있지 않음에도 계속 1이 카톡에 떠있는 현상이 발생함. 조속히 수정바랍니다.,3
카카오톡,왜점점... 일땜에봐야하는거왜엔카톡들어가지지가않는다.........,1
카카오톡,카톡 칠 때 렉이 걸림. 보이스톡을 하는데 전화가 자꾸 끊기고 음향 조절이 보이스톡을 직접 들어가서 해야 함. 들어가서 조절해도 조절이 잘 되지 않아 목소리가 안 들리거나 목소리가 너무 커짐,1
카카오톡,말이 필요없이 최악.,1
카카오톡,아니 공감 새로운거 나왔다 해서 업뎃 해더니만 무슨 이상한 임티만 넣어놔서 하트 공감을 못하겠어요 진짜 업뎃 다시 돌려 놓고 싶은 생각이 너무 드는데 엡뎃 삭제 기능은 없나요?,1
카카오톡,업데이트 안 하면 감정 표현도 못 보게 해놨네? 진짜 표독하다 표독해...,1
카카오톡,예전처럼 대화만 할 수 있게 돌려내고 정기 업데이트 걍 안해도 되니까 예전처럼만 되돌려주세요 숏폼 없애고 친구 창 예전처럼 그냥 업데이트를 예전버전으로 돌려놓는 업데이트 뭐 그럼거 하면 안되나요? 안읽음 표시도 불편하고 아니 그냥 다 불편해요 예전버전으로 다시 만들어서 업데이트 해주세요ㅕ,2
카카오톡,돈독이 목구멍을 넘어 전두엽까지 찼구나...,1
카카오톡,굿굿,5
카카오톡,피드 탭좀 독립해서 별개의 탭으로 빠졌으면 좋겠다. UI편의성을 로켓에 묶어서 우주로 보낸 느낌이다. 설정에서 피드 자동 재생을 막아놔도 그룹 채팅방 갈때마다 너무 거슬린다.. 수익을 위한다면 차라리 탭을 아예 분리하고 그룹 채팅방 쪽에 띠 배너를 넣어라....,1
카카오톡,여언설하네,1
카카오톡,편리하고 호환이 잘 되어 너무 좋아요. 앞으로도 좋은 서비스 기대합니다,5
카카오톡,주위 사람들과 간편하게 이야기를 나눌 수 있으며 귀여운 이모티콘 또한 매우 많아 좋았습니다!! 옾챗만 사라지지 않길..,4
카카오톡,제발.. 작년 업데이트 전으로 돌아가십다... 타인의 생활을 보고 싶지 않아요!!!,1
카카오톡,최악,1
카카오톡,댓글기능을 이런식으로 하면 어떡함 ㅋㅋㅋ 하진짜,1
카카오톡,카톡 스피커 도저히 안켜집니다 수정해주세요...;,1
카카오톡,댓글알림 설정에서 꺼놔도 푸시알림받을수있다면 기능은 왜넣어놨는지 댓글 이중확인으로 실용성떨어지는데,1
카카오톡,왜 갈수록 퇴화시킵니까?,1
카카오톡,문짜를하고 친구들이랑 좋아요~~~,5
카카오톡,제가 처음으로 카톡을 사용했을 때가 제일 좋았던 거 같아요 릴스같은 거 쓸 데 없는 기능을 추가한다던지 소식을 보고싶지도 않은데 봐야한다던지 원래 있는 기능을 사용하려고 하는데 사용 방법이 바꼈다던지 이게 무슨 게임 기믹같은 것도 아니고 왜 외워야하죠.. 원래 기능 그대로 쓰지 않으면 불편한 것도 아닐 거 같은데 이해가 되지 않는 부분이에요 최근 업데이트만 봐도 이게 꼭 필요해서 업데이트를 하는건가? 생각이 들기도 하네요,1
카카오톡,오늘 업무 톡방내의 대화내용을 꾹 누르고 뜨는 리액션중 파란색 체크표시를 자주쓰는데 같은 업무톡방사용하시는 분들한테는 파란색 체크표시가 보이지않는다고 하는데 오류 좀 부탁드립니다.,3
카카오톡,"그의 부모는 출산을 축하하기 위해 무작위로 플레이어 한 명을 폭발을 시켜 죽입니다. 그래서 갓 태어난 크리퍼는 고아가 되었습니다. 배고픔을 채우기 위해 그는 도처에서 음식을 찾아야 했습니다. 하지만 크리퍼인 그는 플레이어에게 미움을 받을 뿐만 아니라, 같은 적대적 몬스터들 조차도 그가 언제든 폭발할까 두려워하여 가까이하려 하지 않았습니다. 태어날 때부터 양손이 없는 그가 어떻게 음식을 구할 수 있을까요? 유일한 선택은 다른 몬스터들이 배불리 먹고난 후 그들의 남은 음식을 먹는 것이었습니다 그는 여러번 다른 몬스터 집단에 어울리려 했지만, 사람들 마음 속의 편견은 산과 같아서 그가 아무리 노력해도 그의 합류를 받아드리려는 몬스터는 없었습니다. 심지어 그가 눈물 흘리는 모습을 보고도 옆에서 계속 모욕을 주기도 했습니다 크리퍼의 어린 시절은 외로움과 지루함 속에서 보냈습니다. 그날까지 그가 동굴에서 나와 밖에 또 다른 새로운 세계가 있다는 것을 발견했을 때, 그는 새로운 희망을 다시 보게",1
카카오톡,업데이트 안하면 말풍선 리액션이 안보이게 바꿨네요,1
카카오톡,어휴...,1
카카오톡,메인 화면이 소식탭으로 자동 전환됩니다. 연락처 목록으로 고정할 수 있게 해주세요,1
카카오톡,굳,1
카카오톡,아 업데이트하고 상단고정해논거 다 풀렸네요ㅡㅡ 왜 갈수록 이상해지고 안좋아지냐,1
카카오톡,계속 쓸데없는 업데이트만 해대네,1
카카오톡,다른건 뭐 그냥 저냥 넘어 가는데 친구 생일 안뜨게 하기가 왜 없어졌나요? 넘 불편합니다,4
카카오톡,태블릿 설치가 안되네요,1
카카오톡,특별한 친구는 또 뭐야... 짜증,1
카카오톡,쓰레기,1
카카오톡,댓글 달기 기능 진짜 최악이네요 이런 기능을 왜 만들어놔서 더 불편하게 하는건지.. 계속 안읽은거에 뜨고 들어가면 버벅대고..진짜 가면 갈수록 이상해지네요 휴,1
카카오톡,제발 숏폼 없애주세요 탭에서없애라구요 인스타릴스 유튜브숏츠로 충분한데 피로하네요 진짜 adhd유발하나 숏폼은 삭제하라고요,1
카카오톡,살망 ~~,1
카카오톡,"혹시 프로필뮤직 멜론으로 연동되서 모을수 있는 단축키는 없어진건가요? 친구들 프로필뮤직이 좋은게 많아서 추가하면서 리스트업하고 있었는데, 우측 상단에 안보여서요",3
카카오톡,불편해,1
카카오톡,ㄹㅇ 별로,1
카카오톡,소비자랑 소통을 안할거면 망하세요,1
카카오톡,메시지에 반응하는 이모티콘 업뎃 왜 한 지 모르겠네요... 이모티콘 다양하게 달 수 있는 건 좋을 수 있는데 그냥 이모티콘 디자인은 이전 걸로 하고 기존 사용자 키패드에 있는 이모티콘이나 카카오톡 기본 이모티콘 정도 쓸 수 있게 하면 좋을 것 같아요 이번 바뀐 디자인은 카톡보다는 무슨 해외 채팅 앱 같고 카톡으로서의 오리지널리티가 전혀 안 느껴져요 멋 없고.. 흐물텅흐물텅 한 게 별로네요,4
카카오톡,"인스타 스토리 식으로 바꿔 놓으니 업데이트된 친구의 소식이 너무 휙휙 지나가 버려서 오히려 안 보게 됨. 나도 이런데 하물며 나이 많으신 분들은 더 정신 없으실 듯. 국민 전 연령대가 쓰기에 국민 앱이라고 불리우는 건데, 정작 카카오는 전 연령대를 어우르려는 배려적인 운영에는 아예 생각이 없는 듯합니다.",1
카카오톡,대체제 없다고 이런 대가리 빈 업데이트 하고 있는데 이미 카카오스토리 시절에는 페북한테 발려놓고 지금은 인스타한테 발리고 있어서 어떻게든 틀딱 머리 뒤져서 꺼내온게 이번 업데이트.. 과연 몇년안에 카카오톡 대체제가 안 나올까 두고보자,1
카카오톡,자동업데이트꺼놧는데 자는사이에 싸가지없이 업뎃됨,1
카카오톡,숏폼좀없애 제발 짜증나 디지겠네. 그리고 친구소식 없애 제발 짜증나 디지겠네,1
카카오톡,친구추천 X했는데 그대로 추천대 있는데 머가문제일까요,2
카카오톡,카톡 체험단 신청에서 뒤로 가기 누르면 바로 이전 목록이 안뜨고 스크롤이 위로 올라가서 불편합니다.,1
카카오톡,연락하기 편해요,5
카카오톡,편하고 좋아요 ^^,5
카카오톡,"할게 없어서 인스타 따라하냐? 카카오톡 색깔도 없고, 남의 플랫폼이나 따라하고 답답하다. 카카오톡 망했네.",1
카카오톡,다시 원레대로 돌려주세요!,1
카카오톡,인스타퇴출이랑 이번 업데이트가 신기하게 잘맞네ㅎㅎ 떳떳하게 경쟁해라 그렇게 살지말고 그거 나중에 다 되돌아온다 세상 이치가 그렇거든ㅋㅋㅋㅋㅋㅋㅋㅋㅋㅋㅋㅋㅋㅋ,1
카카오톡,이모티 너무 안좋아요. 예전이 훨씬 나음,1
카카오톡,업데이트가안되노,1
카카오톡,너무좋아요,5
카카오톡,good,5
카카오톡,소식탭 보기 싫어요 예전으로 돌아가주세요,1
카카오톡,답장 기능 불편해요,5
카카오톡,문의를 넣으면 소통이 돼요.,5
카카오톡,오우 개쩌는 카카오톡! 업뎃은 좀 별로지만 그래도 좋습니다!! 그래서 말인데요 옾챗 프로필좀 추가해주세요,3
카카오톡,카카오 평점 바닥인데도 전혀 사용자들의 의견 수렴하지도 않고 개선조차도 않하는 안하무인의 고집 대단하다. 평점 1점도 아깝다. 진짜 이시점에 다른 메신져 나오면 바로 갈아탈 사용자들이 대부분인데. 빨리 나왔으면 좋겠다. 이젠 카카오 꼴뵈기 싫은건 나뿐만이 아닌듯. 이런 업데이트 기획하고 추진한놈 면상한번 보고싶다ㅋㅋ,1
카카오톡,GOAT에서 정보 유출자로의 완벽한 서사,1
카카오톡,카톡을 누르면 왜 남의 최근소식 보고싶지 않아서 기능을 꺼놨는데 자꾸 최근소식으로 첫페이지가 될까요? 그리고 2번탭에서 따봉은 왜 개후지게 바꿨습니까? 시대를 역행하나요?,1
카카오톡,"Everything is good! I raise a lot of animals... T T, so I set it as KakaoTalk D-Day, but D-Day is insufficient. Can you increase D-Day? 다 좋은데요! 제가 동물을 많이 키워요... ㅜㅜ 그래서 카카오톡 디데이로 설정해두는데 디데이가 부족해요 디데이를 늘려주실수있나요??(이번 업뎃 짱조음)",4
카카오톡,옾쳇 외치기 방식이 달라져서 좀 곤란 하네요.. 갑자기 바뀐게 먼소용 입니까!? 급할때 사용 햐아 하는대!,1
카카오톡,업데이트이후에 읽지않은 채팅이 없는 방은 아예 보이질않아요 전체탭 눌러도 채팅창 만들기 어쩌구 뜨면서 보이지도않고....... 어쩌라고요 이걸? 심지어 챗봇상담도 딜레이떠서 터치도 안먹힘 ㅋㅋㅋㅋㅋㅋㅋㅋㅋㅋㅋㅋㅋㅋㅋㅋ,3
카카오톡,내 갤탭에서 왜 업그레이드 중입니다라는 문구만 뜨고 앱이 안 열림?,1
카카오톡,소식탭 안뜨게 해주세요. 앱시작했을때 소식탭이 바로 선택되어있는경우가 있네요 누른적도 없는데,1
카카오톡,댓글 기능 불편하네요...,1
카카오톡,별 반개 엄냐,1
카카오톡,굿,5
카카오톡,효과업엉요 환불헤주세요,1
카카오톡,좋아요,2
카카오톡,별로.,1
카카오톡,옾챗이라도 답장 정상화가 어디냐,5
카카오톡,진짜 업뎃 감다죽,1
카카오톡,카톡 책임자 모친이 출타했다보니 점점 모친없는 버전으로 변화하고 있다,1
카카오톡,업데이트 친구 안보이게 원래대로 돌려주세요. 바뀌고 너무 불편,1
카카오톡,저에게 카톡을 강제해서 사용하게 만드는 대한민국이라는 나라가 가끔은 원망스러울 때가 있습니다. 하지만 조국을 원망할 수는 없으므로 저는 카카오톡을 원망하겠습니다.,1
카카오톡,"특별한친구, 생일인친구 탭을 활성 비활성화 할 수 있게하고 카카오톡 오픈 시 자동으로 숏폼탭 안뜨게 설정좀",1
카카오톡,리뷰 1.4 ㄹㅈㄷ 카톡 편하긴 한데,5
카카오톡,업데이트 할때마다 나락이 가지요...왜그럴까 진짜,1
카카오톡,공포 😱 소식에 전여친 아픈기억. ptsd공포 그 자체 망해라 카카오,1
카카오톡,별 0개룰 하고 싶은 앱,1
카카오톡,0점이 없어서 1점을 드립니다.,1
카카오톡,"프로필 사진 변경을 친구 피드에 자동 노출하는 기본값이 매우 불쾌합니다. 저는 게시물을 올린 게 아니라 프로필만 바꿨을 뿐입니다. 그런데 앱은 이를 친구에게 보이는 업데이트처럼 처리하고, 사용자가 나중에 설정을 찾아 ‘나만 보기’로 꺼야 합니다. 프로필 변경과 게시물 발행은 다른 행위입니다. 이런 기능은 기본값이 비공개여야 하고, 공유하려는 사람만 직접 선택해서 공개해야 합니다. 원치 않는 노출이 먼저 발생하고 사용자가 뒤늦게 수습해야 하는 현재 UX는 잘못됐습니다. 기본값을 ‘나만 보기’로 바꾸고, 프로필 변경 시 명확한 공유 확인 절차를 넣어 주세요.",1
카카오톡,많은분들과 말씀을 공유할 수가 있어서 좋습니다,5
카카오톡,유저적대적,1
카카오톡,빠르고 편리하고 정확합니다.,5
카카오톡,업데이트 할 때마다 설정값이고 고정된 채팅방이고 다 날려버리는 이유가 뭐야,1
카카오톡,대리점에서 새로 바꾼 폰 공기기에 카카톡 백업을 하는데 여전히 0%네요. 저만 그런줄 알았는데 어제 다른 고객들도 그랬다고 합니다. 전 국민이 사용하는 앱이 왜 이 모양이죠?,1
카카오톡,댓글기능 대댓글이라도 달 수 있게 바꿔주기 기원🙏🏻,4
카카오톡,감사합니다,5
카카오톡,숏폼 탭 없애기 도입좀 ㅡㅡ 업데이트 될까바 무서워 죽겠음 진짜.... 채팅기능에 충실해주면 안됨?? 왜 다 말아먹어서 카톡에 집어넣으려고 하는거임?? 사용자랑 기싸움하지말고 본질에 집중해줘,1
카카오톡,분명 십몇년 전에 공지로 카톡엔 광고 안 넣는다고 알렸던거 기억합니다. 당시 직접 봤었어요. 그 땐 카스도 있고 카카오홈도 있고 나중엔 카카오폰도 만들거라며 포부를 밝히셨었죠. 그래서 지금 만족하십니까? 온 나라가 카카오로 도배가 됐는데. 근데 정작 카카오톡은 메신저라는 고유의 역할을 점점 잃어가고 있습니다. 이게 쇼핑앱인지 SNS인지 모르겠어요. 한국앱들은 발전하면 짬뽕탕이 되는게 고유 문화인가 싶네요. 참 아쉽습니다.,1
카카오톡,저는 카카오톡 기능 웬만해서는 다 좋은데 카카오톡 오픈프로필 만들 수 있는 개수 더 늘려줬으면 좋겠습니다 🥺 숏폼도 잘 안 보는데 계속 먼저 뜨는것도 불편해서 안 볼 수 있도록 하는 설정도 추가해주시면 안될까요? 🥺❤️,4
카카오톡,공감표시 업데이트 이후로 확실이 앱이 무겁고 느려짐..,1
카카오톡,카톡 불쌍해~ ㅠㅠ,3
카카오톡,진심 메신저의 역할에 충실해라,1
카카오톡,나이먹은 사람ㅇ도 쉽게좀 헐수 잇게 해야지 ㅉㅉㅉ,1
카카오톡,업뎃 아직도 안하고 개기는 중인데. 카증이나 카뱅 관련 쓰려면 업뎃하라고 하네 망할.. 무슨 인스타같이 프사 막 뜨고 그러던데 고치거나 롤백을 못하면 목록화 시킨다매 그것도 안되는거야? 개화난다 진짜,1
카카오톡,소식탭좀 없애라,1
카카오톡,왠쓰레기로 변질되었는지 카톡 업데이트될수록 망하기로 작정한건지 복잡하고 허접하고 정신업고 광고만 오지게 나오고 이걸 사용하라고 한건지 탈퇴하라고 부축이는건지 하다하다 인스타 짝퉁버젼 카피버젼도 아니고 중국인고용하셨는지 .. 이럴거묜 인스타을하지 카톡이용할 가치가 없내 예전카톡이카톡인거지 현제카톡은 쓰레기로 전략하내 탈퇴한다 카톡꼴도보기싫다,1
카카오톡,카카오톡 오픈채팅을 즐겁게 즐기고 있던 사용자입니다. 대규모 업데이트 때 딱히 신경이 가진 않았지만 오픈채팅 답글 업데이트가 많이 불편합니다. 카카오톡이 정말 쓰기 좋은 채팅 어플이었는데 옛날 버전이 더 나은것같네요.,1
카카오톡,새로생긴 기능인 숏폼은 진짜 왜나온거죠 애초에 카톡은 메세지만 주고 받으려고 만들어진건데 만들어진 이유를 모르겠어요. 업데이트 하고 나서 숏폼은 진짜 한번도 안써봤고요 그리고 프로필 바꾸면 첫화면에 자꾸 떠가지고 너무 불편해요ㅠㅠㅠㅠㅠㅠㅠㅠㅠㅠㅠㅠㅠㅠㅠㅠㅠㅠㅠㅠㅠㅠㅠㅠㅠㅠㅠㅠㅠㅠㅠㅠㅠ 그리고 이번에 업데이트 또 했는데 메세지에 반응할수 있는 임티가 바뀌어서 너무 속상하네요ㅠㅠㅠㅠㅠㅠㅠㅠ 그 웃는 반응이 진짜 찰져서 쓰기 좋앗는데ㅠㅠㅠㅠ 지금 업데이트한거는 너무 순해져서 별로내요,2
카카오톡,생일 친구.프로필 업데이트 없애던지 없앨 수 있게 하던지,1
카카오톡,직접말안해도되고 서로 편해서 넘좋은거같아요,5
카카오톡,제발 머저리같은 업데이트좀 그만 해,1
카카오톡,"메신저어플로 시작해서 메신저 기능에 충실하면 되는데 sns가 되버리겠다고 기능을 이거저거 넣으면서 별로인 어플이 됨. 인스타 스토리 따라한다고 친구 피드 와 프로필 게시글 생겨서 별로임. 업데이트 할 때마다 최악이라는 후기가 널렸는데 이용자들의 피드백은 귀닫았는지 듣지를 않음. 이상한 숏폼, 친구탭 업데이트 하지말고 예전으로 돌려놓자...",1
카카오톡,1점도 아까워요... 친구(직장관련)소식 알고 싶지 않아~,1
카카오톡,0.5개 안되나?? 1개 좀 많은데?????,1
카카오톡,흠...,1
카카오톡,숏폼 없애주세요. 중국 돈 받아먹는 하청기업,1
카카오톡,편해요~~,5
카카오톡,광고없던 가난하지 않던 카톡이 그리움,1
카카오톡,계좌 일일이 물어볼 필요없이 안전하게 쏙~~,5
카카오톡,"편리해요, 감사합니다!",5
카카오톡,만족하고요 만족못하고 별1점들은 그냥 다른 거이용하세요 굳이굳이 욕하면서 카톡 사용하지마시고요,4
카카오톡,사용자 비친화적 인터페이스 사용자 의견을 듣지않는 태도,1
카카오톡,이번에 또 업데이트 했는데 프로필 스토리처럼 뜨는거 진짜 개극혐이다🤬🤬🤬 업데이트 되돌리고 싶은데 어카지... 카카오톡 업데이트 하면 할수록 개빡치는 걸로만 개발하네😡🤯🤯🤯🤯🤯🤯🤯,1
카카오톡,GOOD...,5
카카오톡,좋아,5
카카오톡,너무 복잡. 없어져야 할 앱,1
카카오톡,리뷰 써달라고 팝업 떠서 다시 왔음 친구목록 안보이고 지 멋대로 소식 띄우는거 거지같음 오픈카톡에 숏폼 붙혀놓은건 개같음,1
카카오톡,계정 사용하려하니 전화번호에서 막혀요..,1
카카오톡,안내공지 좋습니다,5
카카오톡,댓글창으로만 들어가면 멈춰요 꺼지고요 언제고치나요이건,1
카카오톡,사용자 편의성을 생각하지않음,1
카카오톡,업데이트를 왜 하셔서... 너무 복잡하고 머리 아픔,1
카카오톡,편리한사용 이제는 일상이죠,5
카카오톡,편리해요.,5
카카오톡,😀👍좋아요,5
카카오톡,좋아요,5
카카오톡,숏폼 제발 없애,1
카카오톡,고맙다,5
카카오톡,카카오톡실행하면 오류발생했다면서 앱실행이안되는 문제가있습니다 해결해주세요,1
카카오톡,조아요.........,5
카카오톡,그지같은 숏폼좀 안보이게 해주세요,1
카카오톡,어느 순간부터 앱이 너무 무거워졌어요.. 카카오'톡'인데 기본 기능에만 좀 충실했으면 좋겠네요. 지겨운 광고들은 덤이고요.. 너무 자주 노출돼면 오히려 해당 광고 제품들 절대 사고 싶지 않아요,1
카카오톡,카톡에 gpt 무료3개월 신청문구 뜨길래 눌렀다가 자동업데이트ㅜ 한 시간동안 끙끙대고 내프로필 공유제한 작업하고 내사진 정보공유제한 그리고 숏폼자동 재생제한 작업했네요 아이구머니나 세상에ㅜ 메신저가 아니라 유튜브 처럼 성공하고 싶은 건가요?ㅠㅠ 다른 메신저나오면 당장 옮기고 싶네요,1
카카오톡,고마워!!^^,5
카카오톡,정말 친절하시고 걱정없이 잘 고쳐주세요 :),5
카카오톡,처음 해봤는데 1원보내신분의 숫자 찾기가 어려웠어요,3
카카오톡,최악이다. 내가 관심없는 사람 근황을 굳이 알아야하나,1
카카오톡,행복 합니다,5
카카오톡,이럴꺼면 구지 카톡을?,1
카카오톡,아니 그래서 업데이트를 눌러서 여기왔는데 왜 업데이트 버튼은 안 보이고 제거와 열기 버튼만 보이죠??? 지우고 삭제 하란거임? 열기를 누르면 만료되었다고 다시 여기 오는데.... 무한반복.... 그럼 자동 업데이트 선택버튼은 왜 만듬??,1
카카오톡,소식때문에 개같음,1
카카오톡,"모바일 메신저가 너무 무거움, 계속 쓸모없는 기능 추가 하니까 정체성이 없음",1
카카오톡,웬 선물을 이렇게....고맙네 친구~,5
카카오톡,제발 sns화 하지말자.. 세상에 영원한거 없다.. 대체체 뜨면 바로 떠난다,1
카카오톡,고마워 이건 받을게~~^^,5
카카오톡,뭔생각으로 계속 이상한거 집어 넣는지 모르겠음,1
카카오톡,감사하게 받겠습니다,3
카카오톡,사진첨부하는법 원래대로 해놓으세요,1
카카오톡,업데이트는 일부러 안했고 다른 사람들 업데이트 반영된 버전 확인해봤는데 정말 최악이네요. 업데이트 전에 반대가 많았는데 C레벨 측에서 의견 묵살했다면서요? 덕분에 카카오톡이 스윗영포티 쉰내 풀풀나는 개고기톡이 되었네요. 지금이야 전국민이 다 카카오톡 써서 크게 변하는게 없어보이겠지만 언젠간 사장된 다른 메신저앱 루트를 타게 될거 같네요. 그러기 싫으면 하루빨리 홍ㅁ택인가 ㅎ민ㅌ인가 카카오톡에서 내쫒으세요. 애먼 직원들 괴롭히지 말고,1
카카오톡,"이 행복 언제, 어떻게 갚을 시간 줄꺼야?",5
카카오톡,업그레이드이후 진짜쓰기싫음,1
카카오톡,자동 업뎃꺼놨는데 와 업뎃이됬네... 어떻게 이때까지 버텨왔는데.... 화가나네요 안쓸래요../ 아니 친구찾기 나 단톡방초대하려고 검색하면 있는친구들안나옴 이게 뭔...,1
카카오톡,카톡 채팅에 하트 실수로 눌렀는데 수정이나 삭제가 안되는건 좀 불편하네요....,1
카카오톡,그때의 상황보단 훨 낫네요,3
카카오톡,편리하고 좋아오,5
카카오톡,댓글기능 누가 저렇게 만들자한겨,1
카카오톡,광고 좀 빼라,1
카카오톡,오늘 업데이트에 리액션 두개 찍히는건 괜찮네요. 근데 선택한 리액션이 취소가 안돼네요?! 안쓰런 글에 실수로 웃는 리액션 찍어도 취소가 안됩니다;;,1
카카오톡,업데이트 했어도 궁금하지 않은 남의 소식을 자꾸 봐야하는지 이해가 안됨. 친구 목록으로 해놔도 자꾸 소식으로 넘어가니 채팅말고는 쓸게 없는 어플임. 어쩔수 없이 쓰지만 이해가 안되는 회사임.,1
카카오톡,편리하고좋습니다,5
카카오톡,좋은곳에 보람있게 잘쓸께 고맙당,5
카카오톡,최고입니다.,5
카카오톡,메신져로서의 기능에만 충실했음좋겠어요 왜자꾸 인스타그램을 따라가는건지 이해불가.,1
카카오톡,쌤 뭐야 ! 귀국해서 보자구요,5
카카오톡,그동안 카카오톡 자동 업뎃을 꺼놨었는데 조금전 갑자기 카톡이 튕기더니 업글이 됐어요 플레이스토어에 들어와서 확인하니 여전히 자동업뎃은 꺼져있구요 일부러 업뎃을 막아뒀는데 바뀐 카톡을 쓸려니 너무 불편하네요,3
카카오톡,초심으로 돌아가서 국민 카톡이 되길 바랍니다. 광고도 많아지고 용량도 너무 커지고~ 기능이 많아지는건 좋지만 점점 상업적이고 무거운 어플이 되어 가네요 ㅠㅠ 그리고 친구 차단 후 일괄 삭제 기능좀 넣어 주세요 차단시키고 삭제 하려면 한명 한명 삭제 하는거 너무 힘들어요,2
카카오톡,계정삭제했다. 다시 세번째 못돌아온다. 문제는 광고 심해요,1
카카오톡,정말 업데이트 별로네요,1
카카오톡,어휴,1
카카오톡,나와의 채팅에 엄청 중요한 메시지를 보내고 수정했는대 그게 카톡을 나갔다 들어와보니 미리보기에서만 보이고 실제 채팅방에 들어가보면 안보임,1
카카오톡,우리애 초등학생인데 소식탭에 숏폼 추천 ㅁㅊ거 아님??? 선정적인 크리에이터 뜨고 난리ㅡㅡ쓸데없는 광고도 겁나뜸!!!진심 숏폼안보이게 안됨?? 아님 추천이라도 뜨지말게 하던가!! 카톡 진짜 미쳐가네!! 다른 메신저어플 나오면 바로 갈아탄다 진짜,1
카카오톡,"업데이트 프사 누르면 프로필로 가야죠 인스타 스토리가 나와버리네요. 우와!! 내가 어플을 착각했나 봐요. 사실 카톡만 써서 어플 바꿀 생각은 없는데요, 다들 1점을 주니 재밌으니 저도 드릴게요♡♡ 그리고 인간적으로 평점 1점대를 찍었으면 뭐라도 고치는 게 어때요? 눈구멍이 막혓나. 그리고 업데이트된 리액션 이모티콘 정신사나워요.",1
카카오톡,컴퓨터 앱 최적화좀 ㄹㅇ 개쳐느림,1
카카오톡,제미있어요 머리도조금써야하고 제미있네요,5
카카오톡,응 나가 니는,1
카카오톡,"업데이트 안하면 대화백업도 안되던데, 너무한거 아닌가요? 업데이트와 관계없이 백업은 진행할 수 있게 해야 휴대폰 교체 후에도 (업데이트를 안하고싶어도 어거지로 업데이트되서) 사용할거 아니에요?! 안드로이드10 이전 모델은 어쩌란건가요? 필요한OS가 안드로이드10이던데 그럼 백업을 하지말란건가요? 엄청 많은 자료가 있는데 다른 방법이라도 안내해줘야되는거 아닌가요?",1
카카오톡,소식 또 나오네,1
카카오톡,아오 쫌 원하지도 않는데 릴스랑 소식피드가 자꾸 먼저 뜨는데 그딴 기능좀 없애주세요 진짜 짜능나게 안봐요ㅡㅡ,2
카카오톡,숏폼으로 내 데이터 맘대로 쓰지마,1
카카오톡,업뎃 좀 정도껏 해요 막하지말고 쫌.. 전국민이 실험대상인것처럼 업뎃을합니까 그리고 단말기 os 버전좀 그만올려요 은행앱도 아직 웬만한 구기종에서 다 사용가능한데 모든 국민이 단말기 최신폰만 사용하는것도 아니고 업뎃가능한 버전 및 사용가능 버전을 왜케 올려요 짜증나서 사용을 못하겠음 카톡 때문에 폰까지 바꿔야 함?! 단말기 값 지원해줄거임?????????,1
카카오톡,감사,5
카카오톡,댓글도 별로 숏폼도 별로,1
카카오톡,"누구를 위한 업데이트인가요? 사용자가 편안하게 사용해야 할 카톡이 이렇게 불편해지면 사용하지 말라는 거나 다름이 없네요. 이런 업데이트를 하면 무엇이 좋은지 알 수가 없네요. 좋은 점이 하나 없는 쓸모없는 것들만 잔뜩 집어넣어 두고는 그 뒤로 나는 이제 몰라 라고 하는 거나 다름없네요. 여태껏 잘 쓰고 활용하면서 사용했는데, 이번에 저는 업데이트 소식 듣고 확인해 보니 정말 별로라는 생각이 들어서 업데이트할 생각이 없네요. 사용에 있어 더 불편하고 쓸모없는 것들만 잔뜩이고, 사용자가 불편함을 느낄 정도의 업데이트라면 필요 없다고 생각합니다. 카카오톡에 실망이 너무 크네요. 이런 업데이트는 카카오스토리에 적용해야지 왜 연락 수단으로 쓰는 카카오톡에다가 하나요. 쓸데없이 이상한 소리 하지 말고 변명하지 말고 원상 복귀시키는 게 좋을 것 같네요. 그리고 카카오톡 대표는 피드백을 쓰면 좀 읽어 보고 생각을 하세요. 업데이트좀 작작합시다. 진짜 이제는 하다하다 업데이트 를 자꾸해 욕나게...",1
카카오톡,그냥 롤백해주세요. 그거 하나면 됩니다.,1
카카오톡,진짜 카카오톡 이런거 보상 안해주냐 우리 개인정보까지 털리고,1
카카오톡,보라고 올리는거에요 모자이크 딴거 다좋은데 댓글기능 ㅈㅂ삭제기원 조오오오오올라불편해요 ㅆㅃ,5
카카오톡,"메인화면에 친구 소식 보기 싫어서 목록으로 놓는데 자꾸 자기 멋대로 대문짝만한 사진 나오더만요. 내가 비즈니스나 업무 때문에 만나는 사람들이 가족여행을 가고, 어디 가서 데이트하고 하는 걸 왜 봐야 하나요? 게다가 설정을 아무리 바꿔놔도 마치 강요하듯이 자기네 신메뉴 들이대는 거 화가 나요.",1
카카오톡,왜 자꾸 친구탭이 소식탭으로 마음대로 변경이 됩니까? 그딴거 할거면 카톡안쓴다니까 왜 사용자들 말을 안듣는지 이해를 할수가없네,1
카카오톡,1점이 맞다,1
카카오톡,"이번 업데이트이후 공지가 불편해요.오른쪽에 엑스가 있어 공지를 열어보려하는데, 계속 엑스가 눌려져 지워져서 불편합니다. 개선 부탁드립니다!",5
카카오톡,"쓰는 이에 집중, 쓰기 좋게 맞춤. X 광고에 집중. 광고 표시하기 좋게 맞춤. O",1
카카오톡,기능이 참 좋아 ㅎㅎ,5
카카오톡,태블릿 pc 레노버 m11 를 사용하고 있는데 카카오톡 앱을 사용하고 싶은데 핸드폰과 함께 사용할 수가 없는데 해결 방법이 있나요?,4
카카오톡,"지금 겔럭시 S26울트라인데 어제 날짜(5월 13일)에 이루어진 v.26.4.0 업데이트가 구글플레이에서도, 앱 설정내에서도 확인되고 있지 않고 업데이트 버튼도 뜨지 않습니다. 업데이트 하고 싶은데 해결 좀 부탁드립니다.",3
카카오톡,채팅이 늦게오거나 안가는경우 소식이나 릴스같은 영상 안보고싶다..,1
카카오톡,sns 하기싫어서 2년전부터 인스타그램도 안하고 있는데 왜 인스타그램화 되가고 있나요? 프로필 올리면 하트 눌러지는거 너무 싫습니다. 그것만 좀 없애주세요. 누가 얼마나 하트 받나 비교질하는거 싫어요 그냥 카카오톡은 연락 주고받는 정도 선물 주고받는 정도 그 정도가 좋아요. 프로필에 하트 누르는 것좀 없애주세요.,1
카카오톡,제발 구버전도 되게 해주세오ㅠ,1
카카오톡,최악이야,1
카카오톡,카카오톡 말고 다른 데 추천점.. 다른데 갈아타게,1
카카오톡,잡다한 기능좀 빼면 좋겠어요,1
카카오톡,좋아요,5
카카오톡,기어코 인스타 따라하는건가요? 인스타 스토리를 그대로 따라했네;; 모두가 아니라고 하는데 고집하는 이유가 뭔가요?,1
카카오톡,광고 덩어리에 앱 자체가 무겁고 불필요한 부분들이 많네요 광고 보지도 않는데 광고 덕지덕지+채널도 보지도 않는데 말이죠 유저들이 바라는거는 메신저이지 광고판은 아닌데 말입니다 거기에 유저들도 이탈하는 판에 더 가속화 시킨듯한데 언제 개선 할건지 덤으로 광고 다 빼고 메신저 기능만 남기면 모를까 이상태로 계속 서비스 하면 유저들 다 나갈걸요 카카오톡 수명 몇년 않남은 상태인데 어떻게 하실래요 광고 다 제거하고 메신저로서 서비스 하실래요 아니면 페북 인스타 그램 처럼 몰락할텐데 좋은가 보군요,1
카카오톡,"아... 숏폼은 진짜 아닌 것 같은데, 오픈챗란에 해놔가지고 업무할 때 숏폼 뜰 때 몰입이 박살나는 그 순간이 너무 스트레스가 오는데, 이거 카카오톡 회사 사람들도 똑같을텐데 왜 이런 업댓을 해놓는거지..",1
카카오톡,숏폼 안보는 유저인데 하단 오픈채팅방 탭 누리면 숏폼이 먼저 떠서 죽을 맛이예요. 강제적으로 숏폼을 보게하려는 의도라면 개인의 볼 권리를 너무 침해하는 처사같네요. 숏폼 숨기기 기능 만들어주세요. 너무 짜증나네요.,1
카카오톡,불편~~,1
카카오톡,(26.04.??.자 기습 업데이트 후 수정) 진짜 점유율 믿고 온갖 패악은 다 저지르고 있네...,1
카카오톡,광고노출 판매유도 덕지덕지 갈수록 심해지네,1
카카오톡,좋은소식 감사합니다,5
카카오톡,너무나좋아요,5
카카오톡,광고좀 작작.,1
카카오톡,"인스타 따라하지말고, 본연의 가능을 유지해라",3
카카오톡,점점 사용하기 불편해짐,1
카카오톡,아주 편안하게 잘 보고있어요,5
카카오톡,별루,1
카카오톡,캬캬캬,5
카카오톡,pc카톡 업데이트 됐는데 왜 모바일이랑 서로 호완이 안되는 기능이 있는건 뭔가요? ㅡㅡ^,1
카카오톡,태블릿으로 이용하는사람입니다 갑자기 사용이 중단됫다고 뜨는데 이걸 어떻게 업뎃하라는건지...... 다른걸로사용할수 없는사람들은 사용하지말라는건가요,1
카카오톡,멋졌어요,5
카카오톡,보이스톡 걸때 와이파이를 켜면 연결이 안되고 와이파이를 끄면 보이스톡이 연결되는 현상은 왜 그런건가요,2
카카오톡,카톡 최근메세지 왜 짤리고 찢겨진표시나는지 어이가없네,1
카카오톡,오픈 채팅 뭡니까? 계속 원치않는 쇼츠가 뜨고 데이터만 잡아먹고,1
카카오톡,제발 다운그레이드 제발,1
카카오톡,"새로운 공감 기능(리액션) 표시를 보려하면 최신 버전으로 업데이트하라면서 확인을 누르면 바로 업데이트가 되야하는데, 팝업만 사라짐",2
카카오톡,그냥 써보면 느낌,1
카카오톡,운영자님 카톡 업댓하고나서요 글쓰고 보낼때요 엔터키가 사라졋네요ㅠ 전 엔터가 편해서요ㅠ 다시 돌려주세요ㅠ,1
카카오톡,왜 또 슬금슬금 소식탭 쳐 보여주냐 내 프로필 바뀐거 보여주기도 싫고 넘 프로필 바뀐거 보고싶지도 않다고 다들 떠드는데 왜 그걸 못 까서 안달임? 광고야 니들 돈 버는거니까 그러려니 해주는데 소식탭은 좀 없애자,1
카카오톡,업데이트 하기가 두려움 또 어떤 광고와 억지선물하기 강요 등등이 추가되었을지 궁금함 개선이 된다는 말이 없으면 앞으로 불가피한 경우랑 롤백이라는 소식이 들리지 않는한 절대 이 업뎃버튼 안누를듯.,1
카카오톡,카톡 망함! 카톡 들어가면 친구 소식이 먼저 뜸 계속 ㅋㅋㅋ,1
카카오톡,은근슬쩍 소식탭 먼저 뜨게 랜덤으로 그렇게 넣지마세요 진짜 짜증나니까 적당히 내가 소식 보고 싶을 때 갈거에요 잠수함 패치 작작해요 그리고 그냥 프로필 업데이트 됐을 때 왜 스토리 같이 해놨나요 그냥 가끔 프로필 보면서 아 여기 갔구나 이렇게 사네 이렇게 보기만 하는데 왜 스토리같이 이상하게 봐야하죠? 진짜 정신차려요 카톡이 이때까지 국민 메신저였던 이유를 생각하라고요,1
카카오톡,왜 또 소식탭이 먼저 보이는거죠?불편하다니까요!,1
카카오톡,좋으네요,4
카카오톡,매번 불필요한 업데이트만 하는 것 같다.,1
카카오톡,전화번호로 인증제한 시간을 줄여주세요 대기시간 24시간 너무 길어요 인증횟수도 좀 늘려주시고 답답하네요,1
카카오톡,,1
카카오톡,카카오페이 정보를 중국 알리한테 넘겨?? 조같네,1
카카오톡,업데이트 빨리 쳐 하라고,1
카카오톡,"채팅창에 꼴보기 싫은 느낌표만 뜨고 누르면 업데이트 하라고 뜨는데, 구글 스토어에는 업데이트 버튼은 보이지도 않네. 업데이트 할 때마다 짜증나게 하네 진짜.",1
카카오톡,말이 필요한가?,1
카카오톡,일반 문자 처럼 채팅 기록 없어도 예약 전송 되게 해주세요. 채팅 기록이 있어야 예약 전송 되니까 많이 불편합니다. 5분간격으로 설정해야 되는 부분도 시간 간격 없이 예약 할수 있게 업데이트 해주세요. 많이 불편합니다. 문자되는 집전화번호로도 인증 할 수 있게 업데이트 해주세요. 많이 불편합니다. 부탁드립니다.,5
카카오톡,왜 그룹 즐겨찾기는 안되는거예요? 됐었는데,5
카카오톡,뻘짓거리 한 덕분에 카톡도 이젠 . 어쩌다가 또 뻘짓이네,1
카카오톡,아 씨* 왜 버튼 눌러도 앱이 안 열려. 아니 카톡 기본기능만 제대로 작동하게 만들고 딴거는 분리를 해야지 한개에다 다 처넣어 놓으니까 증권앱이랑 충돌을 일으켰나 앱이 열리지를 않네. 업데이트를 할수록 xx이 되어가는 앱,1
카카오톡,롤백,1
카카오톡,구림 상담연결도 힘듬 문제생겨도 똑바로처리안하고 험한말 하루종일나옴,1
카카오톡,"회사 메신저라 어쩔수 없이 사용하는데 이제부터 카카오 선물, 택시, 게임, 뱅크 카카오 관련 모든 플랫폼 불매한다. 숏츠가 왜 있는지 모르겠네 동영상 플랫폼도 아니고",1
카카오톡,이 앱은 다 좋은데 이모티콘이 내가 산게 바로 않나오고 파는게 나와서 카톡 쓰기가 불편합니다,5
카카오톡,제발 예전처럼 깔끔하게 돌려주세요 시인성 떨어지고 너무 지저분하고 불편하고 카카오톡을 쓰기가 싫어져요 친구 목록은 왜 안접히나요 모든게 다 펼쳐져있는 좌판같아요,1
카카오톡,댓글 기능 좀 바꿔주세요,1
카카오톡,사용하게 해 주시오,5
카카오톡,good,5
카카오톡,4045만 개인정보 중국 알리페이에 넘긴거 사실이냐?,1
카카오톡,최악이다 더 말할 필요가 없다,1
카카오톡,아직도 업뎃 안 하고 버티는 1인 ㅋㅋㅋ 응 업뎃 절대 안 할거야 ^^,1
카카오톡,업뎃친구 누르면 한명만 보고싶은데 자동으로 다음사람으로 넘어가네요 업뎃 난리나니까 처음처럼 돌려놓은척하고 잠잠해지니까 슬그머니 또 저런기능을 넣어놨네요 ㅋㅋㅋ 어이없어서 탈퇴입니다!,1
카카오톡,친구소식 안보고싶음 제발 없애줘,1
카카오톡,꿋꿋6410ㅋㅎ좋아요.,5
카카오톡,숏폼좀없앴으면좋겠는데 보지도않는거 왜자꾸있는지,1
카카오톡,나만 문자 사용 그러잖아 활성 시켜줘,1
카카오톡,도대체 왜 그러는겁니까? 뭘 하지마세요. 너무 불편합니다!!! 정말 카카오를 대신할 플랫폼은 언제나오나요?,1
카카오톡,소식탭좀 안보이게 해달라고요...,1
카카오톡,아 진짜 소식부터 뜨는거 개짜증나네,1
카카오톡,야 좀 쓸데없는것 좀 넣지마라 드럽게 불편하네,1
카카오톡,에휴,1
카카오톡,사용자랑 기싸움 시전하시니 1점드립니다 ^^,1
카카오톡,별점 난리나네ㅋㅋㅋㅋ,1
카카오톡,좋아요 누를 꺼면 인스타를 하지 왜 카톡을 해요? 이거 싫어서 인스타도 안 하는데.,1
카카오톡,앱들아가면 업데이트하라고 나오는데 구글플레이 들어가면 업데이트 할게 없음,1
카카오톡,좋아요,5
카카오톡,시작 화면 솟폼 개킹받네 설정으로 바꾸게라도 해라,1
카카오톡,1. 채팅방 고정 5개 제한 없애삼. 2. 키워드 제외 알림 필요함.,5
카카오톡,예스!!!!!!!!!,5
카카오톡,굿,5
카카오톡,별 1개도 아까움. 아 진짜 숏폼탭 뜰때마다 사람 짜증나게 하네. 유투브는 적어도 내 관심사로 뜨니까 보기라도 하지;;,1
카카오톡,카카오톡도 문제고 네이버카페도 문제고 삼성도 문제고,1
카카오톡,이모티콘 즐겨찾기에 있는 순서편집 왜 없어졌나요??? 너무 불편해요 순서편집을 대체 왜 없앤 거죠????????,2
카카오톡,"아니 특별한 친구, 생일인 친구 끄는 기능 다 빼버렸네",1
카카오톡,이거 점수올라오려면 뼈를깎아서 피로씻을각오로 열심히 해야할듯....대체 몇년이나 걸릴까??? 이전으로 원상복귀한들 1점준 사람들이 다시 들어와서 5점으로 고쳐줄까??? 카카오회사 는 최대 치욕과 수치의 날로 기억되길바란다,1
카카오톡,뭔데 최신 버전 안드로이드에서 작동 안한다고 하나요?,1
카카오톡,👎👎,1
카카오톡,정말 이세상 나와 인연을 맺은 모든사람들과 언제든지 소통을 할수 있다는 편리함에 편리 하게 잘 이용하고 있습니다 잠에서 깨어 눈을 뜨면 카카오톡 먼저 확인 그리고 안부 인사 소식 주고 받기 현세상에 없어서는 아니되는 존재의 앱입니다,5
카카오톡,"딴사람들이 쓰는것때문에 마지못해 놔두고 있는, 반대로 그것 아니면 거들떠볼 이유가 단 하나도 없는 어플",1
카카오톡,친구 소식 알고 싶지도 않는데 왜 자꾸 열림?,1
카카오톡,정말 좋(같)은 업데이트네요!너무 좋(같)아서 6점 드리고 싶은데 6점 없으니 1점 드릴게요!,1
카카오톡,이걸왜함,1
카카오톡,재밌어요,4
카카오톡,업뎃해주세요,5
카카오톡,카톡 키면 한번씩 소식탭으로 열리게 만들어 놨네~ 달려라 달려~ 홍OO아~,1
카카오톡,로그인이 안되는데요!,1
카카오톡,카톡 대표 바뀜? 카톡 점점 불편해진다,1
카카오톡,제발 댓글 기능 좀 누가 없애주세요. 너무 너무 너무 너무 너무 너무 너무 너무 불편합니다. 제발 쫌 없애주세요. 제발요 제발 제발 제발 제발 진짜 너무 싫어요. 불편해요..,1
카카오톡,카톡은 왜 보고싶지 않은 사진들을 다시 또 보게 만든 이유가 뭐죠?! 사람들이 안봐도 된다하는 다른사람들 사진을 왜 짜증나게 카톡 보면 자동으로 뜨게 만드는지? 욕먹어가면서 왜또 이런 짖을하는지 궁금하내요!,1
카카오톡,특정 대화방 알림 껐는데 알림 끈 채팅방 전부 다 팝업 계속 떠요...,1
카카오톡,잘안돼요 ㅠ z플립4임,3
카카오톡,강제 업데이트,1
카카오톡,소식탭이나 숏폼 자동으로 안뜨게 못해주나요. 여간 불편한게 아니네요,1
카카오톡,카톡 로그인 개선해주세요,1
카카오톡,아니 왜자꾸 이상한 업데이트 하시는거에요? 업데이트 프로필 누르면 왜 인스타 스토리처럼나오지요? 이럴거면 어플을 하나 만들어요...제발 잘쓰던거 건드리지말구..ㅠ,1
카카오톡,여전히 최악의 업데이트.,1
카카오톡,또 뭔짓을 꾸미고 있는데?어?,1
카카오톡,"앱을 껐다키면 무조건 소식탭으로 열리는데, 마지막으로 열었던 탭 기반으로 변경해주세요. 소식탭은 연락처 찾기가 어렵습니다. 이용시간을 늘리려는건 알겠는데 업무할때 매우 불편합니다. 말이 안되는 UX에요",1
카카오톡,갑자기 채팅방 상단고정이랑 알림설정 부분이 다 풀리고 왜 이러나요..,1
카카오톡,매우좋아요?,4
카카오톡,카카오톡 주제에 깝치지 말고 릴스같은 기능 없애세요 광고만 꾸역꾸역 쳐넣고 무슨 일이 있어도 쳐다도 안볼거니까,1
카카오톡,왜 탭에서 카톡 안열리고 업테이트 를 어떻게 하라는 거예요?,1
카카오톡,"친구창, 소식창 선택할 수 있게 고정기능 만들어주세요 자꾸 소식창으로 바뀌는 거 진심 짜증남",1
카카오톡,영포티 ㅉㅉ 원래대로 돌려놓지도못하고 숏폼좀 치워라,1
카카오톡,최악,2
카카오톡,이거 업데이트 왜한건지... 프사 소개가 자동으로 넘어가서 짜증나네... 걍 가만히 놔누면 안되는거임?????,1
카카오톡,다양한 기능으로 사용중이다.,5
카카오톡,아..... 갑자기 자동업뎃됐어요....,1
카카오톡,pc에서 카카오톡 앱을 지우게 되어 한참 걸리고 있어요~~~,5
카카오톡,"갈수록 마음에 안드는 업데이트, 총책임자부터 갈아치워야될 판",1
카카오톡,사진 안보고싶다 죽도록.대체 앱 빨나왔으면 좋겠다 . 즉시 탈출할거다.,1
카카오톡,아니 카톡 그 뽑기 진짜 말이 안됍니다. 자꾸 저만 걸려요. 별점 1점 드리겠습니다. 그리고 메세지 보내는데 뭔가 딜레이가 생긴 느낌?,1
카카오톡,그냥 괜찮..?,5
카카오톡,별점 1.4점인데도 개선 안 하는 심보는 뭐임? 쇼츠탭 커뮤니티탭 제발 좀 없애세요 제일 우려되는건 쇼츠 어린애들이 많이보는거 같은데 이거에 대해 별다른 조치도 안 취하고 바로 도입해버렸으니... 애진작에 부모가 허용해야지 볼 수 있게하던가요 열라 유해함 한창 어린애들 정신머리 망치기 딱 좋아 ㅋㅋ 친구창도 복구 좀; 이용자들 말 안 들을거면 리뷰창이 왜 있을까요....,1
카카오톡,읽음 표시 최대 99에서 999로 늘려주세요,3
카카오톡,생일인친구 목록 끄는 기능 사라졌네 진짜 하는짓이 왤케 꼴보기싫냐 내가 그런다고 선물하기 쓰나 봐라 응~ 절대안써~,1
카카오톡,별점 꼬라지봐라 이게 대기업이가 ㅋㅋ 에효,1
카카오톡,그저 병1신 카카오톡 그저 역겹다,1
카카오톡,너무 편해서 좋아요❤️ 요즘은(...)이런거 떠서 좋아요 누가 보내고있는지 알수 있어서 진짜 편해요♡♡♡,5
카카오톡,별 한 개도 아까울 정도로 최악입니다. 자동 업데이트를 꺼놨는데 갑자기 왜 업데이트가 되었는지 모르겠네요. 업무용으로만 쓰겠습니다.,1
카카오톡,업데이트 된 이유로 펑을 올려도 홈에서 프로필 업로드 된걸로 다른 사람들에게 보여서 내 펑을 정확히 누가 보는지 알 수 없어졌습니다,1
카카오톡,좋아요,3
카카오톡,보이스톡을 하고 지우기를 눌었는데 안지워져요. 이런부분좀 고쳐주세요.,3
카카오톡,에휴,1
카카오톡,메뉴얼을 내가 다 선택하면 좋을듯.필뇨없는거 까지 다 있어 불편해요.,5
카카오톡,프사 좋아요 하트좀 없애줘 제발 인스타에서도 버린 피곤한 기능을 왜?,1
카카오톡,롤백해라,1
카카오톡,메시지가 엉뚱한 사람한테 전송되고 잘못 전송되면 자동삭제 시키는버그 있네요. 덕분에 이상한 사람이 됬네요,1
카카오톡,쓰레기 같은 컨텐츠 좀 안보이게 숨김 버튼이라도 만들어놔라. 쓸모없는거만 잔뜩 만들어놨어 짜증나게,1
카카오톡,추천친구 전체 삭제 기능 좀 만들어주세요,3
카카오톡,평점 1.2였는데 왜 2.1이냐 매크로 돌림? ㅋㅋㅋㅋ 개인정보 가져가지 말고 롤백이나 하자,1
카카오톡,오래된 폰은 갑자기 카톡안되는데 해결안해주나요,1
카카오톡,업데이트 되고 계속 이상해짐..,1
카카오톡,불편,1
카카오톡,알람 껐는데도 온다. 어떻게 아직 이런 버그가있냐. 한국은 왜 카톡같은게 자리잡아서 이걸 어쩔수없이 써야하나,1
카카오톡,훌륭함,5
카카오톡,채팅방 고정이나 알림표시등 왜자꾸 설정이 리셋되는건가요 카톡 못쓰겠네...,1
카카오톡,업데이트 왜 강요하죠!!!!?,1
카카오톡,"어휴...,",1
카카오톡,"평점 1점대....이걸 보고도 변화가 없는 카카오는;;; 평점도, 주가도 개박살;;; ;;;;별 1개도 아깝다.",1
카카오톡,앱 사용으로 많은 정보 공유하고 싶습니다,5
카카오톡,불편한건 소식뿐 -★☆☆☆☆최악점많을거예요 sns때문ㆍㆍ 하지만 키즈짱없어진건아쉬운데 키즈짱 캐릭터 이모티콘이라도넣어주면좋을듯~~~,4
카카오톡,한개 주는것도 고맙게 생각해라,1
카카오톡,최악,1
카카오톡,야 저사양 컴들은 쓰지 말라는거냐? 메신저 기능만이라도 쓰게끔 해줘야지 니네때문에 컴을 바꾸리?,1
카카오톡,1. 소식탭 삭제 또는 ON/OFF 기능 2. 숏폼탭 삭제 또는 ON/OFF 기능,1
카카오톡,"2026.05 음.. 여전히 잘 쓰고는 있는데 요근래 들어서 자꾸 초기구성되면서 채팅방 고정이 해제되는데 이거 어떻게 멈추죠? 몇번째 재설정하는지 기억도 안 납니다. 해결해주실 수 있나요? 2025.07 카카오톡 잘 쓰고 있습니다. 감사합니다. 다만 예전에는 '나에게 채팅'하는 방에 글 삭제하는 버튼이 있었던 걸로 기억하는데, 어느 순간 없어지고 웬 이모티콘이 있더군요. 글자 설명도 없이 노트라던가 펜이라던가 하는 것들요. 1. 입력한 글 삭제 다시 만들어주시고, 2. 새로운 기능엔 설명이나 뜻 좀 만들어주세요. 감사합니다.",4
카카오톡,프로필검색 없애주세요 모르는사람한테 연락이 와요,1
카카오톡,왜 메신저에 생성형AI와 숏츠 플렛폼과 쇼핑기능이 있는지 모르겠어요,1
카카오톡,카카오톡 공지가 편의성을 위해 한번x를 누르면 다시 상단에 노출이 안되는방향으로 개편된것같은데 공지가 안보여서 불편한사람도 있습니다. 공지 접기/펼치기로 할건지 x표시로 아예 끌건지 선택할수있도록 해주세요. 편의성을 고려해 업데이트 하는건 좋은데 기존에 원래사용하던대로 사용하고싶은사람도 부디 고려해주셨으면 좋겠습니다.,2
카카오톡,숏품 커뮤니티좀 읎애줘,1
카카오톡,"정신병자들처럼 굴길래 자동업데이트 분명 꺼뒀는데 언제부터인가 원치 않는, 보고 싶지 않은 소식 피드가 뜨는군요 소식 안 보이게 설정할 수 있는 항목이라도 넣어주십시오 평점 꼴을 보아하니 계속 긁어대거나, 사고 하나 터지고 나면 박살나겠군요 완전무결한 철옹성이라고 믿는 모양인데, 경각심 좀 갖는 게 좋을 듯 합니다",1
카카오톡,갤럭시 카톡 미리보기 여러개보이게 해줘라 못쓰겠다ㅋㅋ,2
카카오톡,아니 왜 껏다 키면 멋대로 소식이나 쇼츠페이지로 켜지는건데요. 보고싶은 맘 없어요. sns도 안하는데 내가 왜 관심고 없는 업무로 이어진 사람들 소식 봐야하는데요 ㅡㅡ,1
카카오톡,생일인 친구 숨기는거 왜 없앴나요 그리고 오픈톡 상태에서 창 내렸다 키면 왜 무조건 숏폼으로 진입 합니까 너무 불편합니다,1
카카오톡,"이모티콘 즐겨찾기 순서 변경 기능이 없어졌는데, 언제 없어진 건지도 모르겠네요ㅜㅜ 이런 기능은 그냥 이렇게 쉽게 롤백이 되는 건가요.. 돌려주세요ㅠㅠ",5
카카오톡,좋아요,5
카카오톡,와우 리뷰 왠만하면 안 하는데 강제 업데이트 극혐이네... 누구 머리에서 나온 건지 모르겠는데 이상주의자인가? 현실 생활 가능한지 모르겠네 숏폼 강제이동 되는거 개혐오스럽다 진짜,1
카카오톡,누가 봐도 고정 9개인대 자꾸 10개 됬다그래요 좀 고쳐주세요 그리고 오픈프로필 3개 너무 부족해요 늘려주세요 그리고 오픈톡방 최대인원이 3000명인데 읽는거 수는 99라서 최대 3000으로 표시될 수 있게 해주세요 정보에 나온거랑 너무 다르게 쓰기 불편해져요,1
카카오톡,아오...업무상 번호둥록이 많은데 카톡친구추가가 안되어 업무방에 초대를못함 ㅡㅡ,1
카카오톡,난 보고싶지 않은 소식을 안볼 권리가 있다. 소식탭을 제어 할 수 있는 옵션을 제공해야한다. 왜 강제을 하는가.,2
카카오톡,👍,5
카카오톡,편리한 사용 편리한 사용,5
카카오톡,에휴,1
카카오톡,중공앱?,1
카카오톡,ai 를 메신저에 붙인다고 뻘짓하지말고 그 ai로 어떻게 하면 광고를 줄이면서 수익성을 늘릴지 연구나 하면 좋겠어. 진짜 1점도 아깝다. 가끔 가다 처음보이는 화면을 sns처럼 보이게 해놔서 어른신들이 보기싫다고 어떻게 하냐고 하는데 ㅅ첫화면 설정도 안돼. 우리나라 기업들은 내수 시장이 작아서 혁신은 없고 치사함만 가지고있다. 폰에서 정보를 저장하고 PC에서 보는 기능도 이제는 구독하라고 하니 어이가 없고 대체제를 기다리는 사람도 많을듯.,1
카카오톡,친구 소식탭을 보지않게 해달라고 여러차례 문의 및 건의를 했지만 개선할 맘이 없어 보입니다. 불편하면 하나 하나 개별로 차단을 하라네요 이것도 사생활침해 결정권 박탈인데 진심 개발팀이 소시오패스 인듯,1
카카오톡,은근슬쩍 숏폼 다시 뜨게 만들어서 저도 슬쩍 1점으로 내렸습니다.,1
카카오톡,전이 그립다 어려워 졌고 인스타 마냥...,1
카카오톡,대화백업메시지받기? 기존사용기기로 안내메시지를 보냈다고? 기존사용기기는 업데이트가종료되었다고 아예 열리지도 않는데.,1
카카오톡,카톡 새게시물좀 자동으로 안떴으면 좋겠다 안보구싶은데계속봐야하고 그냥 찾아보는건어쩔수없다지만 왜 자동으로 뜨는지모르겠디 편하게올리고싶어도 다른사람에게민폐끼칠까바 올릴수도없고 환장하겄네 나만보기두 별로고 자동뜨는것두별로다 예전으로 제발돌아가자 머리좀 쓰지마 그냥 내비둬,1
카카오톡,진짜업데이트전으로돌려줘요,1
카카오톡,예약메세지 없데이트좀 하세요 왜 한번도 못보낸 사람한테는 예약메세지를 못보내죠?,1
카카오톡,좋아요,4
카카오톡,좋아요,4
카카오톡,갑자기 모든 톡방 리스트 사라지더니 기존 대화 내역 상당 부분이 날아갔네요. 삭제하고 다시 깔고 백업을 받아도 동일합니다. 대화 내역중에 중요한 것들 많은데 손해가 큽니다. 니들은 독점 아니었으면 아마 안썼을 거에요.,1
카카오톡,갤럭시탭 2016년 출시 구입했는데 설치가 안되는데 할수있는 방법 없나요,5
카카오톡,그냥 예전에 쓰던 것처럼 바꿔주면 안돼요?ㅠ,1
카카오톡,홍민탁이가 망치놨다,1
카카오톡,업데이트 막아놨는데 오늘 강제로 업데이트 됐네요 하~~정말 불편하네요,1
카카오톡,와 이제 업뎃 안 하고있으니까 업뎃하라고 협박하노 팝업띄우네ㅋㅋㅋㅋㅋㅋㅋㅋㅋ이상한 거 광고 겁나 넣었자나여 왜 하란겨,1
카카오톡,친구목록 복귀 시켜주고 은근슬쩍 카카오톡 소식으로 전환하게 만드네 기싸움함? 그냥 시작부터 친구 목록만 뜨게 만들라고,1
카카오톡,"오픈 채팅 들어갈때마다 숏폼 재생되는건 진짜 누구도 생각할 수 없는 혁신이네, 세상 사람 그 누구도 이해 못하는거 보니까 혁신이 맞네",1
카카오톡,"지금은 카카오톡이 너무 절실 합니다. 국외 체류 중이라, 그런데 무슨 사업자로 계정이 되었 습니다. 저는 사업자도 무슨 회사도 없는 저는 혼자.이고 개인 입니다.가족도 없고 싱글 이기에 해킹 정도가 아닌 아예 모르는 누군가가 저의 갤럭시 폰을 장악한지는 오래됐습니다.도와주십시요.관계자분들께서 확인 하시면요,",1
카카오톡,친구목록 업데이트 목록 접기 다시 만들어주세요. 목록 간격이 왜이렇게 좁아졌나요..옹졸해요,1
카카오톡,생일친구 업데이트친구 표시되는 메뉴 왜 없앴나요?????? 개선 안 되나요?????,2
카카오톡,왜 스리슬쩍 친구탭에 소식이 또 먼저 보이게 해놨냐... 진짜 카카오톡 참.....,1
카카오톡,너무너무 좋아요♡☆,5
카카오톡,부장님 쉰내나는 영포티감성,1
카카오톡,숏폼 쳐없애든가 오픈채팅이랑 순서를 바꾸든가 해라,1
카카오톡,이놈들 또 오픈채팅 누르면 처음화면 쇼츠 나오게 쳐바꿔놨네,1
카카오톡,제발 예전꺼로 돌려주세요 그게 안되면 예전꺼 다운이라도 할수있게 올려주세요 업데이트 안하고 쓰다가 폰 바꾸면 자동설치되서 진짜 쓰기싫으네요... 예전버전이 더 깔끔하고 좋은데 왜 인스타 따라해서!!!,1
카카오톡,갤럭시26 울트라 알람 1개밖에 안보임 미틴,1
카카오톡,카카오톡 팬으로서 좋아 합니다,5
카카오톡,진짜 최악...,1
카카오톡,알림음 소리좀 줄일 수 없나요.,1
카카오톡,자꾸 초기데이터를 구성중입니다 라고 하면서 보안(암호잠금) 알림 채팅 이모티콘 채팅방 상단고정과 같은 설정이 재설정 초기화 됩니다. 제 기기는 s26울트라입니다. 리뷰를 찾아보니 저와 같은 현상이 다른 기기에서도 발생하는 것 같은데 수정 패치 부탁드립니다.,1
카카오톡,업그레이드 무한루핑ㅇ,1
카카오톡,"진동 길게 바뀜, 상단 고정 풀림, 알림 안받기한 카톡방 알림 울림.이상 세가지 빠른 수정 부탁드립니다",1
카카오톡,오픈채팅 보려고 하는데 왜 숏폼이 먼저 나오게 업뎃한거임? 업뎃전엔 오픈채팅 먼저 나왔던걸로 기억하는데; 사용자 편의성을 고려해서 어플 좀 바꾸지 좀 마라 왜 자꾸 그득그득 인스타 따라하려고 하냐 목적을 생각하라고,1
카카오톡,갤럭시는 왜 채팅창 꾹 눌러 내려서 미리보기 하는거 안해줘요? 오히려 갤럭시를 해줘야하는거 아닌가 애플은 어차피 배너 알림에서 미리보기 되는데,1
카카오톡,감사,5
카카오톡,쓸데없는광고가너무많이떠요,1
카카오톡,개악도 이런 개악이 없다. 할 말을 잃은 수준. 이거 강행한 인간은 머리에 뭐가 부족한게 분명하다. 돌려놨다가 또 다시 소식탭이 먼저 뜨게 해놨네. 숏폼이고 소식이고 안보고싶으니까 그거 끄게 좀 해놔라 영포티 꼰대마인드로 은근슬쩍 고집부리지말고. 업무때문에 안쓸수도없고 개열받게하네 진짜.,1
카카오톡,친절에 감사드립니다.,5
카카오톡,아니 업데이트하라해서 업데이트하려고 누르면 열기 만 있고 업데이트가안되는데 이거 어쩌라는거야,1
카카오톡,쓰레기들 ㅋㅋ 이용제한조치 풀어달라고 위반 안했다는거 명백히 증거를 내도 못풀어준대 ㅋㅋ;;,1
카카오톡,오픈채팅 들어갈 때 숏폼 화면 먼저 팝업되는 걸 설정으로라도 바꿀 수 있게 해줘야지 무슨 꼬우면 딴거쓰든가식 업데이트하는 똥양아치 짓거리를 하고있네,1
카카오톡,조용해지니ㅈ다시 소식부터 보이게 하는겁니까? 전엔 채팅창으로 시작했었는데 변경사항 너무 불펀합니다. 다시 이슈되어야 이전 사용성을 돌러 주시는 건가요? 시작화면 설정 기능이라도 만들어 주시죠,1
카카오톡,쓰는 이에 집중. 쓰기 좋게 맞춤. 이거 다시 생각해보세요.,1
카카오톡,최고입니다,5
카카오톡,굿굿,5
카카오톡,업데이트 된 프로필을 누르면 그 사람 프로필이 뜨게 해놔야지 뭔 스토리마냥 뜨게 업데이트를 해놓음...? 이건 업데이트 된 프로필이 아니라 업데이트된 사진이지; 개불편해요,1
카카오톡,소식 탭으로 가게 좀 하지 마라 사람들 어떻게 사는지 궁금하지도 않다고 ㅡㅡ,1
카카오톡,sra,1
카카오톡,또 지멋대로 소식으로 켜지게 되어있네 다른 사람 사진 보기 싫다고,1
카카오톡,친구/소식 탭 까지는 어떻게 이해하겠는데 첫화면을 소식 탭으로 하는건 좀 아닌듯,1
카카오톡,"친구 소식 보고싶지 않는다고 설정해도 계속 바뀌고, 설정에서 끄는 방법도 안 만들어놈",1
카카오톡,카톡 또 장난질이네? 프로필 업데이트 누르니 광고ㅋㅋ돈독이 옮앗냐,1
카카오톡,비열하게 슬금슬금 처음 카톡 키면 쉰내 나는 카톡 인스타창이 처음에 뜨도록 잠수함 패치라도 했나? 자꾸 내가 보지도 않은 친구 근황이 첫 화면에 뜨네,1
카카오톡,요즘들어 카톡사진확대해서 보는거 데이터불러오기실패가많이떠요,1
카카오톡,"소식, 숏폼 진짜 싫은데 은근슬쩍 먼저 보여줌",1
카카오톡,소식탭 누른 적도 없는데 먼저 뜨고 숏폼 누른 적도 없는데 먼저 뜨고 친구목록 최소화 없애버리고 업데이트 프로필 최소화 없애버리고 생일친구 안뜨게 하는 기능도 없애버리고 축하한다고 말하려면 선물하기 봐야 하고 앱 내 어디서든 엄청 많은 광고를 봐야 하고 친구추천을 꺼도 추천친구는 봐야 하고 '지금뜨는 커뮤니티' 글까지 다 봐야 하고 채널은 아무것도 없어도 봐야 하고 이 모든 것보다 날 더 화나게 하는 게 뭐냐면 이 모든 기능들을 on/off 할 수 있는 게 아닌 점 새로운 기능 내놓을 때 선택권을 주지 않고 기존에 있던 기능마저 선택권을 박탈해버린 점 카카오가 망하길 바라는 게 아닙니다. 잘못된 기획과 그걸 끝까지 밀어붙이는 만용은 고쳐야 합니다. 카카오는 사용자가 원하는 게 뭔지 알고 있을 겁니다. 카카오가 '올바른 방향'으로 나아가 다시 사용자들에게 사랑 받는 '메신저'가 되었으면 좋겠습니다. 꼭 그렇게 나아지길 응원합니다.,1
카카오톡,갈수록 망가지고 있는게 눈에 보임,1
카카오톡,숏폼 안보고싶어요. 인생에 딱히 득이 되는게 없는데 굳이 이걸 왜..,2
카카오톡,카톡은 '본인들의 어플이 왜 인기 있었는가?'에 대해 곰곰히 생각을 해보고 패치를 해야할것 같음 요즘 감성 모르는 영포티가 본래의 장점을 다 가리면서 쓸데없는 패치 하는듯,1
카카오톡,실수로 업데이트했습니다....,1
카카오톡,업데이트 하라고하는데 이전꺼 삭제후 다시 깔았는데 업데이트가 할게 없는데 요.. 오래된 폰이라서 더이상 업데이트안되는 걸까요?ㅠㅠ v30 엘지폰이예요,5
카카오톡,이번 업데이트로 옆동네 SNS이랑 다를게 없어졌네요... UI도 상당히 불편해지고 굳이 숏폼 기능으로 일면식도 없는 사람의 사생활을 보는게 정말 부담스럽습니다 그리고 굳이 광고를 프로필에 넣는건 무슨 생각이신지ㅋㅋ 이런걸 업데이트라 부르는게 참 신기합니다 이런거 쓸바엔 차라리 휴대폰에 이미 기본으로 깔려있는 메시지 앱이 훨 좋게 느껴지네요,1
카카오톡,"예정 업데이트에서 피드형 ui를 왜 새로운 탭으로 옮깁니까 없애야지 사람들은 카톡을 메신저로 쓰고 싶은거지 숏폼, 피드를 보고 싶은게 아닙니다 그리고 이게 어떻게 쓰는 이에 집중, 쓰기 좋게 맞춤입니까? 이건 그냥 카카오 운영진들이 원하는 바에 집중, 쓰기 불편하게 맞춤입니다 이젠 심지어 이마저도 업데이트 안하고 뻐기네요? 유저랑 기싸움 하십니까? 시간 지나면 평가 나아져서 안바꿔도 괜찮을줄 알았습니까? 유저들이 호구입니까? 카톡은 서비스형 '제품'이지 여러분들 입맛대로 고쳐대는 장난감이 아닙니다",1
카카오톡,쇼츠 숏폼 그런거 왜 집어넣은거죠 저희 초등학생 저학년 조카가 있는데 카톡하는척 하면서 보고 있더라구요 그거 보고 욕도 배우고 이상한말까지 배워서 써요 카톡 때문에 애가 잠을 안자서 핸드폰 뺏었더니 험한말하고 난리나는데어떡해 책임 지실껀가요 카톡이 애를 다 망쳐 났네요 빨리 롤백 하시죠... 일점도 아깝,1
카카오톡,구글은 컴퓨터에 약한 사람한테는 참 어렵네요.,2
카카오톡,잘사용하고있습니다,5
카카오톡,0점이 없어서 1점 줍니다,1
카카오톡,사진 영상 보기 너무 편해요,5
카카오톡,그냥 원래대로 돌려 놓고 메신저의 기본 기능이나 다시 제대로 챙기시는 게 나을듯합니다.. 대체 메신저가 있으면 바로 도태될 앱이라 느껴지네요. 회사나 중요한 일 아니면 더 이상 쓰지도 않는데 이렇게 스스로 무덤을 파면 좋을 건 없다 생각합니다,1
카카오톡,또 은근슬쩍 소식탭부터 뜨게하는거 유저랑 기싸움 진짜 지치네요..... 나이든 아줌마가 고집이 세네요.,1
카카오톡,남의 사생활 관심 1도 없습니다. 제발 옛날 버전으로 해 주시던지 카톡으로만 쓸수 있게 환경 셋팅에 오픈 정도를 설정하는 기능을 만들어 주세요. 카톡에 있는 모든 사람이 내 친구가 아닙니다. 그리고 내 사생활에 남에게 굳이 보여 주고 싶지 않구요. 별 하나도 주기 싫은데 최하가 1이라 억지로 하나 드려요. 별 하나로 혹시 위안 삼으실까봐....,1
카카오톡,"다른 사람 메세지가 오는게 중간 것이 뒤늦게와요; 예시로 메세지가 안녕, 뭐해, 밥먹었어? 3개면 메세지가 안녕, 밥먹었어? 라고 오고 뭐해가 뒤늦게 중간에 끼는 식으로 자꾸 뒤늦게 옴. 그래서 못보고 지나가는 메세지도 너무 많고 대화가 원활하게 되지가 않아요,,, 진짜 스트레스 받음 뭐하자는건지ㅜ",1
카카오톡,광고에 미쳐버린 것 같음.,1
카카오톡,프로필만 비공개 되게 해주세요 친구차단 하지 않고 프로필만 비공개 기능 만들어주삼,3
카카오톡,카카오메일 비밀번호를 갱신하였는데 가입하지 않은 계정이라고 메시지가 뜨는데 이것은 무엇때문인지 궁금함,5
카카오톡,0점이 없어서 1점을 줍니다,1
카카오톡,어쩔수없이 쓰고 있긴한데 쩝 그렇습니다,1
카카오톡,좋아요,4
카카오톡,옾챗에서 동영상 누르니까 데이터를 로드할수없다고 뜨는데 해결방법있나요,3
카카오톡,좀 나아졌나요? 25년 9월부터 업데이트 버티고 있는데 매번 귀찮네요. 댓글 안되니 표시로 알려주세요.ㅋ,1
카카오톡,작작ㅁ좀해라- 갈면갈수록 쓰레기앱이되네,1
카카오톡,에휴 ㅉㅉ 첨부터 계정이나 만드라하고 태블릿에는 그리고 왜 업뎃을 이따구로 하는지,1
카카오톡,카톡전화안돼서 조금 ...,1
카카오톡,중국에 개인정보 팔아쳐먹고 사용자 편의를 위한 업뎃은 안하고 걍 답답함,1
카카오톡,앱에 친구소식은 안볼수있게해줄수없는긴,1
카카오톡,"카카오톡을 쓰면서 광고도 많이 나오고 오픈채팅을 하는데 갑자기 혐오,욕설 이런걸로 정지먹이는데 증거도 없이 갑자기 그래서 카톡쓰기가 싫어지네요",1
카카오톡,숏폼 소식 탭 꼴보기 싫음. 실수로 업그레이드했음ㅠㅜ,1
카카오톡,일점 주기도 싫다 갑자기 옾챗 정지 시키고 진짜 이유도 안보내 그럴거면 카톡 CEO를 나한테 내놔라 내가 더 잘할거같다 ㅉㅉ 그따구로 살지말아라 카톡,1
카카오톡,점점 불편하다.,1
카카오톡,업데이트 하기 싫었는데 구글플레이스토어에 들어와서 보면 파란색 글자로 업데이트라고 되어있는거보니까 거슬려서 어쩔수없이 하게됐는데 더 이상해졌어요.'업데이트 프로필'이라고 생겼는데 프로필 업데이트를 했는데도 계속 있어서 너무 불편해요ㅠㅠ 카카오톡 업뎃 왜 했는지 아직도 너무 화가나고 카카오톡 삭제하고 라인메신저 쓰고싶네요.,1
카카오톡,"숏폼 좀 없애라, 카톡이 늬들 레고블럭 장난감이냐",1
카카오톡,다운로드 안됨,1
카카오톡,재실행 시 마지막에 사용하던 탭으로 시작됐었는데 어느순간부터 일정시간 지나고 앱 켜면 친구-소식탭으로 켜지게 고정해놨네요 따로 업뎃해서 그런 것고 아니고 잠수함패치를 이딴 식으로 하면 반감만 사요 생각 좀 하세요,1
카카오톡,아니 뭔 광고가 이리 덕지덕지 있는겨. 뭔 C급 무료게임도 이정돈 없겠다,1
카카오톡,이번에 새버전을 쓰고있는데 너무 불편해요. 완전 이전 버전으로는 돌릴 순 없나요 비공식말고 공식적으로 이전버전을 쓸 수 있도록 해주세요. 부탁드립니다.,1
카카오톡,카톡 연결이 안되서요,5
카카오톡,상단고정기능이 자꾸 풀리는데 점검해줄수있나요? 게속 기능설정 초기화가 게속되서 상단 고정이플리는데 점검해줄수있을까요?,5
카카오톡,개인생활 하늘데 .소통에 일번지 . 카카오톡 .아주 좋아요 😀 👍.^^,5
카카오톡,소식탭 자체를 숨기게해주세요. 볼 생각도 없는데 강제하니 불편합니다.,1
카카오톡,비밀번호 까먹어서 재설정하는데 제 번호도 아니고 아빠번호도 아닌데 비번 재설정 추가사용자확인 그거 빼주시면 안되나요 제가 아직 어린이 여서 제 번호 쓸때도 있고 아빠번호쓸때도 있는데 둘다 아니라면 난 사용하지 말라는 건가요 누가 로그인이라도 한건가요...ㅠㅠㅠ 본사가야하나요?ㅠㅠㅠㅠㅠ 답변주세요ㅠㅠㅠ,2
카카오톡,아니 업데이트된 프로필 따위 안보고 싶음... 접어놓을수도 없게 패치해둠...프로필을 무슨 인스타 스토리처럼 바꿔놨는데 인스타가 부러우면 인스타를 인수하셈,1
카카오톡,생일보기끄기제발 너무 이익창출에 눈이 멀어서 사용자 스트레스를 무시함? 수익성 좋고 편한 기능인건 인정하는데 이용하고안하고는 고객에게 선택권이 있어야지 있던 안보기 기능 없애는거 진짜 사악함,1
카카오톡,프로필 업데이트 안 보고싶은데 왜 안꺼짐?,1
카카오톡,카톡키면 남의 업뎃 사진좀 치워요. 들어갈때마다 보고싶지 않은 확대 사진 보기 싫어요. 축하하면 폭죽 날리던 것도 선물하기로 이어져서 사소한 축하도 다른 단어 쓰게 되네요. 축하할때마다 선물하진 않잖아요. 선물할건 알아서 선물합니다. 매출 떨어져서 초조한거 티내지 말고 은근하게 소비하게 해주세요.,1
카카오톡,이 멍처이들이 또 쓸데없는 것 바꿔 놓았네. 친구 최신 소식 들어가 볼려고 했더니 웬 자동 앨범? 게다가 모드 선택은 항상 개나 줘버리고. 이렇게 필사적으로 스스로 점수 깎아먹는 회사는 살다 또 처믐이네.,1
카카오톡,업데이트를 하지마 제발,1
카카오톡,통화소리가 안남 다른앱은 통화에 지장없는데 보이스톡만 안됨 근데 해결방법이 안나옴,1
카카오톡,제 멋대로 로그아웃되고 다시 로그인하면 일부 채팅 내역이 모두 삭제되어있고 채팅방 복구를 할려고 하니까 시간이 아무리 지나도 복구중이라는 팻말만 몇 시간째 붙어있고 반응이 없음 갈 수록 쓰레기어플이 되어가는거 같음,1
카카오톡,옾정 이딴거 도대체 왜 있는거임,1
카카오톡,숏폼을 없애지는 못해도 숏폼보다 오픈채팅이 먼저 뜨게는 해줘야 하는 거 아닌가요?,1
카카오톡,1점으로 하면 안 볼게 뻔하니... 씁니다... 제발 메세지 쓰는 걸 실시간으로 보이게 하는거... 왜 업뎃할때마다 켜놓는 겁니까? 안 그래도 보기 싫어서 꺼놓는데. 꺼놓는 기능을 업뎃하면 기싸움하듯 다시 켜놓는 이유가 있을까요? 카톡 들어갈 때마다 로비가 프로필이 아닌 소식창(1도 궁금하지 않은)으로 어느 순간 고정됐더군요? 카카오톡 어플의 장점을 자꾸만 지우고 고꾸라질게 뻔한 도전적인 시도를 계속하시는 이유가 있을까요...? 차라리 네이버처럼 기존의 창과 업데이트된 창을 선택적으로 고를 수 있다면 좋을 것 같은데 말이죠.,5
카카오톡,한 개도 많다.,1
카카오톡,카톡뿐만 아니라 유튜브나 다른 겜어플 외 계열어플 모조리 광고광고광고. 광고에 미친거 같음 광고. 티비에서도 광고 광고주들한테 굽실거리며 치킨갖다 바치냐 소식이나 지인들 생일은 원하지 않다면 가리게 해줘 ㅆㄱ놈들아,1
카카오톡,최악이네 개발비들여 쓸데직에 돈 쓰나 개발자는 카톡 돈받고하면서 욕하지말라고 못쓰겠네 24시간 걸어놓고 쓸데없는건 머리잘쓰네 그런다고 보안이강화되냐,1
카카오톡,사용을 잘 안해요,4
카카오톡,좋아요~!,5
카카오톡,이거만 업뎃 안되게 하는 방법 아시는 분?,1
카카오톡,개인적으로 이전 카톡이 더 편했어요 숏폼 만든거랑 이것저것 많이 바뀌게 되었는데 사용하기가 불편 해졌습니다.. 원래 대로 바꾸는건 안될까요?.,1
카카오톡,예전 카톡이 더 낫다구요~~~,1
카카오톡,"카카오. 오랜친구. 늘,곁에서 도움되고 주고받는, 저렴하면서 모든기능 선택,유용하게 이용하고 편리를 추구하여 카카오 가입자들의 마음을담는 한국 기업의 콘텐츠의 맹주,멋진 당신님의 승승장구의 정진 관철하심에 응원할게요. 카카오의 변변없는 친구 윤 석현입니다. [처음처럼. 늘,그대로이] [빛고을 광주무등,어등골 민초. [글]감히 올림니다. 모두가 사랑입니다.오늘도 고운꽃길을 걸으시길 기도 합니다.",5
카카오톡,예전 폰에서 갱신 안되네요. 불편함.,1
카카오톡,아니 10.7.4가 최종버전이라 업데이트가 안되는데 왜 업데이트 하라고 작동이 안되는거지?,1
카카오톡,진짜 욕나온다 광고좀 안나오게하세요,1
카카오톡,ㅋㅋㅋㅋㅋ업뎃 안하니까 위치공유 안보이게 막았노 어 그래 끝까지 안해~ 영포티덕에 참 대단하다~,1
카카오톡,멀티프로필 다시 메인으로 끌어와라 숨겨져있는거 찾는데 개오래걸림 그리고 소식이건 숏폼이건 광고건 안궁금하다,1
카카오톡,최악. 친구목록이 바로 뜨게 고정해놔도 강제로 소식탭으로 바꿈,1
카카오톡,님들 패밀리 링크 때문에 유튜브 인스타 못하는 분들 카톡 이용하세요 샵 검색으로 인스타 유튜브 치면 할수있습니다,5
카카오톡,즐겨찾기 추가했는데 안되네요,1
카카오톡,업데이트 하라고 그만 물어봐라. 앱도 중딩보다도 못만들어놓고 앱켜기만 하면 자꾸 물어보네,1
카카오톡,업체에서 오는 광고와 일반채팅방을 구분하는 기능이 있었으면 좋겠어요 광고 때문에 중요한 메세지들을 못 읽고 넘어가버린 경우가 종종 있어서요,2
카카오톡,다른 메신저 서비스가 없어서 쓰는 중. 그것 뿐,1
카카오톡,다른 메신저가 있다면 다른 메신저를 쓰고 싶다. 업데이트를 안하려고 막아뒀더니 이제 알림이 안 와서 눈물을 머금고 업데이트한다.,1
카카오톡,미친 게시물 좋아요알림 뭐임???스크롤 내리다 엉뚱한 사람 게시물 하트 잘못눌렀는데 회수해도 알림간다는거임? 개끔찍하네,1
카카오톡,쓰레기 같은 숏폼 분리하던가 삭제좀 해,1
카카오톡,왠지 계속 쓰기 편하다,5
카카오톡,업 할수록 친따 어플,1
카카오톡,요즘 자꾸 친구피드 띄워서 구버전 apk받아서 깔았더니 대화복원을 못 하게 막아놨네? 이 영악한 놈들,1
카카오톡,0점이 있으면 0점 주고 싶습니다. 왜 모르는 사람들 프사까지 강제로 봐야하죠??? 귀찮아서 인스타도 안하는데 맨날 이상한 기능만 추가하더니 드디어 맛이 갔네요 제발 숏폼좀 지워주시고 소식탭 만들꺼면 탭 삭제하기라도 넣어주세요. 그리고 친구목록 접기는 왜 사라진건가요???? 카톡에 친한 사람뿐 아니라 일반 지인들도 있는데 일일히 프사 보고싶지 않습니다,1
카카오톡,첫화면을 강제로 채팅이 아닌 친구목록으로 바꿔버리는거 정말 열받네. 카카오 너네 언제 망하나 두고보자.,1
카카오톡,오늘 부터 갑자기 접속자체가 안되길래 찾아봤더니 버전이 높아야 이제된다는걸보고 이제 놓아줘야 되나 생각했습니다 분발하십쇼. 저희가 원하는게뭔지 생각하란말입니다,1
카카오톡,안쓰고싶지민....,1
카카오톡,개쓸때없는 숏폼같은 쓰레기만들어서 데이터 쳐먹게 할려고 별짓거릴 다하네,1
카카오톡,웹버전 제발 만들어달라. 인트로 애니메이션 넣지말고 빠르게 보여줘라. 하다못해 옵션에서 끄게 해달라.,1
카카오톡,"업데이트하고, 별, 1 개도 아까움 예전이 그리움.... 소식탭 좀 없애요 쫌!! 그리 어려워요??? 새로바꾸고 싶으면 카카오 직원들끼리만 내부테스트나 사내 메신저용으로 쓰라고요!!!! 업데이트 프로필도 보기 싫어요!! 궁금하지도 않고!!! 아 진짜 불편 !!!!!!!!",1
카카오톡,만족합니다.,4
카카오톡,다 좋고 AI 추가한것도 좋은데 인스타랑 비슷하다보니까 살짝 불쾌감이라 해야되나? 무튼 그거랑 남에 사진 보고싶지는않았는데 띄워줘서 살짝 불편하네요.,3
카카오톡,멋대로 켜지는 친구탭에 몰매 맞고 되돌린 버전 꾸역꾸역 다시 들고와요?,1
카카오톡,배리굿!,5
카카오톡,친구탭 디폴트가 왜 프로필 리스트가 아니라 소식인가요? 보기싫고 불편해요 컨트롤이라도 할수있게 해주세요 그러면 자동으로 온국민이 스크롤중독 될거라고 생각하신건지,1
카카오톡,좋아요,5
카카오톡,은근슬쩍 소식탭으로 한번씩 켜지게 해놨넼ㅋㅋㅋ가지가지들 한다,1
카카오톡,앱이 쓰레기니까 주가가 이모양이지,5
카카오톡,아니 알림 꺼놓은 채팅방 왜 죄다 알림 뜨나요? 오류면 빨리 수정해주세요 제발진짜,1
카카오톡,너무 편해,5
카카오톡,너무 불편한거 모르지않으실듯..,1
카카오톡,업테이트... 어쩔 수 없이 했는데 불만족스럽네요,1
카카오톡,효율적이며 편리합니다!!!!,1
카카오톡,잘함조아요,5
카카오톡,모르겠다,2
카카오톡,"하하하하하하하하하하하하ㅡ하하하하하하하하하하하하하하하하하하하하하 모두가안전하게대화해요?? 정말 간절하게 부탁할게요. 숏폼 삭제, 무분별한 광고 삭제. 그리고 친구탭에 추가된 모두가 친구라고 단정짓지 말기. 친구탭에는 사이 안 좋은회사 동료, 일면식 없는 학교 선배, 보기 싫은 친척들 아니면 이상하고 다른 사람들도 있습니다. 제발 바꿔주세요. 제발제발제발제발 저 이 업데이트 때문에 프사 이상하다고 온갖 조리돌림 당했어요. 제발제발바꿔주세요바꿔바꿔바꿔바꿔바꿔바꿔바꿔바꿔바꿔바꿔바꿔바꿔바꿔주세요제발제발제발제발저이앱이용하는이유가사적인이유때문이에요사적인이유아니면이앱 이용안해요. 카톡아, 우리 업뎃전까지는 친했잖아... 하하하하하하하하하하하하하하하하하하하하하하하하하하하하하하하하하하하하하하하하하하하하하하하하하하하하하하하하하하하하하하하하하하하하하하하하하하하하하하하하하하하하하하하하하하하하하하하하하하하하하하하하하하하하하하하하하하하하하하하하하하하하하하하하하하하하하하하하하하하하하하하하하하하하하하하핳",1
카카오톡,프로필어쩌구는 그럴수있다치죠 오픈채팅 답장은 돌려줘요;; 댓글된걸로 바로볼수있는것도좋고 다좋은데 답장으로 롤백좀 해주시죠 진짜,2
카카오톡,광고찌라시 처보낼생각하지말고 고객센터 관리나 똑바로하세요,1
카카오톡,업데이트 친구 누르면 프로필 보는걸로 롤백좀. 어설프게 인스타 따라하려는 욕심 좀 작작,1
카카오톡,인터넷폰으로 카톡하고있는데 업데이트가 인되네요,2
카카오톡,카카오톡 업데이트 하면서 새로운 프로그램에 대한 의견 입니다: 개인들의 카톡이 너무 많이 공개 되는거 갔아요 이건 아니라고 봐요,5
카카오톡,그냥 제가 할말을잃었어요,1
카카오톡,처음으로 리뷰를 써봅니다 업데이트한 친구 이것좀 없애주시면 안되나요?! 계속 빨간점으로 맨위에 죽치고 있어서 궁금하지도 않은데 봐야해서 스트레스받네요;;,1
카카오톡,또 이상한거 해놨네. 제발 아무것도 하지마!!!! 왜 프로필 업데이트되면 인스타처럼 보여주기하냐고. 따라하는거밖에 안하니???,1
카카오톡,숏폼 없애달라고요 진짜 별 한개도 아까움 차라리 유료로 하고 전으로 돌려줘요,1
카카오톡,미패드도 태블릿버전 쓰게해줘요,1
카카오톡,업데이트 하면 개인설정 해놓은 거 초기화 좀 하지마세요 매번 업데이트 될 때마다 초기화 되어서 항상 개인설정 가서 바꿔야하는데 짜증나네요,1
카카오톡,티맵은 핸폰에서 지원 가능한 마지막 버전 기준으로 사용이 가능한데 국민 메시저라고 하는 카카오톡도 마지막 지원 버전에서 메시지와 파일 주고 받는 기능만 제공하면 되는데 그게 어렵나 그러니 카카오가 네이버울 뛰어넘지 못하는 것이 아닐까,1
쿠팡,트ㅡ드2 3개월 ㅡ5ㄴ,3
쿠팡,잘 쓰고 있습니다.,5
쿠팡,"바둑판식 배열 사용 하려면 우측 상단 쿠팡랭킹순 오른쪽 아이콘 누르라고 하셨는데, 아예 우측 상단에 버튼이 없어여;;;",2
쿠팡,정말 불편하네요. 낚아채기 짜증나서 탈팡합니다.,1
쿠팡,쓰레기어플.. 뭐가 맨날 네트워크 상태가 안원활해요,1
쿠팡,11번가 네이버에는 상품문의하기가 있는데. 쿠팡은 아무리 찾아봐도 상품문의하기가 없다 너무 불편하다 그리고 어떤 상품은 상품 상세보기 확대가 되고. 어떤 상품은 확대가 전혀 안 된다. 11번가 네이버 는. 상세보기 확대가 백프로 됨. 댓글을 내가 시간 있을 때 남기고 싶은데 댓글 남기는곳 도 없다. 쇼파 구입했는데. 화면에 보이는 것처럼 완제품인 줄 알았는데. 조립안된 엄청난 크기 상품배달 반품. 쿠팡 기사 분한테 너무 미안. 황당 상품 상세보기 설명에는 고객님께서 직접 조립해서 사용해야 된다는 표기가 아예 없음. 맨 밑에. 너무나 작은 글자로. 다리 설치하는 것만 설명. 그것 조차 글씨가 너무 작아서 보기 힘듦. 확대도 전혀 안 되고.,3
쿠팡,"3세 이상인데, 왜 결제 안돼여..?ㅠㅠ",1
쿠팡,"이제 쿠팡쓴지 10년이 넘었네요 현관문이 바로 인도라 택배도난이 잦아서 이사가고싶지만, 사정이있어서 못가고있어요 상담신청으로 원만히 해결되어서 여러모로 편리해요 항상 감사합니다 전쟁으로 제품이 많이 리뉴얼되는게 너무 슬프네요 돈이 문제가아니라, 제품의 문제로 다른 상품을찾아야하는 어려움이 힘들어요ㅜ",5
쿠팡,설치해두면 납치광고의 목적지로 활용되는 악성앱입니다.,1
쿠팡,회원가입제로하니 부담되고 정보유출에도 사과없으니 싫다,1
쿠팡,재가입하려는데 인증 다 막아두고 시스템오류 잠시후 시도해주세요만 1년내내 띄어둘거면 일을 뭐하러함,1
쿠팡,오너리스크의 적절한 예,1
쿠팡,처음과 달리 문제가 생겨도 잘 해결도 안해주고.관리자는 고객응대시 거만하고. 돈 많이 버니까 고객은 홀대하네요.,1
쿠팡,김범석 개같이망했으면,1
쿠팡,안 눌렀는데 자꾸 실행됨 불법 쿠팡,1
쿠팡,반성해라,1
쿠팡,"다른건 다 괜찮은데 로켓배송 00000원 이상 구매시 무료배송 <- 이게 불편하네요 뭔 강매하는것도 아니고 앱 자체가 ""무료배송을 받고 싶으면 가입하셈~^^"" 이라는 마인드여서 좀 열받습니다. 그리고 그놈의 판매자 로켓 볼때마다 쿠팡 지워버리고싶은 마음만 생깁니다 '나중에 해택받기' 누르면 결제는 되야하는거 아닌가요? 결제 안되면 뭐 어쩌라는거에요? 뭔 답정너들인가요? 쿠팡 아니면 쓸만한 쇼핑앱이 없어서 참고 쓰는데 자꾸 이따위로 관리하시면 앱 삭제하는 회원 많을테니까 생각 잘하시죠",1
쿠팡,어플 자체는 쓰레기급,1
쿠팡,모바일 로그인 안되네요 모바일로그인으로 넘어가지않고 인터넷 페이지에서 로그인하면 데이터 요청 실패했습니다만 뜹니다,1
쿠팡,와우 가입 안하니까 자꾸 와우 가입하라고 광고 띄우지 마세요 좀..,3
쿠팡,하 엄마두진 광고좀 적당히 내보내라 스트레스 받아 죽겠네 테무랑 다른게 뭐노,1
쿠팡,업데이트 적당히좀...,1
쿠팡,잘 쓰고있다가 고객확인제도 실명확인이 안되다고 뜨는데 어떻게 하면되지요?,5
쿠팡,one ui8.5랑 충돌남 (전부 최신인데요?;;),2
쿠팡,왜자꾸. 앱을 바꿔요?편하라고 업그레이 한다며 처음 할때가 편리했어요 갈수록 사용하기불편합니다 별로 이용 안하고 싶어져요 지금도 본인 의사와 무관 강제적 업그레이드 짜증나,3
쿠팡,"탈퇴후, 재가입..쿠폰 주고, 주자마자, 갑자기? 빼가는건 무슨경우? 어이상실! 주질말든가? 너무하는거아닙니까? 느구 약올립니까? 고민하고, 가입한건데, 또, 후회하게되네.아무 대책도 없으면서😐",1
쿠팡,왜 계속 스치기만 해도 납치광고가 뜨나요?? 미국기업이라 한국에서 막해도 된다고 교육받았나요??,1
쿠팡,악덕 기업 탈팡~!!!,1
쿠팡,배송시에 물건을 문 옆에 두어야하는데 문앞에 놓아서 문을 못여는데 시정해주세요,5
쿠팡,와우 회원가입 광고 하는건 좋은데 상품 결함으로 반품 하려는데 마치 와우 회원이 아니면 무조건 5천원 내야지 반품되는 듯 한 광고성 배너 같은건 좀 쳐 하지마라 일단은 반품신청 해보니 상품 결함으로 인한 반품은 반품비 없다고 하는데 배너에는 반품 마지막 단계에서 5천원 내고 반품 진행하기 or 와우멤버쉽 등록 후 무료 반품하기 라고 배너를 쳐 띄우네 욕 쳐 먹고싶어서 그러냐 개 빡치게 멤버쉽 광고는 좋다 이거야 그런데 최소한 혼동되는 광고는 쳐 하지 말아야지,1
쿠팡,다른건 좋은데 와우회원 아니면 로켓배송은 19800원 넘어야 하는게 맞나요? 사고싶은데 사지도못해서 짜증나요,1
쿠팡,폰번호 변경하고 가입한적도 없는데 전에 번호 쓰던 사람이 쓰다 탈퇴해서 하나머니 신규가입 리워드 주지도 않네 ㅡㅡ,1
쿠팡,최악,1
쿠팡,다 좋은데 집하는 해놓고 배송이 늦어지면 늦어진다고 일찍 연락을 주셔야 할터인데 토요일에 써야해서 화요일에 주문한걸 금요일 도착예정이라 해놓고 금요일 저녁에 배송이 지연된다 연락하면 전 다른걸 주문도 못하는 상황이라 토요일에 큰일날 뻔 했는데 이번엔 겨우 알아서 해결했지만 개선 좀 하셨으면 좋겠네요,2
쿠팡,예전에는 어플로 구매해도 기본결제수단으로 사용 체크 버튼이있어서 편했는데 이게 없어져서 무조건 기본 결제수단으로 변경되니 어른이랑 쓰기가 너무 불편합니다 저야 바꿔서 쓰면되지만 어른들은 선택할줄을 모르니까요 잠깐 다른카드로 결제하려해도 이부분이 걸려서 쉽게 못하겠아요,3
쿠팡,월 회비 까지 받아 먹으면서 로캣배송 인데 2일동안 안 보내네,1
쿠팡,좋아요,5
쿠팡,왜 자꾸 광고에서 못가게 해? 마인크래프트 해야 하는데! 이 쓰래기앱! 이 앱 왜함?,1
쿠팡,"저희 할머니가 몇달동안 와우 결제가 된 사실을 모르고 쿠팡을 이용하고 계셨습니다 잘못 누르셨나보다 하고 취소했었는데 그 후에도 가끔씩 보면 와우 결제가 돼있더라고요 왜그러지? 왜 자꾸 잘못 누르시지? 하고 매번 취소해드렸었는데 오늘 쿠팡에서 뭘 좀 찾아달라고 저를 부르셔서 결제까지 도와드리는 중에 장바구니 담기, 바로 구매 버튼이 있길래 바로 구매 버튼을 눌렀습니다 멤버십 결제하고 시작하기와 나중에 혜택받기 버튼이 있길래 당연히 나중에 혜택받기를 눌렀는데 그냥 결제창이 사라져 버렸습니다 결제하려고 시도를 해도, 멤버십을 결제하지 않으니 결제 자체가 안됩니다 장바구니에서 결제를 하려고 했더니 그것조차도 멤버십 결제창만 뜨고 구매가 되질 않네요 저희 할머니처럼 잘 모르시는 분들은 이런식의 결제 유도 조심하시고 그냥 탈팡하세요~",1
쿠팡,광고 푸시 동의 철회를 들어갈때 마다 해야하는 사용자 경험은 누구 대가리에서 나온 발상이냐?,1
쿠팡,다 좋은데 좀 목 조르고 싶은 부분은 쿠팡체험단만 보면 화가 나네요잉 공짜로 물건 쓰면서 oo맘 이름 달고 알지도 못하는 물건 리뷰하면서 단순히 너무 좋아요~ 이런 거만 보면 화가 나네요잉~ 왜 체험단 리뷰를 제일 위로 올려서 읽어봤자 도움 1도 안되는 정보를 알려주는지 모르겠어요 좀 건설적인 피드백이 리뷰에 있어야 진짜로 뭐가 좋고 별로인지 판단할 텐데 맨날 별점 5점에 체험단 이거만 보면 머리가 뜨거워져요!! 이런 저 정상인가요?,5
쿠팡,"제 아이디로 로그인시 검색이안되고 "" 일시적으로 사용자가 증가하여 서비스 접속이 원할하지 않습니다."" 라고만 뜸 아예 검색을 못합니다. 앱 재설치, 데이터 캐시삭제를 해도 똑같아요. 와이프 아이디 지인아이디로 같은 기기에서 로그인시에는 검색결과가 정상적으로 잘나옵니다. 반대로 와이프 폰에서 로그인해보면 와이프아이디는 정상적으로 되는데 제아이디만 검색이안됩니다. 어제부터인가 제품 공유하기 UI가 변경되었었는데 그후부터 이런 문제가 발생한거같은데 해결점 부탁드려오 ㅠㅠ",3
쿠팡,매번 접속할때마다 사용자가 많아서 안됀다고 떠서 사용 자체가 불편해요,1
쿠팡,멤버십 해지는 진짜 잘 안 보이게 해고 유지하라고 하거나 추가 결제만 유도하네.,1
쿠팡,전에는 제품 보는 방식을 변경할수 있었는데 어떻게 업데이트를 할수록 사용하기 불편하게 만드는지 이럴꺼면 와우 회원비는 왜받음?,2
쿠팡,정말 유용한앱 입니다,5
쿠팡,"제품 DB에 최대 합포중량 넣어서 관리하고, 포장박스 계산할 때 초과시 박스 분할해주는 기능 구현했다면 곽상자 과자가 그렇게 처참히 부서지지 않았을 것이라 생각합니다.",5
쿠팡,계속 이메일 쓰라고 하니까 제가 똑같은걸 몇번이나썼는데 계속 틀렸다고하네요?!,1
쿠팡,조아요,5
쿠팡,락스크린 광고 정부에서 처벌좀,1
쿠팡,안쓴다 추천하지마라,1
쿠팡,업데이트 작작해라 QR 로그인할 때마다 빡친다,1
쿠팡,며칠전부터 앱 로그인이 풀리고 다시 로그인 하려면 엑세스가 거부되었다는 페이지가 확인됩니다. 재설치 및 캐시 삭제를 진행하여도 안되며 빠른 조치 요청 드립니다.,3
쿠팡,쿠팡앱 설치해도 접속안됨. 브레이브 브라우저에서는 접속 잘됨. 앱 좀 잘만들어 봐여,1
쿠팡,썩어도 준치라고ㅋㅋ,5
쿠팡,마음아 든 물건을 살때 로그인을 하는데 오류라고 안되서 다시 할려는데 00:00시에 다시 시도 하라고 함. 급한데 이러는선 좀 그럼,3
쿠팡,광고수신이건 쿠폰소멸이건 어지간히 띄워라. 수신거부하면 그대로 처리하면 되지 왜 자꾸 띄워서 몇번을 물어보냐,1
쿠팡,메뉴에 와우카드도 없고 쿠팡체험단 메뉴도 없어요 너무 답답해요 지웠다 다시 깔아도 똑같아요,1
쿠팡,악질 기업 쿠팡,1
쿠팡,외국 기업이래도 정도가 있는거지... 이따위로 할꺼면 미국가서 장사해,1
쿠팡,원산지 표시 제대로 안하는 중공산 상품이 버젓이 판매되고 소비자 정보유출 하고 반성없는 이런 나쁜 회사는 망해야함.,1
쿠팡,굿,5
쿠팡,광고 고만띠워라. 디지게. 말안든 네. 못팔아먹어서 한장 헷냐 개짜증난다. 짜구 그러면 이번에 탈퇴 한더. 욕나오네 제다. 중국꺼.,1
쿠팡,ROLLBACK the grid view function!!! 격자보기 기능 돌려놔라,1
쿠팡,마켓컬리 써볼려했는데 배송도 오래걸리고 환불도 불편하고 배송상태도 구리고 쿠팡이 압승 다시 돌아오니 인생이 편함 물건수도 쿠팡이 압승 배송퀄 압승 배송 시간지킴도 압승 마켓걸리 쓰는게 인생의 시간낭비,5
쿠팡,엄... 사기가 많아요 그리고 양심이 없어요 윗물이 탁하기 때문인거같아요,1
쿠팡,회원탈퇴하고 새로운 계정 만드니까 할인쿠폰도 못받고 심지어 와우회원도 막네 ㅋㅋ 싸게사지말라는거 아닌가 그냥,1
쿠팡,"이젠 빠르지도 않고, 물건도 없고, 제일 중요한 건 싸지도 않고 돈 벌어서 다른 나라에 바치고, 싸가지도 없고. 가지가지입니다.",1
쿠팡,앱 설치 시 광고 많아 싫어요 화면 열면 광고 때문에 앱 설치 안 합니다.,2
쿠팡,와우 쿠폰 장난질 그만좀쳐해라,1
쿠팡,"잘쓰고 있는데 뭔놈의 업뎃 을 그리 자주해서 주문, 기록 등 백지 상태 로 ~ 만들고. 앱, 을 지웠다 다시 기껏어렵게 재 설치 했어도 그대로 백지 상태라니 ~ 장사 가 잘돼서 배짱, 부리는지 ~ 조만간 다른 홈쇼핑 을 알아 봐 될것 같네요 ~",1
쿠팡,자꾸 왜 핸드폰을 킬 때 마다 쿠팡앱이 켜지나요,1
쿠팡,사진이 계속 선택 확인해도 자꾸 아무것도 안올라가요 ㅡㅡ 어떻게좀해보셈...,3
쿠팡,참 어이가 없네요 쿠팡이츠 탈퇴하니 쿠팡이 같이 탈퇴가 되어버리는게 이게 말이 됩니까?? 쿠팡이츠랑 쿠팡플레이등은 별개로 운영해야지 통합으로 운영하면 하나만 탈퇴해도 전부 같이 탈퇴가 되는게 쿠팡 운영방식 참 이상하게하네,1
쿠팡,좋아요,5
쿠팡,"쿠팡 이용하기위해 쿠팡 설치하실분 설치 하지 마세요! 문제가 많은 온라인 쇼핑물입니다. 개인 유출은 기본! 사용시 자동 업데이트가 되지 않고! 판매하는 제품 대부분 불량! 무능력자인 쿠팡 관리자 있어 관리가 전혀 안되고 있고 배송기사 대부분 제품을 던지고 요청장소 두는곳에 두지 않고 마음대로 바닦에 던지고 가고, 외부업체 관리하는 쿠팡 관리자! 즉! 무능력자들이 있어 구매자분들이 제품사고 후회하고 욕설까지 하며 리뷰남기고..뭔가? 능력이 없는 사람들의 모여서 쿠팡 온라인 쇼핑몰을 관리하고 있으니 절때 설치나 구매 하지 마세요! 스트레스만 받습니다! 100%리얼로 사용후기 글을 남니다. 제가 쿠팡 설치하고 구매하고 문제가 많다는걸 느꼈고 스트레스도 엄청 받았으며 말로만 약속하고 전혀 개선이 안되는 업체이니 부디 저의글 보시고 참고하시고 다른 온라인 쇼핑몰을 설치해서 구매하시는걸 적극 추천학니다! 괜히 설치하다가 개인유출 당하니 이점 꼭! 참고하세요!",1
쿠팡,잼나요 어쩌다물건시켜요 가끔물건시킬예정이에요 물건이 싸요 가끔사용해요,5
쿠팡,아니 내가 새벽 배송물을 시켰는데 안오는거임 그래서 전화를 했는데 죄송하다고만하고 결제할때 써있지도않은 소리만 하더니만 못받음 쿠팡에서 사지말아라,1
쿠팡,국내온라인쇼핑몰 중 최고였는데 왜 확대보기를 못하게 한거에요? 제품의 특징을 확안할 수가 없자나요? 이해할 수 없네요. 전처럼 페이지 확대보기 가능하도록 해주세요,2
쿠팡,Too much Annoying push notification ads. it auto enables ads after a few days even though I disable it.,1
쿠팡,다는 좋은데 14세 미만 때문에 준비물도 부모님께 허락 받기가 기찮아서 2점요,2
쿠팡,건의 사항이 있습니다. 핸드폰 결제도 할 수있게 바꿔주세요. 구매하려고 사이트에 들어가면 여러가지 사항때문에 구매가 불가능해요😭😭그래서 매번 사이트에 들어가봤자 포기를 반복💦💦💦💦,1
쿠팡,"태블릿으로 앱을 사용하는데, 태블릿을 가로로 길게 두면 화면이 따라와야 되는데, 화면은 세로 형태로만 됩니다. 다른 앱들은 괜찮은데 쿠팡만 안되네요. 뭐가 문제일까요?",3
쿠팡,"올해쿠팡도 힘들지않는 브레이크타임있으면 좋겠습니다(12시밥먹고휴식) 야근🌃도힘드셨을텐데 ""소문의낙원💊💃""으로 나으세요",4
쿠팡,아...업데이트 하지 말걸...,1
쿠팡,어플관리 안하나? 투자받았다고 어플도 배가부르시나?,1
쿠팡,광고 짜증,1
쿠팡,로그인이 안되요 데이터 불러오기 실패라그러고 다른 기기는 로그인잘되는데 이 휴대폰만 안됩니다... 캐시삭제 데이터삭제 다하고 데이터로 로그인도 해보고 앱 삭제했다가 다시 다운해서 해봤는데 다 안돼요..... 어지럽네,1
쿠팡,정보털리더니 배송단가 내리고 그와중에 고유가사태 터지고,1
쿠팡,자꾸 바퀴벌래 마냥 여기저기서 팝업뜨는 쓰레기 앱.,1
쿠팡,앱을 처음 켜면 보이지는 않지만 권한 관련 항목이 떠있는것 같습니다.,4
쿠팡,배송조회에서 상품준비중상태 배송 송장번호도 안나온 상태에서 취소했더니 반품비 15000원 달랍니다 어이상실 ㅋㅋㅋㅋㅋㅋㅋㅋㅋ 쓰지마세요 돈뜯깁니다 ㅋㅋㅋㅋㅋ,1
쿠팡,분명 예전엔 모바일로 화면 보기가 편했었는데 요즘엔 글자 크기가 너무 제각각이라서 보기가 불편해요.. 예를들면 리뷰를 보면 첨에는 글씨가 엄청 크게 나오고 자세히 보기하면 원래 제가 설정해둔 폰트랑 크기로 나오네요 그리구 결제화면에 글자크기가 너무 커서 보기 싫다는 생각이 들 정도에요ㅠㅠ 방금 업데이트를 했는데도 그러네요. 모바일 최적화 좀 부탁드려요!,1
쿠팡,광고가 전화쓰려면 먼저나와 불편함을 느낍니다^^,3
쿠팡,탈팡,1
쿠팡,뭐 제대로 되는게 없네,1
쿠팡,환불할려고 무지성으로 확인버튼 누르다가 기습으로 와우가입창 뜨더니 버튼하나 잘못눌러 돈빼가네 조심해야겠다,1
쿠팡,쿠팡 주문내역 이메일로 보낼 때 폰트 좀 바꿔줘요! 궁서체라서 읽기가 너무 불편함. 옛날 폰트가 더 나았어요.,3
쿠팡,표시되있는 리뷰수하고 실제로 리뷰창 들어가면 나오는 리뷰수하고 리뷰 수 차이가 많이 나는데 왜 오류 안고치나요 좀 고쳐주세요,2
쿠팡,광고시간잡아먹기방식도 너무구닥다리 쿠폰으로 이용자들 기만하기 생색내면 지들딴에는 평판이 좋아질거라고 생각하는건지.. 운영자들 몇명때문에 열심히일하는 쿠팡직원들만 욕먹지,1
쿠팡,앱사용 경험이 아니라 미안합니다. 마지막 포인트 쓸려면 며칠더 필요해서 다시 다운합니다. 쿠팡 망하세요,1
쿠팡,와우 회원 아님 상품 구매 하기가 힘드네요 그냥 쿠팡 지워야겠네요,1
쿠팡,별루,1
쿠팡,저녁시간에 쿠팡이츠로 주문하려고 하니 결제창 넘어갈때 네트워크 연결이 원활하지 않다고 뜨면서 계속 결제가 안됩니다 와이파이 문제도 아니고 데이터로 해봐도 안되고 다른 사람 폰으로 해봐도 안되는거 보니 쿠팡 자체 오류 같은데 아무리 시도해도 안되서 배고프고 짜증나서 배민으로 시켰어요,1
쿠팡,렉걸림,1
쿠팡,"쿠팡 홈 추천은 생각보다 취향 반영이 잘 되는 편이라 만족하면서 사용하고 있습니다. 가끔은 제가 찾으려던 상품이 먼저 떠서 놀랄 때도 있네요. 다만 한 번 눌러봤던 상품이나 잠깐 봤던 카테고리가 계속 반복 추천되는 경우가 있어서 조금 아쉽습니다. 관심 없는 상품이 계속 보이면 홈 화면 피로감도 생기는 것 같아요. 그래서 유튜브처럼 이런 기능이 추가되면 좋겠습니다. - “관심 없음” 또는 “추천 안 함” 기능 - 특정 브랜드/카테고리 추천 제외 - 추천 이유 간단 표시 기능 이런 기능이 생기면 추천 정확도도 더 높아지고, 사용자 입장에서도 훨씬 편하게 사용할 수 있을 것 같습니다.",5
쿠팡,처음들어가자마자 데이터요청실패로 피시 로그인안됩니다,1
쿠팡,좋은 서비스 정말 좋아요,5
쿠팡,쿠페이 비밀번호를 바꾸게 할꺼면 인증번호를 보내야지 보내지도않고 바꾸라카면 어쩌라는거야,1
쿠팡,제가 이번에 사고 싶은게 있었는데 그게 5000원 밖에 안하는데 하나 살려고 19800을 태워야 하는게 어이가 없네요 와우? 같은 걸해야 하나 사도 결제가 되는것은 그냥 돈을 어떻게든 뜯어 먹을려고 하는 거인가요? 그냥 설치 삭제 할께요,1
쿠팡,UI/UX가 너무 불편하게 구성되어 있습니다. 상품 검색 시 정렬방식 선택이 없어졌어요. '리스트'와 '그리드' 선택하는 아이콘이 없어지면서 모바일로 사용시 너무나도 불편합니다. Web상에서는 선택이 가능한데 왜 모바일에서만 안되나요? 예전으로 돌려놔주세요.,2
쿠팡,광고알람 너무심하다 차단해도 동의알림자꾸뜸,1
쿠팡,빠른 배송이 넘 좋고 없는게 없어서 넘 짱이고 할인을 많이 해줘서 너무 좋은거 같다,5
쿠팡,"11번가, 지마켓, 더싸고 하루만에 배송온다!!!!! 매달 내는것도없는데? 아이스크림40개가격이 11번가 두배가격이더라?? 이것뿐이겟나?다른제품은 1분만에 가격뻥튀기ㅋ 쿠팡 마음대로 제품가격올리는거 판매자들도 맘에 안들어함 잔머리쓰는거 하나만 잘하네? 뭐 상관없음 11번가로 갈아타러 간다",1
쿠팡,아니 재가 이노스케 르란디스타 시리즈를 사거든요. 칼이 노랑색이고. 칼이너무 구려요 그리고 맷돼지탈도 너무 구려요 그리고 국육은 거의 핑크색살짝,1
쿠팡,야 왜 자꾸 납치광고를 하는데 그딴식으로 하면 물건을 살거같아? 바이러스야? 하여간 하는 짓거리마다 극혐이지 느그 회사는,1
쿠팡,해킹 → 개인정보 유출 → 보상 못 받음,1
쿠팡,1개도 아까움 할인쿠폰 베너 사기로 떡밥 가입했더니 쿠폰 미발급,1
쿠팡,탈팡,1
쿠팡,촣아요,5
쿠팡,주방서랍이 정리되고 깔끔해졌어요 참 좋아요~~♡♡♡,5
쿠팡,다시 구매하세요?? 명령하지마라,1
쿠팡,한국 소비자들을 개무시하는 쿠팡. 오늘부로 탈팡한다.,1
쿠팡,쿠폰을 두둑히 줘서 워치하나 장만완료,5
쿠팡,배급견들 눈물의 별점테러,5
쿠팡,약속을 안 지켜요. 매일 늦게 와요. 새벽 배송으로 시켰는데 다음 날에 왔어요.,1
쿠팡,5/2일에 온다고 한 제품이 안옴…ㅠㅠ 그러고 확인해보니 5/2일이 이미 지났습니다. 이렇게 떠있네요...,3
쿠팡,"나도 쿠팡 와우회원 혜택 받고 바로 해지할 생각이었지만, 그리고 핸드폰 사지 않아 그대로 해지했지만, 너도 자급제 폰이랍시고 선택약정 걸려있는 폰 팔면 안 되는거지",3
쿠팡,쿠팡 와우맴버십 결제 안했는데 돈이 빠져나가서 싫어요,1
쿠팡,"보이스 피싱인가요? 상품을 결재 했는데, 상품금액을 판매자가 잘 못 올렸다고 결재 취소하라 종용을 해서 쿠팡에서 일괄 취소 했네요.쿠팡에서 정보가 유출되어서 전화가 온 줄 알았는데. 와우패스 쓰고있는데 너무 하네요",5
쿠팡,아니 와우 가입 안한다고 니네 해킹당해서,1
쿠팡,최근 본 상품 기능이 돌아왔네요. 하면 잘하는 놈들이... 꼭 화를 내야... 근데 디자인 좀 이뻐졌으면 좋겠음.,2
쿠팡,미친거지,1
쿠팡,쓰레기,1
쿠팡,"특정 브랜드를 검색하면 거기 상품만 볼 수 있게 좀 해주세요. 예를 들어서 ㅁㅁ 전기밥솥을 검색하면 그 브랜드의 밥솥들만 나오는 식으로요. 나는 ㅁㅁ 브랜드만 보고싶은데 ㅁㅇ, ㅁㅂ 같은 유사 브랜드 제품들까지 서비스로(?) 검색돼서 나오니 불편합니다.",4
쿠팡,아니 쿠팡 좀 보겠다는데 왜 네트워크 연결이 이상한데 또 언제는 어떻게든 들어갔는데 왜 내가 먼저 들어가 있었는데 나중에 들어온 사람들 때문에 이용자 수가 늘었데 무슨 크팡 개인정보도 털리고 가격도 비싸고 그냥 쿠팡 쓸바에는 그냥 구글이나 네이버에서 살듯,1
쿠팡,"택배사중 CJ의 분당구 배달시간이 매번 저녘 10시를 전후해서 배달되므로, 너무 늦은 까닭에 주문시 택배사를 확인하게되고 꺼리게 됩니다. 시간 조정이 어렵나요?",3
쿠팡,지금도 쓸사람은 잘쓰고 있을텐데 스크롤 내리다가 쿠팡 낚시광고 하는게 여느 사이트나 심각하네요. 사이트가 채택했는지는 몰라도 그것때문에 쿠팡 이용과는 별개로 1점 드립니다.,1
쿠팡,로그인이 안됩니다,1
쿠팡,싸고 편리해서 탈팡을 못하겠다 어쩌지,3
쿠팡,쿠팡도 똑같음 마찬가지로 주문한지 오래돼서 참고 오기만을 기다 렸는데 품절 안내나 받고 뭐 이딴식으로 하는지?? 쿠팡이나 에이블리나 ㅉㅉ 참나!!!! 다른집으로 배송이나 하고 쿠팡이나 에이블리나 다를게 없네 가관이 아님 별 주기도 아깝다ㅡㅡ,2
쿠팡,주문내역 들어가서 배송조회 하고 뒤로가기 하면 메인홈 나옴 그럼 또 주문내역 다시 들어가야하는 번거로움,3
쿠팡,상품 들은 괜찬치만 와우쿠폰이 안없어서지고 아무 쿠폰이 안오고 해서 상품들을 많이사고 싶어요. 언제 이걸 본 쿠팡은 한달에 5번만 쿠폰을 주면 좋게 다고 말합니다...,4
쿠팡,그래도 리뷰 검색기능이 있어 매우 편리하다. 다른 쇼핑몰은 왜 검색기능이 없지?,4
쿠팡,앱 잘쓰고있는데. 갑자기 신분증요구하네요,1
쿠팡,와이파이로 연결해도 안됌 이거 고쳐주세요,1
쿠팡,아니 로켓 설정 안했는데 로켓배송이 왜 나와요? 아니 일 안해요? 그리고 멤버쉽에 로벳배송 넣은거 진짜 개 비호입니다,1
쿠팡,쿠팡 배송 점점 느려짐 ㅋㅋ일반로켓도 원래12시면왔는데 지금은 저녁6~9시에옴 ㅋㅋ,4
쿠팡,쿠팡은 진짜나쁘다 소비자들의 탈팡만이 답이다,1
쿠팡,앱이 왜이렇게 밤티디자인이 됐나요... 원래 가독성 좋았는데 업데이트 이후로 글씨가 너무 커지고 아날로그 ui같아서 보기 불편해요,1
쿠팡,나쁜회사는이용 안하는게 답,1
쿠팡,쌰갈 아이폰 7이라고 계속 17이래 하 쫌,1
쿠팡,으아아아아아 쿠팡 이상해요 상품 보기 너무 별로별로 정렬방법 왜 이것뿐인가오 바꿔줘바꿔줘,1
쿠팡,차라리 네이버 플러스나 11번가쓰세요 노트북샀는데 초기하자있어서 교환신청했더니 품절이라고 맘대로취소시키고 이상해서 똑같은상품 같은구매페이지 들어갔는데 멀쩡히팔고있으면서 계속 품절로 취소된거래 그래서 차라리as맏기게 환불말고 회수상품이라도 돌려달라니까 이미회수한상품은 돌려줄수없다고 합니다. 차라리 알리나 테무가 더신용가네요,1
쿠팡,"단점1.계속 안 들어가짐2.오류,로그인 요청. 좋긴 하지만 댄점이 더 있다.",3
쿠팡,ai 양 늘리기용 리뷰를 막아주세요. 없느니만 못한 리뷰가 너무 많아 진정성 있는 리뷰를 갈수록 찾기 어렵습니다.,1
쿠팡,와우 멤버십 결제비용에 비해 쿠폰이나 혜택이 부족하다고 느낍니다. 특히 쿠폰은 중첩사용이 불가능하고 일정 가격 이상 결제를 해야 사용되는 쿠폰이 대부분입니다.,1
쿠팡,리뷰에 상품의 옵션이 있는 경우에는 그 옵션만 따로따로 할수 있는 필터가 있었으면 좋겠어요.옵션마다 얼마나 리뷰를 썼는지도요.,3
쿠팡,"아니, 일시적 으로 사용자가 증가고, 나발이고 좀 되라고!",1
쿠팡,너무 좋아요,5
쿠팡,"아니, 반품하고 회수없이 처리해준다니.. 택배 기사님이 회수한다하며 이야기가 꼬이잖습니까? 이런 점도 참 난감하게 꾸몄네요 쿠팡. 신뢰와 믿음이 가질 않습니다.",1
쿠팡,"저는 한국, 미국, 일본 제품이 좋습니다. 값이 싼건 싼 이유가 있지요. 가짜거나 혹은 카피품일 경우 ㅇㅇ 아마존과 쿠팡만 애용할 것입니다. 그리고 왜 개인들 정보를 3천원에 판 무비자 인간이 한 짓을 쿠팡에게만 뭐라하는지 도저히 이해가 안 가네요. 해킹범이 쿠팡 소속이긴 하지만 해킹해서 판 사람이 나쁜거 아닌가요?",5
쿠팡,"오류가 너무 많아 불편하고, 악용할 사람들 있어보여요. 저는 고객센터를 통해 빠르게 해결할 수 있었고 너무 친절하셔서 칭찬해 드리고 싶네여. 아 그리고 기사님마다 대충하시는 분도 있지만 집 앞에 예쁘게 프레시백 놓으신 기사분 칭찬 드리고 싶어요.",4
쿠팡,왛 바로 답장주시고 해결해주시는 쿠팡 멋있어요오! 저는 구매는 안하고 눈으로만 구경합니다 장바구니에 담는 재미가있어용,5
쿠팡,^^최고예요감사합니다고맙습니다^^,5
쿠팡,업데이트하니까 위로 올리는거 없어졌어요 제가 못찾는건가요??? 너무 불편 ㅠ 업데이트 제거도 없고 ㅠ,4
쿠팡,로그인 왜 안됨? 로그인하세요 로그인함 응 로그인 하셈 로그인함 로그인하라고 ????장난????,1
쿠팡,배송물품 좀 던지지 좀 마세요 다 깨지고 그리고 현관문에서 멀리 떨어진 곳에 놓으면 싸우자는 거나요?,1
쿠팡,최악,1
쿠팡,쿠팡에서파는 휴대폰은 싸서좋았어요,5
쿠팡,광고 좀 안뜨세해주세요..불편해 듀ㅣ지겠어요.. 뭐 살까하면 광고떠서...그냥 짜증나서 꺼버린게 한두번이 아님.. 첫 실행시 광고 개짜증남!!,1
쿠팡,다 좋습니다. 굿!,5
쿠팡,와우맴버쉽 서비스 크게 좋은 거 없고.. 개인정보유출 이후 쿠팡 행태는 가간 아니어서... 그냥 탈퇴하고 삭제 합니다.,1
쿠팡,다 좋은데 업데이트하고나서 2열보기 왜 사라진거죠?? 불편합니다,3
쿠팡,쓰지도 못하는 쿠폰 왜 자꾸 쓰라고 뜨는지 약올리나,1
쿠팡,악덕기업,1
쿠팡,해킹사태도있어서 믿음 떨어졌는데 간만에 일정가격 공짜쿠폰 주어서 샀는데 갑자기 재고 없다고 취소해버리고 쿠폰도 안돌려주고 뭐 캐시를 줬는데 실질적으로 쿠폰 할인가의 3분의 1만큼만 줬네요.아직도 편법쓰는쿠팡 믿지마세요,1
쿠팡,쿠팡없음 물건 못사나? 개인정보 다빼돌리고도 사과보상없이 한국인 우롱하려면 니들나라가서 장사해라,1
쿠팡,몇주전부터 갑자기 로그아웃 시키더니 로그인 하라해서 폰번호 입력하면 응답없고 오늘은 인증번호까진 되길래 입력했더니 또 응답 없음. 왜 자꾸 지맘대로 로그아웃 시키는지,1
쿠팡,별로에요,1
쿠팡,네트워크 연결이 잘 안 되었어요. 어젯밤부터 네트워크 연결이 끊어졌어요.,5
쿠팡,1. 중국산 짝퉁이 너무 많다. 2. 쿠팡 배달기사가 던져서 대부분 상품이 파손됨 3. 상담원들 대부분 고객대응에 미흡해 대처가 느림 등등.. 쿠팡의 딱하나 장점은 새벽배송,1
쿠팡,바둑판 배열 다시 해주세요,4
쿠팡,ui 변경되고 시방 탭 전환 반응도 느리고 리뷰 숫자 글씨도 작아지고 개판 됨,2
쿠팡,아직도 로켓프레시이용을 못하는데요 어떻게 하면되요,1
쿠팡,완전 별로 괘씸해서 탈팡합니다,1
쿠팡,배송 : 보통~빠름. 포장 : 상태는 좋지만 같은 브랜드에서 옷이나 벨트등을 시켜도 상자가 여러개 포장돼어져올때가 있음. 과대포장. 상품가격 : 와우회원이냐 아니냐에 따라 상자배송비 여부가 붙을것 같긴한데 가격은 럭셔리브랜드것을 구매하지 않는이상 대부분 준수한편.,3
쿠팡,무통장입금하고 취소했는데 취소 받을 통장이 토스인데 토스는 선택창에 없네요;; 지금 통장이 토스 밖에 없는데 이도 저도 못하는 상황입니다,1
쿠팡,"쿠팡 상품을 보다 보면 중국산 제품이 많아 보이고, 원산지 표기가 ‘중국산’, ‘외국산’, 또는 명확하지 않은 경우가 있어 소비자가 상품을 선택하는 데 혼란을 겪게 됩니다. 원산지가 분명하지 않은 상품을 확인하고 비교하는 과정에서 불필요하게 시간을 낭비하게 되는 점도 아쉽습니다. 소비자가 안심하고 구매할 수 있도록 원산지를 보다 명확하게 표시하고, 가능하다면 중국산 재료를 사용하지 않은 상품의 판매가 확대되었으면 좋겠습니다.",3
쿠팡,짝퉁과 정품구분이 안됨 심지어 정품가격이라 안심하고 사도 가품인 경우가 있음 그리고 백악관에 신고할거라고 협박도 한다고 함,1
쿠팡,쿠가세 쿠페이머니로 결제하는데 5번이나 쿠페이머니 안 된다고 카드로 결제하라 떠서 못 샀어요. 다른 일반제품 구매할땐 이상 없는데 너무 짜증납니다,1
쿠팡,납치형 배너광고 극혐!,1
쿠팡,웰컴 쿠폰 3만원이 들어와서 물건을 주문했는데 몇일 뒤 판매물품이 지연 되었다고 배송이 되었습니다 또 몇일 뒤 판매상품이 품절이라고 환불 처리가 되면서 쿠폰도 기간이 지나 소멸 되었 습니다 고객센터 문의 하니 3만원 쿠폰은 복구 할수가 없다고 대신 5천원 쿠폰으로 밖에 복를 못해 준다고 하네요,1
쿠팡,배달정확,5
쿠팡,매우 훌륭한 기업입니다.,5
쿠팡,퍼센트라는 개념이 없는건가요? 10퍼센트 할인쿠폰 써놓고 만원이상 최대 100원할인 이런건 사기 아닌가요? 소비자 우롱인가요? 민원넣을 수 있는곳엔 다 민원넣어야 바꿀건지 궁금하네요.,1
쿠팡,"아니 로그인은 되게 해줘야지 구매를 하던 뭐를 하던 할거 아닌가요? 어플로 로그인 해서 마이페이지 가면 다시 로그인하라고 하고, 무한반복임",1
쿠팡,덕분에 너무 재밌어요 충전기를 구매하고 시켰는데 콤부차가 왔어요 ㅋㅋㅋㅋㅋㅋ,5
쿠팡,정보 유출 후에 스팸 전화 겁나 많이 와요 진짜 쿠팡 회원가입한 거 후회해요,1
쿠팡,솔직히 쿠팡이 메신저 플랫폼 만들 때도 됐다. 쿠팡톡 만듭시다. 대한민국 국민들이 쿠팡을 응원합니다. 중국에 개인정보 팔아먹는 카톡은 더 이상 쓰고 싶지가 않아요.,5
쿠팡,와우 회원이 아닐 경우에도 타 쇼핑몰 업체처럼 배송비를 받더라도~~ 한 건 주문 시에도 배송이 되게 해주셨으면 합니다. 와우 회원이 아닐 경우에는 19. 800원 이상 주문해야 배송을 할 수 있더라고요.,3
쿠팡,앺이 설치되지않음,1
쿠팡,"유튜브 쇼츠 광고 개빡치네 진짜. 반성은 없고 하는 행보 하나하나가 개빡치는 니들이 알리, 테무보다 천배는 싫다",1
쿠팡,잠수함 로비 하는거 보고 탈팡,1
쿠팡,지난여름 수박을 구매하였는데 속이 짓무른 수박이 왔어요 사진찍어 교환 환불 신청하였는데 괜찮다고 안된대요 그냥 버렸어요 그뒤론 수박을 안사요,2
쿠팡,서사시티프라디움 로켓프레시 언제되나요? 너무화가나네요,1
쿠팡,납치광고,1
쿠팡,로그인하면 홈페이지로 연결될거면 어플 왜 있나요? 그냥 홈페이지 쓰고말지...,1
쿠팡,광고 역겨워,1
쿠팡,요즘 검색하면 상품리스트가 한줄에 하나씩 보여져서 보기 불변함 바둑판씩 배열을 선택할 수 있었으면 좋겠음 개선되지 않으면 계속 사용은 힘들것같음,1
쿠팡,"맵버쉽 돈 벌라고 앱 설치 하자마자 바로 뜨네... 실수로 터치 하면 바로 결제 하고... 살다살다 이런 양아치 방식으로 결제 유도는 처음봄, 취소하면 환불도 안되네 아뇌... 어이 없네..",1
쿠팡,손으로 드레그하면 커지던 화면이 왜 확대가 안돼죠? 원재료랑 영양정보 이런거 볼땐 확대해서 봐야 보이는데ㅠㅠ 중국산 피하려면 꼭 봐야한단 말이에요ㅠ 왜 없앴어요..다시 돌려놔요~,1
쿠팡,앱 업데이트가 너무 잦습니다,4
쿠팡,점점 쓰레기로 전락중?,1
쿠팡,사기 매물도 많고 별로예요,1
쿠팡,편하고 좋아요,5
쿠팡,솔직히 애네들 기생충 아닌가요? 편해서 쓰긴 했지만 업체들 관리안하고 물건 잘못돼면 나 물라라 하고업체들 관리비만 뜯고 소비자 눈가리고아웅 하는 와우회원 강제 가입 시키려하고 지들은 고정 수입이니 좋을테고 눈에 보이는짓 하면서 생색은,1
쿠팡,개 좋 음,5
쿠팡,와우멤버십을 사용하지 않고 해지해서 멤버십 환불을 요청했는데 왜 환불이 안되냐? 또 사기치고 돈 뜯어가냐?,1
쿠팡,업데이트 알림좀 그만 보내 하루에 몇번씩 ㅋㅍ 들어가는데 매번 누르는거 너무 짜증나 앱키면 나오는 광고도 그만좀 해 이럴거면 나 왜 쿠팡 월결제 하는거야? 광고보려고 월결제 하는거냐?,1
쿠팡,옵션을 단순 명확하고 알기 쉽게 보여줘야지 선택을 하지.딱 헷갈리기 좋고 난잡하고 정신사납게 해놔서 보는 것도 짜증날 정도...,1
쿠팡,다신 안씁니다,1
쿠팡,미친회사,1
쿠팡,쿠팡...나라 팔아먹는 최악 기업🤢,1
쿠팡,쿠팡이있어도움이많이됩니다.없으면사는게매우불편할것같아요.완전히코가꾄것같아요,5
쿠팡,쿠폰을 줘도 사고싶은것들이 거의다 와우거나 뭐 쿠폰 가격을 넘게 사야 할수있다 그러는데 어떻하라는거죠,1
쿠팡,검색하고 보는 방식이 바뀐 건가요? 나열 방식 선택 버튼이 안 나오네요,3
쿠팡,왜 자꾸 팝업이 되는겁니까?? 전화해서 문의해도 자기랑 모르는 일이라고만 하고... 미치겠습니다,1
쿠팡,테무.알리보다백바 좋아요 쿠팡싫으면 쓰지마시고몸에나쁜중국산쓰세요,5
쿠팡,"물건을 사려면 그 물건에 대해 자세히 알아야 사든가하는데 상품문의 기능이 쓰레기입니다. 판매자가 직접 파는 물건도 상품문의를 하면 쿠팡이 매크로 답장 달고 바로 닫아버려서 화가 납니다. 판매자가 조립설명서를 안보내서 조립 어떻게 하냐고 질문 올리면 1초만에 '이곳은 상품문의만 가능하고 반품, 환불 문의는 안됩니다'라는 엉뚱한 답장이 달리고 즉시 문의가 닫힙니다. 아니 조립을 해야 물건을 쓸거 아닙니까? 조립문의가 어째서 상품문의가 아닌거에요? 제발 매크로 답장으로 제 문의 닫지마세요. 쿠팡이 직접 파는 상품은 더 심합니다. 상품문의를 하면 '추후 상품 상세 설명에 넣겠다'라는 자동멘트로 문의를 닫아버리는데 3년 뒤에 가봐도 상품설명은그대로입니다. 이건 빙산의 일각이고 그외 수십가지의 상품문의 닫는 케이스들을 겪었습니다. 차라리 네이버쇼핑처럼 제조사가 직접 답장하게 하던가요. 손가락 아프게 문의했더니 1초만에 문의 닫아버리는건 대체 어디서 배운 매너인가요? 팔기만 하면 끝이에요?",2
쿠팡,밥상쇼핑,1
쿠팡,"물건도 좋고 상태도 좋았습니다. 하지만 계속해서 ""일시적으로 사용자가 증가하여 서비스 접속이 원활하지 않습니다."" 라는 멘트가 나오며 접속이 안됍니다. 몇시간 동안 지속돼면서요.",2
쿠팡,업뎃이후 쿠팡앱 접속불가.앱에 들어가면 계속 '일시적으로 사용자가 증가하여 서비스 접속이 원할하지 않습니다' 라고 떠서 사용을 할수가 없네요.,1
쿠팡,"이용자 입장에서, 아무 상관도 없는 인터넷 할때마다 왜 납치광고를 남발해서 하루에도 10번은 열받게 만드냐 내가 배너 클릭한것도 아님, 그냥 스치기만해도 쿠팡어플 켜지게 만들어놔서 쿠팡앱 삭제하고싶게만드네 제발 적당히좀 해라 이런거 한다고 광고효과 전혀 없다",1
쿠팡,에휴,1
쿠팡,웹 납치 광고 사전 동의 받고 하는거냐고 일전에도 답변 요청했는데 답글 안 달렸는데 지금 글도 무시할건가?,1
쿠팡,왜자꾸 납치광고가 뜨나요? 쿠팡 어플을 켜면 자꾸 애플 미니패드로 이동되는데 납치광고 그만 뜨게 해주세요. 삭제 후 재설치 하면 현상이 사라지나요? 원인을 모르겠습니다.,2
쿠팡,별로입니다,1
쿠팡,배송이빨라서좋아요,5
쿠팡,언제부턴가 상품목록이 한줄로만 보여요 격자모양 네모 보이면 그거 누르면 두줄로 보였는데 사라져서 진짜 답답한데 해결좀 도와주세요,4
쿠팡,어플에서 주사용카드 결제 체크박스가 사라졌습니다. 너무 불편해요 ;;,1
쿠팡,렉이 너무 심해요. 특히 검색할 때 한 두번씩 튕겨요,1
쿠팡,쿠팡에서당한거들을살수있어요,5
쿠팡,매. 국. 노. 기. 업.,1
쿠팡,사회적 책임에 노력하는 모습에..,1
쿠팡,아니쿠팡에서장수풍뎅이담을려고했는데 일시적으로안돼는게말이됍니까?책임질거예요?,1
쿠팡,품목이 60개밖에 안뜨는데 저만 그런가요? 업데이트도하고 새로 깔아봤는데 안되네요~ ㅠㅠ,1
쿠팡,내 개인정보 책임져,1
쿠팡,수고가많으십니다 감사합니다,5
쿠팡,너무하네요,1
쿠팡,한번만 더 화면 잠금해제했는데 어플 자동으로 켜지면서 로켓 리프레시 페이지 켜지면 와우 탈퇴하고 앱 지움,1
쿠팡,아주 편리합니다,5
쿠팡,좋아요,5
쿠팡,찾는거 있으면 여기부터 보게 됌,5
쿠팡,다시쓰면 성을간다 대한민국을 호구로보나 ㅡ.ㅡ,1
쿠팡,대한민국 최고 쇼핑앱!,5
쿠팡,와우 가입하라고 강요 좀 그만 했으면 좋겠내요^^ 드러워서 어플 삭제합니다,1
쿠팡,모바일로 탈팡 할수 있게 해달라,1
쿠팡,강제로 광고 팝업 뜨는거 정말 짜증남. 아무리 차단을 해도 뜸. 쿠팡 정말 이럴건가?,1
쿠팡,업데이트하고 시인성과 사용성 굉장시 저하됨 광고 늘어서 보기 안좋고 불편함 광고성 정보 제공 동의도 지속적으로 팝업 띄우던데 실수로 한번 잘못 눌려봐라는 식이라 아주 저급해보임,1
쿠팡,최고,5
쿠팡,아오 ㅁㅊ.. 업데이트하고 나서 검색도 안 되고 먹통됐어요. 사용량이 많아졌다. 뭐 이런 거 뜨고요,1
쿠팡,ui w같습니다 원래대로 다시 롤백해주세요,1
쿠팡,쿠팡보다 더 좋은 앱이 많음 쿠팡은 직원을 플렌테이션 노동자로 만듬 그냥 버리는게 맞음,1
쿠팡,감사합니다,5
쿠팡,26.04.23 쿠팡 욕해도 쿠팡만한 쇼핑몰이 없다....잘쓰고있음,5
쿠팡,한국에서 돈벌고 한국인 우습게 보는곳,1
쿠팡,개인정보 유출은 어차피 딴데서 털려서 그러려니 했는데 안보를 건드려? 로비 없이 저게 될꺼라보나 두번다시 보지말자 쿠팡,1
쿠팡,네트워크 어쩌고하면서 자꾸 안됨. 네트워크 잘만 되는구만 ㅉㅉ,1
쿠팡,아주 대단하셔요 ㅋ,1
쿠팡,싸고 편리한데 보상 및 대응이,1
쿠팡,"아니 쿠팡에서 16,000원 쿠폰을 준다고 해놓고 다시 보니깐 없더라고요?이게 무슨 일인가요?그리고 애초에 14세 미만이면 보호자 허락을 맡게 해주시던가요 그것도 안 해주면 쿠팡 배송비나 다른것ㄹ 을 어떻게 내라는 거죠? 너무 화나내요. 이것들 좀 고쳐줬으면 좋겠습니다;",1
쿠팡,쿠팡 정기 결제를 취소해도 한 달 후에 돈 뜯어가는 거 미쳤냐?,1
쿠팡,와우 멤버십 결제 한 적이 없는데 결제가 되어있습니다.,1
쿠팡,사용해봤음,1
쿠팡,낚을려고 정말 별 짓들을 다한다.,1
쿠팡,상품 보기가 좀바뀐것 같아요. 4등분으로 볼수있는 기능이 사라진건가요?,3
쿠팡,별 1점도 아까움,1
쿠팡,로그인 비밀번호 안되 잖아요,1
쿠팡,난 쿠팡좋던데 빨리오지 고객소리잘듣지,5
쿠팡,냉동제품인데 배송이안된다는이유로 살수없는제품들이너무많음,1
쿠팡,정말조아요,5
쿠팡,"""슬라이드"" 만 해도 클릭되는 광고는 니네만 있더라",1
쿠팡,상품에 원산지표시.. 눈에 확 띄는곳에 하게 해. 사고보면 중국산이야 . 사기당한 기분.,1
쿠팡,이놈들 계정을 관리도 못하는 놈들,1
쿠팡,업데이트하고 나서 글씨 크기가 너무 커짐;; 업데이트 강요 좀 하지 마 양아치도 아니고 짜증나게ㅡㅡ 바빠 죽겠는데 업데이트 할 시간도 개아까움ㅗ,1
쿠팡,로켓배송은 좋은데 요즘따라 3시간마다 접속이 안 되네요.,5
쿠팡,개인정보 털리고 나서 탈쿠팡..,1
쿠팡,good,2
쿠팡,왜 갑자기 끌때마다 로그아웃 대는거야,1
쿠팡,"리뷰별점,배송별점 따로 체크할수있게 개선해 주세요 리뷰 별점 체크하는거에서 배송에 대한 별점을 따로 체크할수 있게요 줗은 상품인데,배송 불만으로 별점 낮게 주는 경우가 너무 많아서,상품이 평가절하되서 주문하락됩니다",1
쿠팡,편리함,5
쿠팡,없어서는 안될 어플이예요 ㅎㅎㅎ,5
쿠팡,상담이 너무 불편합니다 뭘 물어봐도 몰라요,1
쿠팡,광고성 정보 수신 동의 알림창 좀 그만 띄우세요.. 전 평생 안 할 건데 제발 좀 그만 띄우세요... 아 진짜 짜증나네..무슨 들어갈때마다 보여줘... 와우 멤버십에 광고 수신 동의 철회 기능 만들어주면 안 돼요? 진심 너무 피로해요. 멤버십 5년동안 잘 사용하고 있는것만으로도 감지덕지지 왜 자꾸 광고까지 보내려고 하냐고요. 개빡치네,3
쿠팡,업데이트 후 바둑판형식 보는법 사라짐 ㅡㅡ한줄로만 나오는 형식이라 너무너무 불편해서 그런가 쿠팡 안들어가게되네요. 매주 상품들 구매했었는데 쿠팡에서 물건 안산지 벌써 10일이 넘었다니..... 상품 구매시 바둑판 형식이 훨씬 보기 편합니다. 다시 되돌려 주세요...,1
쿠팡,중국산 물품좀 빼주세요 돈을 더주고서 라도 질좋은 제품 사용하고싶습니다.,5
쿠팡,공고가 많아서 업무에 자장이 잇어오,1
쿠팡,진짜 일처리 거지같네요 왠만하면 이러지않는데 어플 오류나서 로그인 다시하라는 페이지만 계속뜨고 이거때매 일주일내내 다른 상담사랑 통화하는데 상담사마다 담당부서에 확인하고 연락오는건 쌩뚱맞는 답변 진짜 속터지네요,1
쿠팡,왜이렇게 알람이 쓸데없이 계속오냐고 필요한알림도 있어서 끄지도 못해 계속알림보내서 더 이용하게하려는건 알겠는데 알림올때마다 화딱지나서 비호감이에요 하..,3
쿠팡,아니 상품 상태 왜이레,1
쿠팡,로켓 프레시 배송비 0원이라고 푸시 보내놓고 들어가서 고르면 15000원 이상 주문하라고 하네? 뭐 이런 쓰레기 같은 낚시가 다 있냐 ㅡㅡ 문구 저따구로 보낸 옴 누구냐,1
쿠팡,정말 짜증나는 앱,1
쿠팡,제발 광고 관리좀 하세요 ㅡㅡ 언제까지 이딴식으로 광고하는거 놔둘거에요 대체 ㅡㅡ 스팸마냥 뭐 클릭만해도 쿠팡으로 연결되는데 좀 막으라구요,1
쿠팡,물건목록 단나누기 왜 없어졌나요? 완전 불편,3
쿠팡,자꾸 잡혀와서 이젠 싫어요,1
쿠팡,이거 뭐죠? s23u 는 이미지검색 생겼던데..... s26u는 더 최신기종인데 왜 이미지 검색이 없어요? 업데이트도 최대로 했는데..,3
쿠팡,배송빨라서좋긴한데. 중국산제품 너~~무 많아서 싫다!! 옛날엔이렇게까지 많지않았는데ㅠㅠ 배송 좀 늦더라도 우리한국제품으로 해주세요~~,2
쿠팡,쿠팡의문제점.검색한거이외가뜸 예를들어 청미정흑곡샴푸를치면 비슷해서샀더니짭퉁이거나 백산수500미리시키려고 치면 330ml가와서 확인해보면 다른게떠서임. 아이젠을사려는데 10p 보고 열개오구나 했는데 1세트옴. 자세히보니 10개박혀서 10p라고적은듯. 수법은 교묘해서 사람환장하게만듦. 쿠팡에서만그럼.ㅡㅡ,1
쿠팡,분명 경비실에 놔달라 하였는데 집문앞에 두는건 뭔가요 이럴거면 경비실 배송 버튼 지우든가하세요.,1
쿠팡,쿠팡 무한로구인 반복이네 돌았나,1
쿠팡,좋아요,5
쿠팡,쿠팡 와우회원이고 줄곧 잘 쓰고있었는데 오늘새벽 00:10부터 무한 로그인이 되어서 못쓰고있어요!!!,2
쿠팡,이렇게도 좋은 회사라니♡♡♡,5
쿠팡,어제부터 로그인 유지가 되지않고 자꾸 다시로그인 해야되는데 왜그런가요?,3
쿠팡,왜 자꾸 화면 잠금 해제할 때 강제 실행됩니까? 관련 옵션이라도 좀 만들어야 되는 거 아닙니까?,1
쿠팡,구매할수 있는게 있어야 쿠폰이라도 쓰지 물건이 씨가 마른 수준으로 죄다 품절인데 2만원을 주든 3만원을 주든 얻다쓰란 말이고 ㅋㅋㅋㅋㅋ 양심좀,1
쿠팡,요즘 글자나 사진 확대해서 보기가 안됩니다. 돋보기를 써야만 보이니 상품 사이즈 등 보기 힘들어서 선택이 느려지거나 잘 못 선택하여 반품할 때도 있습니다. 제 앱만 그런것인지 확인 부탁합니다.,4
쿠팡,로그인하면 웹뷰 화면으로 넘어가고 로그인해도 앱은 미로그인 상태고 어떻게 쓰라고 만든건지,1
쿠팡,갑자기 상품검색시에 가로는 없고 세로정렬만 바뀐 이유가 뭔가요 짜증,1
쿠팡,멤버쉽 해지 눈에 안띄게 만드는거 재능이다 진짜 하ㅋ 충동적 회원탈퇴하게 만드네 안녕,1
쿠팡,실제 사람이 쓴게 아니라 ai발 리뷰들이 너무 많아요 관리 좀 하세요; 리뷰 봐봤자 내가 얻어가는 정보가 없는데 리뷰를 볼 이유가 없죠 이러면ㅋㅋ,1
쿠팡,바둑판정렬 왜 없애셨나요? 다시 만들어주세요 하 너무 불평해서 걍 어플자체를 사용하기 싫어짐,1
쿠팡,광고푸시 하지마세요 안받는다고설정해도 주기적으로 자동으로 풀리네요 짜증나니까 어플은지우겠습니다,1
쿠팡,결제 네이버페이나 카카오페이로 할수있었으면좋겠습니다,1
쿠팡,지금 주문내역 검색 무한버퍼링 현상 있어요,1
쿠팡,희대의 쌒것들,1
쿠팡,업데이트 할 때마다 후퇴하는 듯... 보기 더 어렵게 하는 이유가 뭔가요?,3
쿠팡,럭스 망햇나요 품절된거 입고도 안되고 걍 벼룩시장같아요,1
쿠팡,잘모름요,2
쿠팡,초저가상픔 매번 넘감사항니다,5
쿠팡,택배 배송 시간을 정할수 없나요?,1
쿠팡,앱 업뎃 하면 왜 좋은기능을 없애나요 무슨 심보죠? 업뎃 전에는 있었던 최근본상품 나오는 페이지도 없애 지금 또 업뎃했더니 아예 분할 버튼 없애고 상품 1개씩만 아래로 계속 나오게 하고 왜그런거죠 상품이 오죽 많나요 쿠팡에 2분할보다 좀 더 세분할 생각들은 못 하고 아예 그 기능 없애서 쓰기 싫게 만들어짐,1
쿠팡,와우쿠폰라던지 웰컴쿠폰 적용 가격으로 말고 쿠폰적용전 가격로 볼수있으면 좋겠어요. 가격이 헷갈려요,4
쿠팡,앱 업뎃 후 물건 검색시 보기형태가 새로로 보기밖에 안되네요. 원래대로 한줄에 상품 2개씩 보여지게 되돌려주세요. 취향따라 보기형식을 선택할수있게 해주세요. 물건 하나 찾는데 스크롤을 몇번을 해야 하나요? 불편해요. 왜 더 안좋게 변경되었나요?,3
쿠팡,기업한테 뒤통수 쎄게 맞고도 쓰고싶냐...,1
쿠팡,다른건 다 좋은데 그놈에 와우회원 와우회원 안해도 결제가 가능하게 해야지 이건뭐 사람을 엿맥이는것도 아니고 쇼핑앱이면 쇼핑후 결제를 하게해줘야지 와우회원이 아니면 결제 이상 금액을 넘겨서 사야되고 이게 뭐하는 짓거리냐 와우회원이 그렇게 중요한것도 아닌데 일반 회원도 결제좀 하게해줘라. 자꾸 와우회원 하면 쿠폰 준다는거 그거 딱 하나 주고 안주잖아ㅋㅋ 유욕하지말고 좀 고쳐라 이렇게 리뷰를 쓰는데 리뷰 무시하겠지 ㅋ 다른사람 리뷰도 무시하구만 좀 읽으면서 관리좀하세요.,2
쿠팡,Ok,5
쿠팡,0개 별점이 없는게 아쉽다,1
쿠팡,쿠팡플레이.쿠팡이츠 사용도 안하는데 그걸 굳이 왜 내야함? 선택적으로 하자 배가 부르니 이사태가 일어난거지 광고좀 작작해라,1
쿠팡,미안,1
쿠팡,로켓프레쉬로 뭐 시키지 마세요~ 물건 하나도 안뺐는데 다시 가져간적이 한두번이 아닙니다... 심지어 하루이틀 놔둔것도 아니고 점심에 배달온거 퇴근오면 없어져있어요ㅋㅋㅋ뭐하는건지...,1
쿠팡,제가 사서 있습니다,5
쿠팡,보상쿠폰줘도 이따위것을 주고있어.,1
쿠팡,아니 베터리 부워서 지멋대로 버튼눌려서 쿠팡이츠 배달 어플 시키내 긴급 취소버튼을 만들어라,1
쿠팡,글자크기 누가 키웠나 아무리 할매들도 쓰는 앱이라지만 너무 심하게 커서 여러 상품이 한눈에 들어오지도 않는다 이게 뭐람,1
쿠팡,"유출이후도 참고 써봤는데 배송엉망이라 탈퇴고민중입니다. 최근 계속 터져서 온게 세번째구요, 상담사는 전화하나 마나에요. 개인정보만 계속 물어보고 확인하고 굉장히 불친절했음. 세재가다터져서 새벽에 대청소했네요. 통하나가 윗부분이 날라갔고 전부샜어요.박스가젖어서 손으로집으니 쭉찢어져서 물난리났구요. 냄새진동에 액체가뚝뚝흐르는걸 그대로두고가다니 대단하시네요. 부분보상도 계좌이체 결제했는데 캐시로들어옴. 진짜어이없음. 쿠팡 안쓸 생각임.",1
쿠팡,혹시나했더니 역시나네 알럭스2만원대 제품 전부 못사게해놨음 보상쿠폰은 줘놓고 안팔리는거나 몇만원이상 추가결제하도록 빤한 수작에 혹시나하는 기대가 역시나 탈팡이 맞았다는 생각,1
쿠팡,빠른배숑,5
쿠팡,구매자 리뷰를 볼 때 내가 원하는 키워드를 검색하는 기능이 있으면 좋을 것 같네요.,3
쿠팡,이번 업데이트 하고 검색하기 어려워짐 다시 돌려 놔라,1
쿠팡,진짜 어떤 어플을 사용하든 제일 악질적인 광고 내보내는게 쿠팡이다. 테무갗응 중국 어플도 광고 내용은 사기일지언정 쿠팡 니들처럼 강제 납치하고 닫기를 여러번 눌러야 닫히게 만들진 않는다. 진짜 악질중의 악질. 이미 와우를 사용하고 있는데도 탈퇴하고 싶을 정도다. 어차피 대체할 것들은 다 있고 생길테니까. 이용자들 잘 이용하고 있을 때 정신차려라.,1
쿠팡,사용하시 맙시다,1
쿠팡,쿠팡이츠 하는데 자꾸 자동차라고 멀리보내고 북구에서 동구가 말이야??북구선택했으면 북구에서 놀게하던가ㅡㅡ,1
쿠팡,광고수신을 꺼도 잊을만하면 광고수신동의 유도팝업이 표시됨 그 팝업은 수신거부가 작게표시되어있어 실수로 수신동의를 누르게 되는일이 잦음 참다참다 앱지우고 웹으로 쓰려고함,1
쿠팡,최악의 기업 중국산 제품을 덤핑하는 주제에 비싸게 팔고 사용도 못하는 제품들이 훨씬 많음. 오늘 산 샤워타월이 물을 흡수하지 못하는 것을 보고 본의 아니게 그걸로 때를 밀었다.,1
쿠팡,"""와우 멤버십 가입 쿠폰 적용됨"" 때문에 쿠팡 제품들 가격을 모르겠어요... 이거 없었으면 간간히 쿠팡 썼을텐데 덕분에 삭제할 수 있겠어요",1
쿠팡,너무너무 좋아요,5
쿠팡,멤버십 뭐 혜택은 괜찮은데 얼만지도 고지안하고 바로 결제되는게 불쾌함,1
쿠팡,업데이트하라구자꾸떠서 했더니 글씨가너무커서불편하네요 조절기능은없고 글구 화면쭈욱스크롤하다 다시맨위로가는 화살표도사라지고 진짜업댓할수록 쓰기불편해요 왜그러는지좀...,3
쿠팡,최근엔 상품을 보려 클릭하면 상품사진이 4초정도 흐릿하게 모자이크처리한걸로 나와 눈이 어지럽고 짜증나요 사진만 보고 주문해야되는데 모자이크처리라니 어이가 없네 제품 검수후 불량인 것은 보내지마세요 모자이크처리 빨리 개선해 주세요 지금은 앱에 들어갈수가 없어여 데이터용량 여유가 많은 상태고 재설치해도 안됨 쿠팡은 갈수록 문제점이 많아짐,1
쿠팡,쿠팡회원 최초가입하면 650원준다고 했는데 가입하고 물건도 구입했는데 리워드를 지급하지 않아요,1
쿠팡,쿠팡 사용하기 최고입니다!,5
쿠팡,구매한지 5년이 지나면 같은물건을 다시 사려고해도 제 구매목록에서 안뜨네요. 제가 작성한 리뷰에서 키워드 검색하게 해주세요! 오래된 제 리뷰에서라도 찾고싶어요.,5
쿠팡,아니? 왜 앱을 깔아뒀는데 지맘대로 켜지더니 전화번호 등록하라고 떠요.. 쿠팡에 사기 거래가 많아서 판매자들 다 검색해야해서 구매 잘 안하는데 충전하느라 나두면 앱이 지맘대로 겨지더니 로그인하라고 뜨네요.,1
쿠팡,만족 합니다 다만 향수라던지 금이던지 고가로 형성된 브랜드가치가 높은 제품들중 가품이 너무 많습니다 이부분은 어떻게든 고쳐서 더욱 신뢰도가 높은 쿠팡으로 되었으면 합니다,4
쿠팡,최고최고~ 한가지 건의사항이 있어요. 웹에서는 상품평 검색이 되는데 앱은 안되네요. 앱에서도 되면 좋겠어요.,5
쿠팡,지역도 로켓배송 로켓프레시 되게 해주세요. 구매하려니까 구매자체가 안되네요,3
쿠팡,결제 안내도 없이 결제가 되네요.,1
쿠팡,"상품 상세페이지 보던 중에 맨 위로 바로 가는 버튼 만들어주세요. 상품 상세페이지가 상당히 긴데, 보다가 위로 가려몀 한참 스크롤해야해서 불편합니다.",3
쿠팡,로켓프레시랑 일반쿠팡장바구니 따로따로 만들어줘요 불편해여,3
쿠팡,과다한 광고노출로 사용에 피로감,1
쿠팡,상품보기 방식 어디갔나요. 유용한 기능이 추가되어 업데이트 하는건데 되레 보는 방식부터가 불편한데 뭔가요. 사용하는데 불편하게 만들어 놓으면 업데이트를 할 이유가 없지 않을까요.,5
쿠팡,점점 너무 이것저것 다 불편해지는데 결제창이 젤 그지같음,1
쿠팡,악성앱 실행안했는데 알아서 실행되는 악성앱,1
쿠팡,파손이 간간이옴,4
쿠팡,"사용할수록 다운그레이드 되어가는 앱은 처음이네. 상품 종류도, 개인정보 보안도, 상품 파손도, 상품 문의도 더 나쁘고 불편해진거 같습니다. 안그러면 불만도 없겠죠",1
쿠팡,제품이만이상하서오더라고요그래서반품할레고요,4
쿠팡,광고 알림 항상 끄기 필요,1
쿠팡,급하게 물건이 필요해서 내일 쓸려고 와우 결제하고 새볔배송 주문했는데 아침에 없어서 보니 다다음날로 바뀌어있고 ㅋㅋㅋㅋ 고객센터 문의 시 그 상품은 새볔 배송이 아니라는데 캡쳐해서 보여주니 그 지역은 새볔배송이 아니라는데 아니 그럼 저거 왜 새볔 배송 떠있냐고 하니 서울. 경기 기준으로 떠있다는데 아니 그럼 매번 다들 속으면서 쿠팡 주문한다는건가? 말이되는 소리를 해야지 고객 개인정보 유출 보상 내 개인정보가 5만원이라는것도 어이가 없는데 상품 팔기위해 카테고리를 나눠놓고 R.LUX 뷰티 패션 2만원 쿠폰은 ㅋㅋㅋㅋㅋ 물건 값이 높네 명품만 있네 ㅋㅋㅋㅋㅋㅋㅋ 남성 패션 가장 저렴한게 양말 37000원이네 ㅋㅋㅋㅋㅋ,1
쿠팡,망하는 쿠팡,1
쿠팡,굿잡!할인을 5번은 0원으로 사게해주길,5
쿠팡,탈퇴도 힘들고 결제수단 관리도 결국 구글이나 네이버 검색해서 찾게 만드는 쓰레기 쇼핑몰 조금 기다려도 힘들어도 국내기업 재래시장 이용하렵니다,1
쿠팡,조와요,5
쿠팡,좋아요,5
쿠팡,s25 웹로그인은 되는데 앱로그인 안됨. 고객센터에서도 vpn썼냐? 외국이냐? 갖잖은 질문들 해대더니 해결 못함.,1
쿠팡,"그 사태에서도 탈퇴안하고 있었는데 요즘 하는 작태가 어처구니가 없어서 탈퇴할까함 배송이 일주일 뒤로 밀리고 상품준비중으로 계속뜨길래 환불요청 했더니 배송비와 반품비를 받겠다네? 19,000원짜리를 7000원을 뜯어내고 주겠다는데 기가막혀서 말이 안나옴 테무갈란다 악질 쿠팡보단 덜하겠지",1
쿠팡,왜 자꾸 로그인이 풀리는지?,1
쿠팡,별루다 와우회원도일반회원이랑 혜택은같다,1
쿠팡,사용 하기 편하고. 상품이 다양 해요,5
쿠팡,와우 가입하지 않으면 5찬원짜리 쿠폰 사옹할 곳도 없네 ㅋㅋ 그낭 탈퇴가 답이네,1
쿠팡,쿠팡에서 뭘살려면 와우 복잡한 절차가있는대 그중에 (전화번호) (집주소) (집전화번호 ) (휴대폰인증) 등등. 매우복잡한 절차을하면 쿠팡에서 이제야 살수있는대 돈이든다고 안적어저있고 그게환불도안돼서 이러게 글을 씁니다 제발사용하지마세요,1
쿠팡,19800 이상 안되면 결제안됨 소량살려구 해두 다르거 찾아보고 해야함 최악임,1
쿠팡,업데이트 이후 바둑판 모양 상품 보기 어디갔나요? 한줄로 보는거 드럽게 불편한데요!,1
쿠팡,쿠팡은 배송은 제대로 하지않고 돈만 빨아먹는 쓰레기 입니다,1
쿠팡,어이가 없어선ㅋ 구매를 했지만 참여를 안했다ㅋㅋㅋㅋ,1
쿠팡,왜 업데이트가 될수록 불편할까요..상품보기 방식을 선택해서 보는기 왜 없어졌나요...상품 한개씩 띄는거 싫은디..가로로 2개씩떠서 빨리빨리 보는게좋았는데..왜 없어졌냐구요..,2
쿠팡,와ㅋㅋ 이젠 업데이트 안 하면 못 들어가게 해놨네 역겹다 쿠팡..,1
쿠팡,"인터넷 사용중, 쿠팡 광고가 노출되는 순간 임의로 어플이 실행되어버림",1
쿠팡,"폰트 크기를 조금이라도 키우면 엄청나게 커지네요 갤럭시 기준 글씨 크기를 4번째 칸 이상으로 설정하거나, adb 시스템 세팅 폰트 크기를 1 초과(1.001이든 1.5든) 하는 순간 검색 결과 및 상세페이지 글자 크기가 엄청나게 커집니다. 일관성도 없어서 그냥 조금이라도 올리면 매우 큰 크기로 고정되어 버림. 예전엔 이러지 않았는데 뭘 어떻게 했길래 이꼴이 났는지... 수정해주세요",1
쿠팡,내가주문한 주소를 동호수안보이게 마스킹처리를 왜하는건가요!!!실수입력했는지 지인집으로보낼시나 잘못입력했을때 확인이안됩니다!!!!!!!!,1
쿠팡,그지같은 광고 또 시작이네 짜증나서 어플지움 당시네들 광고효과가 이런겁니다 남에 폰에 맘대로 창띠우는건 사기치는것들이나 하는 정신나간짓인데 납치광고 매우 불쾌합니다,1
쿠팡,탈퇴한 이메일 계정은 평생재가입할수 어뵤네요😡😡😡,1
쿠팡,"와우하려고 했는데 와우 가입하기 누르면 카드등록나오고 등록하면 이미 계정있다고 로그인하라고 하고 로그인하면 와우 가입하라 그러고 무한 반복이네요,, 뭐 와우 가입하고 싶어도 못 하게 하는..ㅋㅋ 하나만 사고 싶은데 와우 해야지 하나만 살수 있다고 하면 뭐 이용하지 말라는 걸까요",1
쿠팡,쿠팡이츠 음식가격표 어디갔냐?,1
쿠팡,좋아요 😀,5
쿠팡,배송은 빨라서 좋으나 앱으로서의 기능에 약간 불만.,4
쿠팡,검색하고 좀 보다가 뒤로가기 누르면 왜 검색 첫 화면으로 돌아감?? 마지막 클린한 상품으러 화면안가고 짜증 ㅜㅜ,2
쿠팡,업데이트하고 로켓배송인지 뭔지 구분안가게 ui가 이상해졌어요 낮은가격순 이런것도 찾기어렵구요,3
쿠팡,월회비올리더니 서비스는 더 엉망된 수십번 문의해도 늘 택배쳐던지고 탈퇴합니다,1
쿠팡,편리하고각격도만족,5
쿠팡,배달음식도 아니고 와우회원 아니면 최소주문 금액을 만들어 놓는게 맞나..?,1
쿠팡,부자 아 ㅇ,2
쿠팡,좋음,5
쿠팡,전에 쓰던 계정을 탈퇴하고 새로 가입했는데 본인확인은 1회 지원한다며 이미 그 번호로 가입한 계정이 있다며 안 됩니다. 탈퇴한지 꽤 지났는데도 이런 현상이 나타나 정상적으로 이용할 수 없어서 최근 계정까지 탈퇴 후 삭제하려고 합니다.,1
쿠팡,아니.제가 다른건 괜찮았는데 갑자기 멤버십을 하라하면서 나중에하기를 눌렀더니 사지지가 않아요,1
쿠팡,낮은가격순으로 보기는 쓸모없는 기능 낮은순으로 보여주지도 않을거왜만들었니 주문정보ㅡ주문상세보기는 왜 혼자만 덜렁 아래에 처박아두고 진짜 업뎃은 왜하는지,1
쿠팡,광고덩어리. 편의성 구린 앱.,1
쿠팡,물건도 사지도안는데 와이드결제 돈이빠저나가나요,1
쿠팡,쿠팡불매,1
쿠팡,광고성 알림 꺼도 왜 자꾸 푸시알림 보내고 난리여 쿠폰이 소멸 되느니 어쩌니 개짜증나게,1
쿠팡,쿠팡에서 사고싶은걸 사서 좋아요,5
쿠팡,온라인 커머스 앱 중에선 단연코 최악. 쿠팡가입유도가 너무 지나침,1
쿠팡,쿠팡에서 공유기를 이틀전 11시에 시켰는데 어제 오늘 배송 완료라면서 배송을 시작도 안하네요 적어도 오늘은 보내 줘야 하는거 아닌가요? 아직 9시니깐 배송중이겠지 했는데 배송을 아직도 시작을 안합니다 아파트라고 배송을 느리게 해주나요? 어떻게 보면 차별 같네요 지금 와이파이 안되서 데이터 쓰고있는데 늦게 주면 어쩌자는 겁니까? 데이터비 대신 내줄거 아니면 아파트여도 빨리 배송해주세요 배송이 맨날 늦으니깐 이젠 다른앱 찾아봅니다 아파트 사시는 분들 다른 배송앱 찾아서 가죠,1
쿠팡,검색 결과 연관성좀 개선좀해주세요 키워드 검색과 무관한거 다노출되고 섹터 분류도 정신없음 결국 네이버로 사게되네요 ㅡㅡ 개선좀해요 광고 상품 상위노출도 좋지만 섹터라도 좀 정리를 해놓던지 난잡해서 성격 급한사람 쿠팡에서 브랜드 상품 사지도 못하겠네 온갖 광고상품 도배되있어서 아직도 개선이 안됬네요 키워드 연관성 그리고 검색결과 노출이 키워드 연관 상품이 우선쭉나오고 아래 광고상품이 나오던 상단에 광고 상품이나오던 쫌 키워드 관계없는건 무관한거끼리좀 묶어서 보여주세요 불편해 죽겠네요 브랜드 상품사는데 키워드 상품 나왓다가 중간에 다른브랜드 중간에또 키워드 상품 중간에 또 다른 추천브랜드 이런식이면 이용자가 편하겠습니까?,1
쿠팡,계속 동의도 없이 wow회원으로 자동 가입 및 결제되어 탈퇴합니다 원터치 회원가입은 사기당한것 같고 싫네요,1
쿠팡,배달원 꼬리지들이 그 직업하는 이유를 보여줌,1
쿠팡,태블릿 가로 모드도 지원해 주세요.,2
쿠팡,쿠팡에 이상이 생기고 나서 이메일 비밀번호도 바뀌고 어떻게든 되찾았는데 쿠팡에서 전화번호가 달라서 바꾸고 싶은데 안돼요.,1
쿠팡,로그인좀 고쳐라 로그인하고 추가로그인 하는데 자꾸 터치가 안먹는다 제일 간단하고 중요한곳이 이러면 앱이 신뢰가 가나...,1
쿠팡,만14미만도 결제 시켜줘!!!!!!!!!,1
쿠팡,사용하겠습니다,4
쿠팡,언제부턴가 배송완료 문자가 안와요 수시로 앱 들어가서 확인해야됨 물건사라는 꼼수인가?,3
쿠팡,좋아요,5
쿠팡,1점도 아까운 개인정보 털린 기업,1
쿠팡,송장 스티커 좀 잘 떼어지게 할 순 없나요? 박스도 그렇고 비닐포장도 그렇고 송장이 정말 정말 안 떼어집니다. 거의 1일 1쿠팡 하는 집이 많을텐데 이렇게 큰 기업에서 송장 스티커 제거가 너무 어렵다는게 정말 유감스럽습니다.,1
쿠팡,쿠팡을 선호 선호~~쿠팡,5
쿠팡,쿠팡배송빨라요기사님둘고생하시네여 ㅎ,5
쿠팡,쿠팡은 나같은 사람에겐 혁신임.,5
쿠팡,드디어 가입 되었네요 문씨 남자분 고마워요 여자상담사보다 더상담 잘하시고 세심하고 세밀하게 해주셔서 드디어 가입 되었어요 감사합니다 잘이용 할께요 문씨분께 감사하세요 아님 가입 안할려고 했어요 때려 치울까 했는데 일잘처리 해줘서 고마워요 상담사도 잘챙겨주는데 쿠팡도 잘챙겨 주세요 더이상 실수 하지마세요 제발 부탁합니다 쿠팡 아님 갈때가 없네요 배송비는 기사님들이 수고하는차원 에서 줄수있다 하지만요 가격 비싸면 마이너스 입니다 그래서 쿠팡 다시 돌아옵니다 새로운 마음으로 시작 하세요 두달반 뒤에 물건 꼭 살테니깐 쿠팡 사라지지 마세요,5
쿠팡,좋아요,5
쿠팡,광고가 맘에 안듦,1
쿠팡,너무좋아요,5
쿠팡,"값은 저렴한데,품질 또한 저렴해서 다시찿고 싶은은 생각있음(남자 여름바지).",5
쿠팡,고마워요.,5
쿠팡,장바구니에서 물건가격이 안보여요 ㅋㅋㅋ,1
쿠팡,광고도안나와요.,1
쿠팡,"모든제품 상세보기전에 ""필수표기정보""를 제대로 고시해줬으면 좋겠어요. 물론 본문에도 표기되어 있겠지만, 사실 찾기 어렵잖아요. 딱 필수표기정보만 보고 제조국/원산지정보를 알고싶은데, 표기 안된게 훨씬많아요. 판매자에게 지도만 해도 될텐데 왜 개선이 안될까요",4
쿠팡,도착 예정일에서 2일이 지났는데도 안오는거면 도대체 도착예정일은 왜 써놓는건가요 한두번도 아니고 뭐하자는건지 모르겠네요,1
쿠팡,극혐,1
쿠팡,쿠팡 리뷰가 안보여요 ㅠㅠ999+인데 확인하면 리뷰등록이 없대요 ㅠ 최근업뎃하고나서 안보여요,1
쿠팡,와우 맴버십 가입에 오류가 걸려서 가입이 안돼내요!!! 확인 좀 해주세요.,3
쿠팡,"로켓배송, 로켓프레시, 와우회원 및 결제나 구매, 쇼핑의 간편함은 최상이라고 봅니다. 하지만 쿠팡사태로 큰 신용까지는 잘... 그래서 와우회원은 탈퇴했음. 장단점 고려해서 여러 플랫폼 비교하며 쓰는게 소비자 입장에선 현명할듯",4
쿠팡,ㅋㅋㅋㅋㅋㅋ오류 투성이 비싸기도 하고요~,1
쿠팡,"구매이용권 알림 앱 차단해도, 문자로 계속오고... 그만 보내주세요. 남아있던 정까지 떨어지려합니다ㅠ",1
쿠팡,"잘못해놓고 이용권 푸시알람 계속 보내는건 무슨 심보임??? 미동의도없고, 앱켜면 광고알람 수신동의 맨날묻고. 지들이 잘못해놓고 그걸또 마케팅에 이용하는게 진짜 정이안가는 회사",1
쿠팡,쿠팡 이용자인데 오랜만에 들어갈때마다 0원인게 좋더라구요. c to c 케이블이 고장났는데 마침 고장나서 하나 겟했습니다. 감사합니다.,5
쿠팡,? 로그인도 안되는데 왜씀,1
쿠팡,진짜 빡치네,1
쿠팡,납치광고좀 제발 그만,1
쿠팡,광고성 알림 분명히 꺼뒀는데 매번 울리는 거 진짜 스트레스 받아요,1
쿠팡,오랫동안 써왔는데 개인정보에 대한 대처가 너무 미흡해서 엉망이에요.,1
쿠팡,아오 구매 이용권 알림 작작 보내요,1
쿠팡,이정도면 만족합니다.,5
쿠팡,업데이트 하기 싫은데 왜 강제로 시키냐!,1
쿠팡,업데이트 너무 많음,1
쿠팡,푸시 안 받고 받을 생각없는데 앱 열때마다 창 뜨는거 짜증나네. 뒤로가기해도 안 없어짐. 취소 버튼도 없음. 나중에 하겠다는 체크창 누르고 나서 확인 눌러줘야 됨. 적어도 내가 쓰는 앱중에 이딴짓하는건 쿠팡 앱 밖에 없음ㅋㅋㅋㅋㅋ,1
쿠팡,적당히 해라 스크롤할려고 광고쪽 스치기만해도 쿠팡 접속되게 납치성 광고를 쳐만들어놨네,1
쿠팡,멤버십 한달 지원 주면 바로 적용되게 하는게 상식이지 한달뒤 적용? 두달뒤 적용? 바로쓰고싶어 선택안함 하니 한달지원 쿠폰날아가고 걍 다시 탈회하고 안쓴다,1
쿠팡,쿠팡 웹에서 연결해서 로그인이 자꾸 튕김 너무 쓰기 불편한 어플 쿠팡 이츠도 똑같음.,1
쿠팡,"첫구매 혜택 18000원 받아서 17900원 짜리 기보드 무료로 구매했다! 쿠팡은 너무 good 믿을수 있는 좋은 쇼핑앱은 쿠팡이다!,테무는 할인해준다 했는데 않해줌 키보드,키캡 주는척 하면서 시키면 키캡,알리는 중국산 이라서 싫음 쿠팡🪙 알리,테무 😡",5
쿠팡,어제 밤부터 오늘 하루종일 사용자가 일시적으로 증가하여 서비스 접속이 원활하지 않다는 창만 뜹니다.. 업데이트도 해보고 삭제했다가 다시 깔아보고 난리를 피웠는데도 안됩니다.,1
쿠팡,갑자기 낮은가격순 정렬이 사라짐,2
쿠팡,잘시용하고있습니다,5
쿠팡,무료체험이라면서 결제하네요? 소비자한테 사기친거니까 공정위에 진정 넣을겁니다,1
쿠팡,편하게 쇼핑하고 있습니다~,5
쿠팡,...예 항시감사드리옵니다.쌩유베리감솨드립니다...알겠습니다.❤️❤️❤️,5
쿠팡,쿠팡 잘쓰고있음,4
쿠팡,광고알림 수신거부 하면 좀 다시 허용하기 매일마다 띄우지마라 적당히해야지,1
쿠팡,굿,5
쿠팡,👍👍👍👍👍,1
쿠팡,태블릿 가로본능 업데이트 해주세요.,5
쿠팡,봤던 상품 조회 왜 없어졌나요 가면 갈수록 쓰기 어렵게 업데이트를 하네요..ㅋ,1
쿠팡,쿠팡쓰지마세요 와우회원환불했는데 돈다시 안들어오고 해킹도쉽게당함 아무튼 쓰지마세요,1
쿠팡,제품살때네이버포인트로다도살수있게해줘요,4
쿠팡,굿,5
쿠팡,리뷰 겹치기도 별로고.. 사태 수습도 그렇게 탈퇴함,1
쿠팡,지나친 광고로 스트래스받아요 머 하다가도 지맘대로 들어가지고 해킹당하는거 같아서 사용하기가 꺼려집니다,1
쿠팡,내부 폰트 뒤죽박죽 꼬라지 보면 개발자 진짜 줘팸마렵네 ㅋㅋ 폰트 하나 잡고 통일시키든가,1
쿠팡,왜반품이 안되냐고요,1
쿠팡,비닐백으로 택배올때 송장붙은거 매번 비닐로 분리수거할때 이름붙은거 떼기가 너무힘들어서 가위로 잘라버려야 돼요,5
쿠팡,19800원이상 금액 제한.. 아오,1
쿠팡,납치가심하다,1
쿠팡,이제 쿠팡 그만쓸때가 됬나봄. 킬때마다 뭐 이상한 쿠폰 쓰라고 자꾸 팝업 3개씩 쳐뜨는데 다른앱은 배경누르면 꺼지기라도 하지 얘네는 x를 찾아눌러야함. 이게 너무 불편하고 불쾌함,1
쿠팡,탈퇴하려고 재설치함 이젠 조깥은 문자 그만 보내라,1
쿠팡,꿀템이 많아요 알아서 찾아야하지만,5
쿠팡,"돈에 미쳐서 테무보다 못한 앱이 되어버렸네요 환불하려면 7000원 우선결제, 100원~2만원 상품 구매해야할 때에도 7000원 우선결제 후 구매 가능, 어떤 행위를 하든 7000원은 우선결제하고 가야합니다. 저는 그냥 차라리 다른 어플 이용할게요",1
쿠팡,쿠팡 배송 더럽게 느리네요 이제 쓸 이유가없어졌습니다.,1
쿠팡,인앱에서 모든 알람을 끄고 광고성 동의도 안했는데 와우 탈퇴하니까 쿠폰 억지로 쥐여주고 이용기간 가지고 알람 띄우는 꼴이 열받네요,2
쿠팡,게인정보 유출 책임회피에다. 그리고 구글게정 무단 칩입확인되어 복구 까지 했습니다. 유출에 대해 어텋게 첵임 지실겁니까.? 정보가 얼마나 털렸는지 알수도없는 상황인대.,1
쿠팡,탈퇴한 쿠팡 인데 자꾸 돈빼가네 이양아치들같이 이거 범죄 아닌가요 ㅡㅡ,1
쿠팡,탈팡,1
쿠팡,아놔;; 쿠팡 어플로 물건 검색해서 들어갈때마다 로그인 처 하라고 계속 뜨는데 노이로제 걸릴거 같음ㅋㅋ뭔 악성사이트 마냥 자꾸 뜨는데 개빡침;; 알리랑 테무는 중국산이라 믿고 거른다지만 쿠팡은 진짜 꾀심한데? 청문회 한번 더 ㄱㄱ,1
쿠팡,아침에 잠에서 깨서 폰 보면 들어간 적도 없는 쿠팡에 들어가져있음 이런 일이 여러번 계속 일어남,3
쿠팡,와우 가입하면 쿠폰 준다 적혀있어서 가입했더니 쿠폰이 안뜸. 스크린샷 찍어둔걸로 문의 하니 1주일동안 기다리라더니 해당사항이 아니라면서 아무것도 못해준다고 함.,1
쿠팡,쿠폰 미사용좀 그만 처보내 니들이 조건 덕지 덕지 해놔서 안쓰는건데 매일 보내고 자빠졌네,1
쿠팡,다크모드 추가 좀 해주세요 그리고 이건 좀 욕나오는데 제품이 품절이라고 상세정보를 못 보게 쳐해두는게 어딨나요? 아니 어떤 사람 머리에서 나온 시스템인진 모르겠는데 제품 사고 상세정보를 다시 볼 일이 생기는 일이 얼마나 많은데 왜 구지 똥을 싸놓는 이유가 뭐에요?,2
쿠팡,어린이는 안되서 차별,1
쿠팡,1~2명배달기사 배달 개판 문의 해도 대답 만 똑같고 바뀌는게 없음,1
쿠팡,배송빠르고 가격대도 저렴하고 물품도 다양해요 쿠팡만한 배송업체는 없다!,5
쿠팡,왜 내가 직접 실행시키지도 않았는데 하루에 몇번씩 자동으로 실행되어 있는지 모르겠다. 접속자수 높여보이기 위한 꼼수냐? 왜 저절로 실행되는지 답글 달아놔.,1
쿠팡,안눌렀는데 뜨는 광고 좀 없애주세요,1
쿠팡,광고납치로 인생피곤하게 하는저질어플,1
쿠팡,시도 때도 없이 멋 대로 화면 나타나 짜증나 진짜 🔥 지르고 싶다니까 신고 하면 되나,1
쿠팡,빠르게 집도찹 참좋아요,5
쿠팡,회사 문제로 발급된 5천원짜리 쿠폰.. 쓰라고 광고 팝업.. 챙피하지 않음? 알림을 켜놓지도 않았는데 어떻게 뜨는거임?,1
쿠팡,모바일 접속 가능 좋습니다.,5
쿠팡,알림에서 광고수신 꺼놨는데도 계속 해서 알림 보내는건 머죠? 그냥 삭제할렵니다.,1
쿠팡,소비자 계정정보가 털리는데 책임도 안지는 미국기업이면 내가 이걸 왜 쓰니?,1
쿠팡,구매이용권이니 뭐니 하는 것좀 그만 보내라 해킹당해서 보상 쥐똥만도 못한거 생색내는 것도 아니고... 이제는 지들이 뭘 잘못했는지 모르고 부끄럽다는 개념이라도 상실한건지 모르겠는데 일반적인 상식에서 너무 벗어난 행동으로밖애 안보인다. ai가 그렇게 하라고 시키더냐,1
쿠팡,쿠팡 잘 사용하고 있는데요 불만사항은 쿠팡에 들어가지 않아도 지맘대로 들어갔다 나가고 그러네요 좀 고쳐주세요,3
쿠팡,한국에서 이득은 다 보면서 불리할 땐 미국기업... 죄송하지만 안 쓰렵니다,1
쿠팡,바로 결제 기능도 그렇고 멤버십 안사면 결제도 못하는 이딴게 쇼핑앱임? 이 앱 때문에 해킹 당했으면 일 처리를 더 열심히 해야하는거 아님? 미안다고 쿠폰 주면 뭐함 뭐 결제를 못하는데 그리고 최근에 본 상품은 왜 지운거임?진짜 이정도로 일 처리 제대로 안하는 쇼핑 어플 처음봄,1
쿠팡,갈수록 배달실수가 많아지네요 저번에는 내용량이 다 터져서 오더니 이번에 다른곳에 배달되있고 짜증나네요,1
쿠팡,개인정보는 털리고 혜택은 점점 없어짐. 소비자를 우습게 아는듯해서 별로임. 진짜 빨리 대체 쇼핑몰 나와줬으면,1
쿠팡,퀴팡 사용이 실타,1
쿠팡,로그인이 쳐안됨,1
쿠팡,"로그인이 안되고, 비밀 번호도 계속 틀렸다고 하네요.",1
쿠팡,아니 로켓프레시 때문에 로켓와우 회원비 냈는데 모든 상품이 다 일시품절이라고 떠요. 이럴거면 회원비 왜 낸거죠? 환불하든지 일 똑바로 처리하든지,1
쿠팡,다시 9800원이되면 좋겠어요ㅜㅜ,3
쿠팡,"상품 다양,구매편리함,배달신속",5
쿠팡,아주좋아,5
쿠팡,개인정보 유출로 인한 쿠폰 5만원중 5천원 밖에쓸게 없음,1
쿠팡,사상 최악의 광고 유도 및 강제 앱 화면으로 이동시키는 역겨운 어플 / 자주 이용하지만 광고로 인한 사이트(앱) 이동은 정말 역겹고 더럽고 냄새난다,1
쿠팡,믿어주는 소비자가 있기에 살아있는거다.. 상식적으로 잘 좀 하자,4
쿠팡,최악,1
쿠팡,탈팡,1
쿠팡,개인정보 가격 5000원,3
쿠팡,쿠폰을 주셨는데 쓸수가 없어요 사고싶은 제품이 입고를 안하는데 짬처리 시키는것도 아니고... 무엇을 사라는 것인가요,2
쿠팡,최근 본상품 버튼 어디갔습니까,3
쿠팡,별로입니다 쿠팡.,1
쿠팡,광고 넘 심함. 조금만 스치면 바로 쿠팡으로 가는 광고좀 그만,1
쿠팡,싫어 👎,1
쿠팡,아니 뒤로가기 버튼 누르면 맨 위 상단으로 올라가게 만들면 어떡하나요. 쇼핑몰에서 제일 불편한 기능이 이건데 어떻게 이 기능을...........,1
쿠팡,사기당함,1
쿠팡,앱이 정말 깔끔하네요. 무엇보다도 구하기 힘든 다양한 상품이 진열 되어 있어 무엇을 사야할지 고민이 되네요 ^^,5
쿠팡,업데이트 하고 주문배송 알림이 안옴,3
쿠팡,네이버페이 계좌 결제 말고 그냥도 할 수 있게 해주세요ㅠ 쿠팡 와우를 가입을 못해요ㅠ 제발요 해주세요ㅠ,5
쿠팡,광고알림 자꾸 강요하네 개빡치게 .. 안볼거라고 설정했는데도,1
쿠팡,소비자를 개보듯 무시함,1
쿠팡,내가 이걸 설치한건 뉴스나 글 속 쿠팡광고가 너무 많고 실수로 누르게되면 앱없이 웹브라우저로 쿠팡이 열리면 돌아가기 귀찮아. 차라리 앱으로 열리면 그냥 닫아버리면 되거든. 난 그냥회원탈퇴했다.,2
쿠팡,배송 빠른거말곤 상품이 비쌈,1
쿠팡,쿠팡 진짜 퇴물 다됬네 개인정보 털린것까진 어떻게든 이해하겠는데 ㅋㅋㅋ 적당히 해야지 설명도 대충 해결도 대충 대체 잘하는게 뭐임? 쪽팔린줄 알아야지 ㅋㅋㅋㅋ 하긴 한명한테 아무힘도 못쓰고 털린 기업이 뭘 할줄 알겠냐 한심하다 ㅋㅋㅋㅋ,1
쿠팡,전 자동으로 로그아웃됬어요 ㅡㅡ,1
쿠팡,올웨이즈보다 훨씬 깔끔함,5
쿠팡,없는거 빼고 다있는 빠른 배송 쿠팡,5
쿠팡,쿠팡 홧팅,5
쿠팡,"1. 결제하려고 하니까 현금영수증 등록하라는 메세지 뜸 2. 현금영수증 등록했더니 ""정상적으로 안됐다""는 메세지로 같은 화면 5회 반복. 3. 마이페이지 가서 현금영수증 등록. 나가려하니까 쿠페이 화면만 계속 나옴. (뒤로가기, 껐다켜기, 캐시삭제 다 쓸모 없었음) 4. 그래서 어플 삭제후 재설치함, 로그인 창뜸 5. 번호 입력하니까 문자 왔다는데 입력하려고 보니 창 닫힘, 잠깐 나가서 문자 확인하러오니까 닫힘 반복 6. 3번째 시도 끝에 문자 입력 성공하니까 프로필 뜸. 프로필 누르니까 간편 로그인 불가능하다며 4번창 반복됨 걍 사려던 것도 사기 싫어요 ㅋㅋ",1
쿠팡,써보니까 뭐 낫배드 낫굿인데 일시품절인 물건 재입고 날짜 대략이라도 알려줬으면 좋겠네요,4
쿠팡,상세페이지에 위로가기 버튼 좀 만들어 주세요!!! 예전엔 있었는데 왜 없어진 건가요 너무 불편하네요ㅠㅠㅠ지난번에도 요청했는데 해줄것 처럼 댓글 달고는 1년이 다 되가는데도 안해주시네 그게 그리 힘든가요? 어떤 사이트는 위로가기 아래로 가기 둘다 있어서 너무 편하든데ㅠㅠㅠㅠ,1
쿠팡,ㅇㄴ 올때 너무 더럽게 오고 던져서 와요ㅁㅊ,1
쿠팡,괜찮아요,4
쿠팡,업뎃후 상세 페이지 확대가 안돼요 글씨가 안보여서 주무할수가 없네요,1
쿠팡,쿠팡 투자사가 한국정부 상대로 소송한다네요 어이가 없어서 원..이제부터 탈팡 합니다,1
쿠팡,로켓와우회원에 가입해야만 살 수 있게 해두면 그냥 쿠팡 쓰지 말라는 건가? 로켓와우 가입하면 매달 7000원씩 나가는데.,1
쿠팡,옷 샀는데 갑자기 맘에 안들어서 상품 준비중에서 반품처리함.근데 반품 했는데 하루 반동안 돈이 안들어왔음. 이것도 신종사기인가요? 조금 실망했습니다,2
쿠팡,대체 쇼핑몰 어플 나오면 바로 갈아탐 솔직히 지금도 안쓰는 중 그나마 편의 기능 때문에 쓰는데 배송 시간도 지 맘대로고 뭔 오후 3시부터 11시 내 배달 예정이래 ㅋㅋㅋ 반품 환불 신청 방법도 되게 복잡하고 불편함 개인정보 다 팔아먹고 나라 팔아먹고 도움 하나도 안 되고 기만하는 쿠폰은 뭐하러 계속 알림을 띄우는지ㅋㅋㅋㅋㅋ,1
쿠팡,고객을 우롱하는 기업,1
쿠팡,쿠팡너무좋아요 근데 식자재 같은거 강원도 동해시도 로켓프레시 새벽배송 가능하게해주세요,4
쿠팡,'최근 본 상품' 제발 이 기능 없애지 마요 진짜..ㅠㅠ,1
쿠팡,"쿠팡 없으면 살수가 없지요, 늘 고맙게 생각합니다,다들 힘냅시다,,,",5
쿠팡,여기 여기저기 다 있어서 나중에 필통이 없을 때 살 수있고 핸드폰 케이스도 예쁜 것도 있어서 너무좋아요,5
쿠팡,뭐 쿠팡이 최고인지는 모르겠으나 새벽배송 직접 뛰어보는 로저스 누가 이길건데 ㅋㅋㅋㅋ 까던 유사남성들 도태되었고~,5
쿠팡,밥솥 없어 못산다 쿠팡 없어 못산다,5
쿠팡,굿굿,5
쿠팡,대한민국에서 제발 사라져,1
쿠팡,좁버뭇다,5
쿠팡,사용자 정보 유출에도 불구하고 회피하는 기업의 태도 불만.,1
쿠팡,쓰레기,1
쿠팡,안녕하세요 저 1월 생일 선물을 샀는데 제금 3월달이 되어서도 안오고 있습니다 재작년에도 그래서 참으려 했는데 이번ㅇ0도 그래서 별점 1점 드립니다 1점도 아까워요,1
쿠팡,가격이 얼마인지 헷갈려요. 쿠폰할인 때문에 뭔가 난잡하네요.,2
쿠팡,개인정보 보호 개떡같이 해놓고 홈페이지 접근성도 별로. 앱 쓰라고 홈페이지 엄청 불편하게 만든듯.,1
쿠팡,중고폰을 샀는데 내이메일로그인해도 다른사람아이디로 로그인됨ㅋㅋ 쿠팡보안 Good,1
쿠팡,접속이 잘안되요,1
쿠팡,한 개도 아깝다... 이런 미국 기업은..,1
쿠팡,아직도 이 쓰래기같은걸 안고쳐놨네. 꼭 사이트에 쿠팡광고 있으면 앱 켜지면서 전체화면으로 광고를 띄우는 기적. 내가 다시 쿠팡앱 쓰나봐라. 쿠팡 자체도 안쓰는쪽으로 마음이 기우는데.,1
쿠팡,말이 많을 때도 있지만 늘 잘 쓰고있습니다,5
쿠팡,택배가 일반배송 속도 수준으로 떨어졌고 돈주고 멤버십 가입했는데 혜택도 줄어들었음 쿠팡플레이는 패스인지 나발인지 또 돈내야 영화볼수있게 바꿨네 안그래도 볼게 없는데 꼭 그렇게 했어야했나?,1
쿠팡,로켓 월회비가 부담되서 이용잘 않하게되요,5
쿠팡,제가 좀 오래됐는데 와우 할인 해준다고 해서 와우가입했어요. 근데 할인을 쥐콩알만큼만 해서 해지하고 다시는 안했다가 살 제품이 있어서 보고 있었는데 로켓프레시로 와우 회원 밖에 안한다는거에요? 그래서 와우가입했더니 하기 전에는 분명 와우전용 할인 0원인데 가입하고 시킬려고 했더니 와우 할인쿠폰 2만원ㅋㅋㅋㅋㅋㅋ 진짜 뭐하는거임??? 그리고 애 조카 두유 48000원에서 2만원 대로 떨어져있었는데 시킬려고 보니까 그냥 다 합쳐서 쿠폰 2만원ㅋㅋㅋㅋㅋ 진짜 이런 뭐 사기가 다 있지? 내가 그래서 다시는 안할려고 했는데 어쩔 수 없이 했더니 역시나 믿을 게 못됨 다신 안할거임;;;;;;;,1
쿠팡,개인정보 유출 차단,5
쿠팡,와우 맴버십 안쓰는데 계속 자동으로 결제되고 취소하니까 돈 그냥 처먹고 환불하려 전화하려는데 전화번호도 안나와있고 퇴물 다 된거 같음,1
쿠팡,음 최근 본 상품 시스템을 왜 없앤거지?,1
쿠팡,개인정보 유출치고 정작 보상해주는 쿠폰은 5000원정도인데 기분이 더러움 차라리 와우혜택을 다르게하든지 별 같잖은 19800원 맞추게하면서 사실 익일배송이나 당일배송은 수도권이나 광역시정도만 혜택보지 지방은 2일배송인데 kt도 요즘 비슷한 연락오는데 유출 보상으로 데이터를 자동으로 설정해놨던데 무제한 요금제쓰는데 처올려놓으면 무슨 혜택이 생김? 법이 약하니까 개나소나 유출시키는데 정보가 유출되었습니다 죄송합니다보다 범스기나 청문회나왔던 외국인이나 위에있으신 사람들 개인정보를 같이 공개하면서 사과하는게 좋아보인다 어차피 탈팡도 카톡처럼 대체재가 나와야 가능하니까,1
쿠팡,와우 회원 가입 안 하고 로켓배송 안 할거라고 강요하다 못해 걍 결제를 못하게 해버리네 그지같아서 안 쓸란다,1
쿠팡,최근 본 상품을 못 보는 건 너무 큰 흠 같음,3
쿠팡,택배를 진짜 많이 미루고 불량품도 진짜 많이 오고 탁배포장도 진짜 이상하게 하는 애들,1
쿠팡,the worst app.,1
쿠팡,기업이 쓰레기인거랑 별개로 어플 자체도 쓰레기.,1
쿠팡,탈팡하라!!,1
쿠팡,여기 리뷰도 돌려 막기 조작하는거 다 보인다 ~ 악행의 끝판왕 더러운 기업. 하는 행실때문에 구매자들이 감정이 좋을수가 없다 인터넷에 뿌려논 지뢰밭 납치광고 집어치워라 !!! 개인정보 털림 쿠폰도 쪼개서주고 직원사고 불성실근무로 몰아가고 산재 사고 은폐 시키는 쓰레기 미쿡기업 . UI창도 지저분한 광고로 도배하고 복잡스럽게 만들었구.. 19000원 정도인가 안사면 구매안되고 노골적 와우멤버쉽 강요하는 꼬라지가 참~ 가관이다. 돈만아는 아주 양아치 악덕 표본 기업 이런회사는 외면 당해야한다 별점은 마이너스나 빵점이다,1
쿠팡,자세히 안보면 광고 설정하게 꼼수썼어요. 광고때문에 너무 짜증나요. 요즘 진심으로 쿠팡 끊을까 고민중입니다.,1
쿠팡,누가 뭐라그래도 제일편하고 제일 좋음~,5
쿠팡,아니 어떻게 쿠팡은 로그인할 때마다 비번 정확히 입력하는데 로그인이 안돼 뭐야 도대체,1
쿠팡,안녕하세용 아주좋아요 최고입니다,5
쿠팡,회원정보까지는 로켓배송의 장점에 묻혀서 참고 쓰는데 이제는 다른 상품까지 배송을 보내? 그리고서는 하루가 더 걸려? 멤버쉽 가입해서까지 쓰는 이유가 뭔데 빠르니까 쓰는거 아녀 근데 잘 못 보내놓고 교환하는데 하루가 더 처 걸리면 말이 되는 소리냐? 바로 보내줘야지 그냥 답이 없는 어플에 답이 없는 회사네,1
쿠팡,최근본상품 메뉴가 왜 자꾸 있었다가 없었다가 하나요? 그냥 메뉴에 추가해주세요 안쓰는 사람도 있겠지만 전 개인적으로 사용합니다. 분명 아까전에 봤던 상품이 괜찮았는데 하고 찾아보면 못찾고 결국 구매도 못한게 많습니다. 제발 좀 없애지 말고 추가해주세요 별로 자리 차지 않하잖아요? 그리고 원래 쇼핑몰엔 기본으로 있는 메뉴기도하고요,1
쿠팡,케이스가 이상한게옴,1
쿠팡,사기꾼들도 있음 행잉자스민 씨앗구매해서 발아시켰는데 행잉자스민이 아닌 이름모를식물이고 환불요청하려니 이미 싸이트 품절이라고 내리고 없음 그래서 소비자고발센터 고발하려는중 다른분들도 씨앗 분꼿 씨앗받았다고 함,1
쿠팡,쓰레기 회사,1
쿠팡,알림 옆에 최근 본 상품 있어서 구입하기 좋았는데 업데이트만 하면 사라졌다가 업데이트로 나타났다가 불편합니다. 최근 본 상품도 나타나게 해주세요.,1
쿠팡,"딴건 모르겠고 진짜 저질스러운 광고 좀 적당히 하면 안되나? 예전에는 광고 팝업 띄우던데 뭐 이것까진 이해하겠는데 이제는 아무것도 안눌렀는데 갑자기 지멋대로 쿠팡이 켜지네 ㅋㅋㅋㅋㅋㅋㅋㅋㅋㅋ 니네도 알리, 테무랑 별반 다를거 없다",1
쿠팡,얘네들 재가입 안받나보네요.?,1
쿠팡,예전부터 뉴스 기사 뭐 하나 읽으려고 하거나 티스토리 같은 블로그글 보려면 강제 쿠팡 팝업 떠서 안그래도 싫었어요 광고를 이딴식으로 하면 반감만 더 사는거 아닌가? 안그래도 싫어서 안쓰고 있었는데 개인정보 유출 터지고 대처도 별로고 로비까지 해가면서 나라에 해 끼치는 기업 더는 쓰고 싶지 않아서 탈팡 하고 삭제 합니다 네이버나 배민 비마트 써도 충분해서 쓸 필요성을 못느끼겠네요,1
쿠팡,가짜금,1
쿠팡,굿잡,5
쿠팡,한번쓰거나 사용감 심한 물품들이 너무 많음.반품이 잘된다는게 장점이자 단점.,1
쿠팡,아니 배송을 미뤘으면 미뤘다고 얘기를 하던가 요즘따라 참 개판이네요 일주일전에 시킨게 안 오길래 확인 해봐도 배송 예정이여가주고 욕 나올 뻔 했네요 ㅋㅋㅋㅋㅋ 예정일 사흘 넘게 배송 해줘서 고마워요~~~,1
쿠팡,개인정보 유출 후 시키지 않은 택배가 배송 완료되었다는 문자가 계속 옵니다. 정말 역겨워요,1
쿠팡,일시적으로 사용자가 증가해서 사용할 수 없다는 메세지만 자꾸 나옵니다. 몇 번 삭제 후 설치해도 동일한 현상인데 해결 방법을 알 수가 없네요.,1
쿠팡,광고좀 좀 작작 띄워요.. 뭐 클릭할때마다 짜증나게 새창 뜨네..,1
쿠팡,와우혜택 좀 치워라; 돈도 없어 죽겠는데 물건 하나 사려는데 별짓을 다하노,1
쿠팡,가끔 웰컴백 쿠폰 많이 비싼 물건 공짜로 팔거나 많이 싸게 파는거에 리셀하려고 눈돌아가서 사지마셈.가격 검색해보니까 원가 15만원이라 적혀있는 상품 원가가 1~2만원 함 쌩 구라임 이거 ㅇㅇ,2
쿠팡,"장점은 결제가 빨리 되는 것입니다. 결제할 때 비밀번호를 치지 않아도 되는 게 너무 편합니다. 단점은, 주문할 가게에 들어가서. 상단에 있는 여러 메뉴 중 하나를 누르면, 그 메뉴로 가기 위해 음식들이 위로 쭈르륵 올라간다는 게 너무 불편합니다. 눈이 아프거든요. 요기요 같은 경우는 예를 들어 롯데리아로 들어가서. 세트 메뉴나 사이드 메뉴 같은 걸 누르면 스크롤이 없이 바로 그 메뉴로 갑니다. 그런데 배민이랑 쿠팡은 그 메뉴로 갈때까지 음식들이 처음부터 위로 쭈르륵 올라갑니다. 요기요처럼 각각의 메뉴로 스크롤 없이 바로 가는 것은 각 메뉴의 첫 번째 음식의 주소로 바로 그냥 가게 하면 되는 거라 전산적으로 굉장히 간단할텐데 왜 우리 눈을 아프게 하는지 모르겠습니다. 소비자들은, 그렇게 음식들이 주르륵 올라가는 것을 매번 보면서 즐거워할 아기나 컴맹들도 아닌데 말입니다.음식들이 쭈르르르륵 올라가지 않으면, 눈이 편해서 더 자주 시킬 것 같습니다.",4
쿠팡,로그인 무반응.,1
쿠팡,개인정보 어떻할거냐,1
쿠팡,쿠팡 파이팅 알리테무 꺼져 ^^,5
쿠팡,"미ㅣㅣㅣ이이이이ㅣㅣㅣ쳐따....ㅜㅜㅜ 쿠팡 사랑해요 ❤️❤️❤️❤️❤️❤️❤️❤️❤️❤️❤️❤️❤️❤️❤️❤️❤️❤️❤️❤️❤️❤️❤️❤️❤️❤️❤️❤️❤️❤️❤️❤️❤️🥹❤️🥹🥹❤️🥹❤️❤️🥹❤️🥹❤️🥹❤️🥹🥹❤️🥹❤️🥹❤️🥹❤️🥹❤️🥹🥹❤️ 계룡시라 쿠팡프레시 안 되가지고 막막 울면서 저 굷고 있다 여기 마트가 홈플밖에 없는데 홈플 개망해서 바나나도 안 들여온다. 나 굶고있다. 절실하다 쿠팡. 이러면서 고객센터에 제발 오픈해달라고 개찡찡대ㅛ는데 ""아 죄송합니다 우쭈쭈 서비스 될때까지 기다려주세요"" 하고 연락 왔음!!!!! 근데 그래도 사실 좀 오래걸릴거라고 생각했단 말이죠......? 엥 아니 근데 오늘도 주린 배를 잡고 쿠팡 프레시 아련하게 장바구니 담아두려고 보니까 배송 버튼이 활성화 되어있는거예요요ㅛㅛㅛ....... 엥 이게뭐지 이게뭐지 몇 번을 확인해도 배송 가능.... 세ㅔ상에 저 그냥 기절임. 하 너무 감사해ㅛ요 쿠팡 사랑해 너없이 못살아",5
쿠팡,돈안내면 로켓프래시 상품 사지도 못하는 쓰레기앱,1
쿠팡,업데이트 숨쉬는 것보다 많이 하면서 안하면 들어갈 수가 없네,1
쿠팡,로그인화면도 수상하게 바껴서 깨름칙해서 순삭,1
쿠팡,버즈 프로 케이스 안이 누가 썼던거처럼 누래요 ... 될리가 없는데 충전도 되있고 참... 방금 바로 반품 신청함,1
쿠팡,쿠폰그런것주지말고 우리가사용할수있는걸로성이를보여주세요,1
쿠팡,갑자기 정액제 구매 안 하면 아무것도 못 사게 하는 이상한 곳이 됨. 정보 유출은 둘째치고 이거때문에 반감 생겨서 그냥 지움,1
쿠팡,멤버쉽 가입 안하면 사지도 말라는 건가요? 이럴 거면 유출 보상으로 쿠폰은 왜 줬음?,1
쿠팡,배달도 느리고 개인정보유출도하고 진짜 별로네 쿠팡쓸바엔 네이버스토어 쓸듯,1
쿠팡,해킹 보상 쿠폰 진짜 교묘하게 돈 쓰게 뿌려서 별 1개 줄게,1
쿠팡,별하나도 아까움 ㅡㅡ 빠른배송 하나인데 일도 똑바로 안해서 탈팡 합니다,1
쿠팡,구 아파트 살면 물건 누가 훔쳐가도 찾을 방법도 없고 복도에 CCTV 설치도 불가능한데 구매 정지 처리 시킨거면 니들이 잃어버리던 말던 돈이나 내놔라는 시스템 잘 알겠습니다.,1
쿠팡,"원래 알림 옆에 최근 본 상품들 볼 수 있게 되어 있었는데, 이번에 업데이트 하고 나선 그게 사라져버렸습니다. 그거 되게 유용하게 사용했는데, 그거 없어지니 너무나 불편합니다. 왜 없앤거죠?! 다시 살려주세요! 어느 플랫폼이건 다 있는 히스토리를 왜 없애서 이용자, 고객에게 불편을 끼치나요?! 뭐 하나 제대로 하는 게 없는 거 같은 쿠팡이 돼 가고 있음.",1
쿠팡,대체왜 우리 쿠팡을 뭐라하는지 모르겠어요 솔찍히 알리 테무도 개인정보 뽀리는데 그놈들은 걍 기업에서 뽀리는데 쿠팡은 어이 없게 해킹을 당한것일뿐 와우회원 저렴하게 구매 되고 독거미 키보드를 네이버스토어의 비해 저렴하게 살수 있습니다 내이버에서 독거미 키보드가 9만원(F87)쿠팡(저 솜사탕 축 넣어서 7만원에서 6만원) ☠️☠️☠️ 갓 쿠팡 강추,5
쿠팡,정보를 쳐 공개했으면 보상이라도 잘하던가 구매제한 5000원을 주면 뭐 어쩌란거임? 뭐 실수로 노출했다 치고 뭐 돈뜯을 생각이 먼저라서 보안도 신경안썼다고 치고 해도 구매제안 없음 쳐 써두고 구매제한을 걸어둔건 나를 사람으로 보는기가,1
쿠팡,아니 어이가없네 배달기사님들 양심이 너무 없으신거아닙니까?택배를 대충 던지질 않나 너무합니다. 택배좀 던저서 놓지말았스면 좋겠습니다.,1
쿠팡,탈팡.,1
쿠팡,광고,1
쿠팡,아니 너무하신거 아니예여? 오랜만에 쿠팡플레이 들어갔더니 거의다 개별구매네요? 처음엔 와우회원되면 좋은점이 영화도 그냥볼수있고 +무료배송등등 지금은 회원비도 올렸는데 영화도구매해서봐야되여? 회원정보도 털렸겠다 얼마나 털어가실려구 그러세요? 심하네 이건..'' 쿠팡플레이 볼꺼면 넷플릭스보죠 ㅜㅜ,1
쿠팡,너무감사해요,5
쿠팡,침대에서 5분만 하려다 해 뜨는 거 봤습니다. 출근 망함. 연차 써야하나 고민중.. 하.. 너무 재밌어,5
쿠팡,탈퇴했는데 회비가 계속 나가는데 어떻게된일인가요?,1
쿠팡,이래저래 말은 많지만 전 만족스럽게 잘 쓰고 있습니다. 쿠팡 응원합니다!,5
쿠팡,최악의 쇼핑몰 ㅇ ㅇㅇ,1
쿠팡,"쿠팡. 배송지연에다 형편업네요. 실망이네요 정말 휴대폰 공기계 구매했는데 배송지연이라니. 화가나네요 형편없이 네요. 에휴,",1
쿠팡,"탈팡,불매",1
쿠팡,유튜브 쇼츠 광고납치때문에 지움,1
쿠팡,로켓프레시 구매하고 20분 안에 추가구매 하면 15000원 안 채워도 구매 가능하다는 말 다 거짓말 안됨 꾸역꾸역 15000원 채움 개열받는 쿠팡,1
쿠팡,개빡치네그냥,1
쿠팡,물건 주문한지 2주가 넘었고 물건 도착이 1주일 후여서 그것만 기다리는데 판매자가 강제취소해서 강제 환불이 되었는데 상담사한테 전화하니 법을 읊어주며 이렇게 되도 괜찮은거고 정당한 거라네요 안그래도 빡친 사람을 더 빡치게 만들어 주는 어플이네요^^,1
쿠팡,넘 좋아요. 근데 와우카드 다른걸로 바꾸고싶은데,5
쿠팡,짱~~~♡,5
쿠팡,1점도 아깝네,1
쿠팡,"돈은 한국에서 다벌고 미국기업이라면서 개인정보 노출, 한국 노동자 근로 착취, 협력업체 갑질에도 불구하고 로비만 열중하는 안하무인 쿠팡은 이제 공정한 처벌을 통해서 그만큼 댓가를 치러야한다.",1
쿠팡,좋아요 음청 좋아요,4
쿠팡,개인정보 누출이 왠 말일가요?,1
쿠팡,가격 볼때 자꾸 할인가로 보여주니까 비교가 안됨. 화나네,3
쿠팡,"왜 쿠팡 배송하시는분들은 전부집앞으로배송하시나요? 경비실체크하고 송장 이름밑에 경비실표시가있는데도불구하고 계속집앞으로보내는이유좀명확히 알려주세요, 진짜진심 이유가있으니 경비실이라고체크한거아니겠습니까?",2
쿠팡,도대체 홈버튼을 왼쪽아래에 만들겠다는 생각은 누구머리에서 나온건지 모르겠는데 검색하다가 상세페이지 확대하다가 계속 홈버튼 눌려서 찾아보던거 사려던거 없어집니다. 제발 위치 수정 부탁,1
쿠팡,아니ㅡㅡ광고 안본다고 설정했으면 그렇게 끝나야지 왜 앱 들어갈때마다 광고 수신하라고 팝업이 뜨냐고ㅡㅡ개 불편하네 진짜,1
쿠팡,비번 내가 쓰고싶은거 쓰게 좀하자. 책임은 본인이 지겠으니까.이전에 쓰던거라 안돼고 이래서 안돼고 저래서 안돼고 안돼는게 뭐 그리많나? 매번 비번바꿨다 다음 로그인때 막혀 새로 비번설정해야하고 사람기억력은 한개가있다.,1
쿠팡,전국민급 정보유출 책임지는 보여라,1
쿠팡,생체인증 빼라 비번 함 틀렸다고 자동인증 체크되고 등록할려고 하는꼴 보소,1
쿠팡,쿠팡을 자주 사용하는 이용자입니다. 상품 문의하기 터치 후 문의하려 하는데 문의 창이 안나옵니다. 개선 부탁드립니다.,3
쿠팡,지들이 쿠폰을 쳐 줘놓고서는 배송비는 별도임,1
쿠팡,쓰레기,1
쿠팡,카카오 네이버 로그인좀 넣어요 아오 콧대만 엄청높네,1
쿠팡,뭔 멤버쉽가입안하면 사지도못하게 만들어놨네 컬리로 갈아타세요,1
쿠팡,이제 로켓 오늘배송까지 추가하고 많이하셨는데... 어쩌다 쿠팡이....,5
쿠팡,상세설명을 확대해서 볼수 있게 해주세요 갑자기 상세설명 확대 안되서 구매의욕이 팍 사라지네요 그리고 필수표기 정보에 제조국 표기 안된 상품들은 전부 내려 버리고 제조국 표기 안하면 상품 올리지 못하게 하세요 상세설명에도 제조국 표기 안된거 너무 믾아요 또 필터에 제조국도 선택 가능하게 해주세요 제발요,3
쿠팡,어떤 검색어는 일렬로 보기가 없고 바둑판 보기만 있는데 한눈에 들어오지도 않고 조잡함.,3
쿠팡,"아쉬운 부분이 없잖아 있겠지만, 솔직히 배송도 정말 빠르고 혜택 이용기간이 얼마 안 남았을 때 '쇼핑 끊어야겠다..' 싶어서 와우 회원을 해지했는데 해지할 때 돈도 다 돌려줘서 놀랐어요. 계정 정보 털렸을 땐 화가 났긴 해도 솔직히 받은 혜택같은 거랑 와우 회원 가격 생각하면 역시 쿠팡이 제일이라 끊지도 못했어요. 그리고 무엇보다 여태까지 쿠팡으로 빠르게 괜찮은 가격으로 혜택을 이용해왔으니.. 쿠팡 입장에서는 크게 보상해주기도 어려울텐데 대처도 물론 아쉽긴 하지만, 그동안 이용해온 거 생각하면 나쁘지 않다고 생각합니다. 제발 사라지지 마세요..🥰",5
쿠팡,시세조작. 개인정보유출. 나몰나라외산기업,1
쿠팡,아니 옆도시 인데 7일 걸린다해서 기다리고 그때로 준비했는데 추가로 걸린다는건 뭔 샹 심지어 싸게 올려서 말 안된다고 생각하는지 뭐 배송을해줄 생각도 없음 에초에 7일기다리라 해서 기다렷는데 기다리니까 환불 요청이다 심지어 쿠팡에서 운영하는데라 한패임 와... 7일 기다렷는데 상품도 준비가 안됨 근데 더 비싸게 사면 하루만에 배송해주고 재고도 있다고함 그냥 싸게올린거 손해니까 배송안해준다 환불이나해라 배짼다 그냥 이런다 손해니까 배째슈한다 1점 주기도 아깝다 -단위 있으면 -5점으로 올렷다 그리고 와우가입좀 작작해라 와우 가입해야 쿠폰준다하고 뭔 택배 앱에서 중국산 게임 운영이 보이냐 개인정보 유출도 말 안되는데 배송은 엉망이고 와우 유도에 돈안된다 싶으니까 배송 안해줄꺼니까 배째라 식으로 나오는게 말안됨 진짜 🐕 같은 어플이다 버그 수정해대요 업데이트에 그냥 운영이 버그고 밥말아 먹음 그냥 버그수정할 시간에 운영 재대로 하고 배송좀 제대로할 생각을 해라 그냥 사기 집단 소굴 같은,1
쿠팡,로켓배송 짱이에요. 우리 강아지 사료가 없어서 주문하려니 토요일 주문해서 바로 받을수 있는 곳은 여기밖에 없네요. off라인은 너무 비싸고 쿠팡 짱이네요,5
쿠팡,개인정보 유출 후 고객을 뭐로 보는 건지 사죄도 제대로 안하고 새벽배송 비윤리적인 듯 여러모로 맘에 들지 않는다.,1
쿠팡,탈팡했어요,1
쿠팡,"· ',",1
쿠팡,탈퇴하려니까 업데이트를 하라고 하네 헐,1
쿠팡,빠르게. 배달. 돼서 좋네요,1
쿠팡,잘 사용하고 있지만 지금은 별로 대체 가능한 배달들이 많아 심히 고민중 호구들이 아닙니다,1
쿠팡,로그인도 안되고 인증문자도 안옴. 개인정보 처리가 걍 엉망인거 같음.,1
쿠팡,배송이 빨아서 좋아요,5
쿠팡,쓸애기~~~,1
쿠팡,쓰레기 기업,1
쿠팡,쓰레기 광고 그만해라,1
쿠팡,짝퉁에 허위광고 대다수 중국산 탈팡한다,1
쿠팡,원래 그런가보다 미안하다ㅠ,1
쿠팡,쓰레기 기업.,1
쿠팡,너무좋지만 잘못은 인정하는 회사가 되길빌면서,1
쿠팡,같은 상품을 파는 다른 판매자의 후기가 한번에 뭉뚱그려 보이는거 문제있습니다. 바꾸세요 판매자 후기가 전혀 보이지 않는 방식입니다. 상품 후기가 따로 따로 보여야지 같은 상품 판다고 같은 판매자 아니잖아요 왜 같은 판매자마냥 뜨나요 이거 문제 있는거 아닌가요? 그리고 판매자 문의하려는데 왜 다른 판매자가 뜨냐고요 같은 상품판다고 같은데가 아니잖아요,1
쿠팡,탈퇴는 어렵고 구매는 실수로 원터치결제유도..악덕 상술만 발전하고..보안의식. 고객마인드 지속망가지는 미국회사..한국회사면 이러진 못할듯..CEO is the origin of problem.,1
쿠팡,It's a passageway to open personal information.,1
쿠팡,배송이 빨라서,4
쿠팡,한국에서 장사하려면 그따위로 하지마라,1
쿠팡,정말감사합님담욤^^사랑합님담욤,5
쿠팡,쓰레기만 파는듯,1
쿠팡,👍👍👍👍,4
쿠팡,27일전에 주문한 걸 계속미루다가 결국 판매자가 보내지도 않고 지멋대로 반품 이라며 취소함 언제 도착하는지 9일후 문의넣었는데 답변도 붙여넣기 답변 언제 도착하는지 문의넣어도 답변은 순차적으로 간다는 100개한정판매인데 물량부족 그러면서 또 계속 판매함 그래서 쿠팡 안함,1
쿠팡,사기꾼 판매자가 판을치는 곳,1
쿠팡,쿠폰 버튼 하나 잘못 눌렀다고 와우 결제 되는게 말이되냐 이딴일 격으니 테무가 쿠팡보다 더 좋게 보인다,1
쿠팡,와우할인 싫당,1
쿠팡,빠른 배송,5
쿠팡,말이 필요한가?,1
쿠팡,업데이트되고 왜 실행이안되고 자꾸 오류가 나나요...이제 결제를 하면 안될듯... 로켓배송이라 좋았는데..점점실망...,1
쿠팡,왜 자꾸 키지도 않는데 켜지는건지,1
쿠팡,가짜가 너무 많다,1
쿠팡,먼 광고가 계속뜨냐? 납치 광고 그런건가? 짜증나서 탈퇴하고 싶어 지게 만드네?,3
쿠팡,쿠폰으로 광고 쳐 하지말고 알람껏으면 보내지마라 멍멍이들아,1
쿠팡,15초짜리 광고 작작쳐올리세요!!!!,1
쿠팡,찜리스트 수정된부분 마음에 들어요,5
쿠팡,배송이 빨라 편리합니다,5
쿠팡,와우 멤버십 가입 절차 좀 수정하세요;; 버튼 하나만 누르면 아무런 경고문자나 결제 알림 팝업도 없이 결제되게 만들고 해지하는 방법도 sns에서 정보를 찾아보지 않으면 하기 힘들게끔 꼭꼭 숨겨놓는게 왜 이따구로 앱 운영을 하고 있는건지 이해가 안됩니다 순간 정떨어져서 앞으로는 이용하지 않겠습니다,1
쿠팡,믿을수있는.쿠팡,1
쿠팡,고유통관번호 어떻게 바꿈? 왜이리 보기 어렵게 해놓음?,1
쿠팡,최근 본 상품 왜 없어졌나요? 아무리 찾아도 안보리고 고객센터에서도 없어졌다하던데 다시 부활시켜주세요,1
쿠팡,배송이 개판~~ 박스던지고 그러고 감~~,1
쿠팡,망해서 안되는건가요?,1
쿠팡,예전에는 G마켓을 이용했었는데 인터넷 추천으로 아주 잘 이용하고 있습니다.,5
쿠팡,로켓배송이왜 4일후에 올까요? 차라리 3일이내 도착보장인 네이버를 사용하는게더 좋지않을까요? 문의는왜 시키는것마다 업무를못받을까요? 하루가지나도왜 배송시작을안할까요? 이러면 쿠팡누가 사용하나요?,3
쿠팡,앱 설치 강요,5
쿠팡,진짜 레전드 형님쿠팡 진짜 거짓말 안치고 몇달 마다 무료 쿠폰 5천원씩 주는 미쳐버린 쿠팡 별 5개 입니다 너구리 라면 무료로 먹으니까 진짜 개맛있네요 맨날쓰고 있습니다,5
쿠팡,고객정보 다 털렸는데도 대표라는 인간 하는 꼬라지보면 다른 대체재만 생기면 바로 갈아탄다. 영원한건 없다. 고객들이 사용해줄 때 잘해라.,1
쿠팡,잘 부탁드립니다,5
쿠팡,아무것도 누르지 않았는데 쿠팡앱이 계속 켜져서 휴대폰 할때마다 불편해요,1
쿠팡,잘안됭,4
쿠팡,물건 사겠다고 해도 로켓배송 핑계대면서 물건 추가구입하라는 게 짜증나서 안 쓰고 말지,1
쿠팡,도대체 스크린락을 풀면 왜 자꾸 쿠팡이 뜹니까?,1
쿠팡,미국판알리익스프레스,1
쿠팡,"진짜 별0개 주고싶다.. 업데이트 잦고, 용량커지고, 잘쓰던 버튼이나 페이지 없어지고... 네모버튼 없어져서 드레그 하기 귀찮고, 보기불편해져서 이제 진짜 떠나야되나싶어 후기수정해봄 리스트뷰 그리드뷰 진짜 퇴행해서 자꾸 업데이트되니 짜증난다",1
쿠팡,배송이 빠르고 사용하기가 좋아요.,4
쿠팡,혜택이좋음,5
쿠팡,최근본상품 보기 그것좀 제발 다시 살려주세요 너무 불편합니다ㅜㅜㅜ,4
쿠팡,아주 오랫동안 잘 사용하고 있습니다. 다만 찜목록을 품목이나 종류별로 정리할 수 있게 폴더처럼 만들어서 찜할 수 있는 기능이 생기면 좋갰어요...ㅠㅠ,5
쿠팡,이건좀 아닌거 같습니다 제 나이는 이제 중1인데 토스카드를 쓰고있는데 그 카드로는 결제가 안됀다고 써져있던데 이건 좀 아닌거 같아요 아무리 그래도 그냥 먹을거 사는건데 이렇게 화가 나는적은 처음이네요 진짜..,1
쿠팡,쿠팡 쿠폰이 너무 짭잘하네요👍👍,5
쿠팡,이미탈퇴한지 좀 됬는데 아직도 돈을 빼가네요 양아치들이네 신고하겠습니다,1
쿠팡,"아니 간혹 '쿠팡 중국산 쓰레기'이런 사람들이많은데 아닌거 같아요 물론 그사람들의 생각도있겠지만 전 아닌거 같아요 이제 그럿게 안해주심해요,,",5
쿠팡,왜 일시적으로 사용자가 증가하여 서비스 접촉이 원활하지 않습니다 가 뜨는거죠,2
쿠팡,지금 계속 인터넷 연결이 안되었다면서 어플 작동이 안됩니다,3
쿠팡,좋아요!,5
쿠팡,찜한상품 일시품절시 목록에서 왜 사라지게 업데이트된건가요 최소한 보이게는 해놔야 하는거 아닌가 싶습니다.,3
쿠팡,쿠팡 서비스와는 반대로 금번 정보누출과 직원정책은 반대요,3
쿠팡,나만 안열이는건가요? 앱이 안열려요 계속 네트워크 문제라고뜨고,1
쿠팡,화면을 킬 때 가끔씩 쿠팡이 자동으로 켜지네요. 바빠 죽겠는데 이러면 짜증나네. 이것 때문에 별점 깎습니다.,2
쿠팡,다신 안삼,1
쿠팡,리뷰 이거 체험단 리뷰만 상단에 보여지는거임? 최신순으로해도 별 다섯개 짜리만 나오고 내가 단 리뷰는 안나오네? 리뷰 볼려고 하면 분명히 리뷰가 많은데 몇개밖에 안보여주고 죄다 체험단 리뷰야 그리고 요즘 쿠팡인지 테무인지 중국산 제품들이 왜이렇게 많음??? 테무에 있는 제품들 똑같이 그대로 올라와 있고 물건 사서 받아보면 제품박스나 설명서에 중국어만 써있고,1
쿠팡,좋은점이 많아서,5
쿠팡,상담도 친절하고 배송도 안전하고 좋아요♡♡,5
쿠팡,최근 본 상품 목록이 사라져서 불편해요. 옛날엔 있었던 걸로 기억하는데 왜 없어졌나요? 며칠 전에 봤던 상품을 사고 싶은데 기록이 없어져서 살 수가 없어서 답답해요.,3
쿠팡,앱을 쓰면 쓸 수록 단점들만 보이는 게 정상적인가요 여럿 사람들 똑같은 혹은 거의 비슷한 혹평들이 대부분인데 개선할 의지는 하나도 안 보이고 인터넷 쇼핑 앱이면 좀 그에 답게 운영을 하세요 돈만 보지 마시고들.. 검수를 하는 건지 마는 건지 판매자들 제대로 거르지도 못 하고 하다 하다 회원 아니면 사지도 못 하게 하는 앱은 처음 봅니다 ㅋㅋㅋ,1
쿠팡,실수로 이메일을 바꾸는 바람에 물건을 구매 못하고 있습니다 해결책은 어떤게 있나요. 회원정보 들어가서 이메일 수정 하려고해도 인증 메일을 못받고 허탕만 치고 회원탈퇴해려고 해도 비밀번호를 모르고 .탈퇴해서 새로 회원등록 하려고 합니다. 어떻게 해야 하나요?,1
쿠팡,'새벽 7시 전 반품 수거 예정' 이라더니 7시 넘어서 문앞에 내 놓으라고 알림이 오면서 '오늘 수거 예정'으로 바뀌었네요. 수거 예정 시간 안 맞출꺼면 애초에 7시 전 수거 한다는 문구를 안 보여주는게 나을것 같네요... 그리고 프레시백에 준다고 해서 주문하면 항상 박스에 담겨져 있어요. 그리고 노티피케이션 광고에 이전에 구매했던 상품이 90% 할인되었다고 뜨는데 막상보면 구매한적도 없는 제품이 떠요. 문구를 관심상품 등으로 바꾸던가 해야될 것 같아요. 그리고 새벽배송+사이즈 옵션을 선택하면 그 사이즈가 새벽배송인게 교집합으로 나와야 하는데 그게 아니라 새벽배송인 다른 옵션이 있는 상품과 그 사이즈 옵션이 있는 상품이 합집합 나와서 불편해요,1
쿠팡,좋아요,5
쿠팡,손정한♡김태형 급으로 재밌네요,5
쿠팡,쿠팡캐시 적립 내역 보고싶은데 자꾸 로그인 후 이용할 수 있다고 뜨네요. 한창 개인정보유출사건 있을때부터 해당 오류 확인했는데 수정좀 해주세요,4
쿠팡,광고 제일 짜증난다 바로 삭제되지않고 두개이상 넘어가니 개ㅆㄹㄱ 켁 퉤 적당히해라 아예 없어져라,1
쿠팡,쿠팡. 안. 좋다.,1
쿠팡,과도한 광고 노출과 정보 유출 방지 미흡으로 인해 본 서비스를 추천하기 어렵습니다.,3
쿠팡,어미 가 없나봐 와우가입하면 쿠폰준다했는데 2주도 안되서 회수해감 ㅋㅋ 미쳤음 그냥 사실 준적이 있는지 조차 모르겠음,1
쿠팡,쿠폰 줄거면 제대로 주던가 5천원임 뭐임ㄹㅇ,1
쿠팡,미우나고우나 대체불가 쿠팡배송,5
쿠팡,쿠팡 배송 할때 문앞에 던지고 누가 반품 시킨거 자주옴 ㅡㅡ,1
쿠팡,ㅋㅋㅋㅋ 샤프 샀는데 촉이 휘어서 오네요 촉이야 다시 눌러서 쓰면되는데 찜찜하고 그냥 기분 더럽네요 쓰지마세요~,1
쿠팡,편함,4
쿠팡,국내산 사고 싶어서 검색하면 외국산이 뜹니다 알고리즘 상세표기 분류좀 해주세요,1
쿠팡,개인정보는 넘어갔는데..그래도 잘씁니다 ㅎㅎ,4
쿠팡,쿠팡 노예가 되네 나도 모르게 한 달 사용 안 했는데 이렇게 불편할 줄이라.,1
쿠팡,지들이 주소 틀려놓고 주소 올바르게 입력한 이용자 탓 이사해놓고 이사한 주소로 보내달라 했냐 아니면 물품 먹튀를 했냐 아주 그냥 기업이 일반 직원들과 이용자들에게 덤탱이는 잘 씌워,1
쿠팡,편하기는한데 정보유출이 자주일어나니안심하기가 어려워요,5
쿠팡,사기꾼 업체,1
쿠팡,역겨운 퇴출 1순위 기업,1
쿠팡,0원 할인 할때 있어요,5
쿠팡,이만원이개밣 했다,5
쿠팡,개인정보 유출앱,1
쿠팡,대체 불가 영역,5
쿠팡,개인정보 유출,1
쿠팡,와우멤버쉽 연장 취소했는데 또 유도한 건지 와우멤버쉽 연장되어있네요 ㅡ.ㅡ 취소버튼도 기존하고 또 다르게 바꾸어놓고요... 정말 마음에 안드는 회사네요,1
쿠팡,응원합니다 쿠팡,5
쿠팡,한번 클릭으로 결제는 선넘은거 아닌가 싶다. 하긴 다른 쪽으로도 선을 많이 넘긴 회사라 그러려니 한다. 참 양심없다.,1
쿠팡,개인 정보 유출 극혐,1
쿠팡,5년전에 탈퇴했었는데? 그때정보가 삭제안하고 정보 퍼다가 딴데다 나른거 어이없네 ? 이정도 문제면 고민을 해봐야겠네,1
쿠팡,왜 쿠팡 기본카드지정이 없어진건가요? 늘쓰는 카드가있고 가끔 다른 카드를 쓰는데 자주쓰는카드등록 사라지고 마지막 결제카드만 남아 원하지않던 카드로 결제하게되는일이 발생합니다.,2
쿠팡,로그아웃을 도대체 어디다가 쳐박아놨어?,1
쿠팡,한국사람이면 쿠팡쓰지 맙시다,1
쿠팡,광고 알림 해제를 몇번을 누르는데도 왜 계속 지멋대로 푸쉬알림 쳐넣는건지 이해가 안가네,1
쿠팡,쿠팡개인정보 우액그래도 조아요,5
쿠팡,극혐,1
쿠팡,와우 혜택을 적용중인데 배달 무조건 무료라면서 왜 3000원이나 내야되는지 모르겠네요..... 이것좀 고쳐주시면 감사하겠습니다.,1
쿠팡,아니 냉동식품 잘못 와가지고 냉동실에 억지로 며칠 보관하다가 택배기사 오는 시간에 맞춰 재포장 부탁한다길래 피곤하게 반품했는데 만원 쿠폰 기간 지났다고 안 돌려주네 장난하나 뭔 판매자가 잘못 보내고 늦장 대응해서 기간 지난 걸 구매자 피해로 넘기지 물건 값도 비싼 앱인데 서비스까지 이러냐.. 상담사는 또 아무리 늦어도 내일 답변준다더니 자연스럽게 일주일 연장에 ㅋㅋ 진짜 어이가 없음 괜히 실드치고 다녔네 어휴,1
쿠팡,광고 좀 적당히해라,1
쿠팡,별로입니다..우리한테돈벌고 미국이 이득보고..,1
쿠팡,개인정보 털림. 맨날 어플 업뎃은 하는데 털림. 업뎃이 거의 일주일에 4회는 하는거같은데 털림,1
쿠팡,구매이용권 다운받으니까 모든 물건의 가격을 구매이용권 적용 가격으로 보여줘서 제대로 된 쇼핑을 할 수가 없잖아요. 모든 물건 다 5천원 할인 해줄 거 아니면 사기 아닌가요? 그리고 최근 본 상품은 왜 없앴나요? 쿠팡에 대한 호불호를 떠나서 앱은 좀 구리네요,3
쿠팡,아니 개인정보유출로 쿠폰을 줬으면 쓸수 있게 만들어놔야지 왜 구독 안 하면 암것도 못쓰게 만들죠? 회원가입하고 개정을 만들었는데 똑같이 개정유출된거잖아 14000원 제한 풀어라 그니까 민심 나락가지ㅉ,1
쿠팡,1점도 아까움 물건 배송은 쿠팡이 잘못하고 번거로움은 고객보고 떠안으라고 함,1
쿠팡,사랑해요.루니,5
쿠팡,돈 주고 구매한 영화도 제대로 재생 안 되는건 너무 하다고 생각하시지 않나요?,1
쿠팡,개인정보 유출,1
쿠팡,해외에서 접속이 안되게 되어있나요? 사용자가 많아서 접속이 안된다고 몇일째 그러네요,5
쿠팡,상품배달이빠르고 반품도 잘되고 좋아요~,5
쿠팡,결제수단 기본으로 선호하는거 선택해두고 가끔 카드할인이나 다른 이유로 가끔 다른카드 쓰고싶은데 가장 마지막 결제한 수단으로 자동으로 바뀌는게 참 쓰레기같네요. 멤버십 결제는 결제수단 선택도 아니고 그냥 결제가능한 뭔가가 있으면 지맘대로 다 선택해서 바로 결제박아버리던데,1
쿠팡,불만사항은 답없음,3
쿠팡,한국은 호구로 보는 기업,1
쿠팡,진짜 당췌 이해가 안되네~ 보다 보면 버튼을 잘못눌러서 보던 페이지를 벗어날때가 있어서 '방금 본 상품 보기' 메뉴를 진짜 편리하게 잘 사용하고 있었는데 갑자기 사라졌네?? 대체 왜??? 찜목록에 검색기능 좀 넣어달라니까 아무 변화도 없더만 편하게 쓰던 메뉴까지 왜 없애버린거지??? 안그래도 물건 주문하고 하염없이 기다리다 한달반만에 일방적으로 주문취소 메시지받고 열받아서 항의해도 아무 책임 안져서 개빡치는데!! 개인정보 유출된것도 개빡치는데!! 잘 쓰던 메뉴까지 없애버려?? 아주 제발 쿠팡 쓰지말아달라고 고사를 지내네!!! 예~ 안써드릴께요~~!!! 아.. 지금 보니 구매한 제품 옵션정보도 없애버렸네? 얼마전에 산 바지 사이즈가 얼마였더라 확인할랬더니 옵션정보가 없네? 전엔 분명 내가 산 제품 사이즈나 색상같은 정보가 나왔는데 이제 아예 없네? 참 대단한 업데이트네~ 진짜 놀랍다 놀라워~ 어쩜 이렇게 업데이트 할수록 점점 불편해지게 만들수 있을까? 와우~~!!! 굿굿굿~!!!,1
쿠팡,보상이라면서 쿠폰사용을 강요하는 양아치 회사,1
쿠팡,개인정보 털리는건 못 막지만 2만원 이하 구매는 잘 막네,1
쿠팡,피해 보상을 그따위 쿠폰으로 퉁칠려고하네 ㅋㅋ 치졸하다 치졸해 5천원 쿠폰ㅋㅋㅋ 누굴 거지로 아나,1
쿠팡,내 개인정보 털렸어요,1
쿠팡,장난하냐 이제 멤버쉽가입안하면 구매도 못하냐?????,1
쿠팡,물품을 빠르게잘보내주고 다양한 상품들이 많아 선택 하기좋아요 ~,4
쿠팡,"각종 웹과 앱에서의 광고 너무 불편하고 역겨움. 유저가 살짝만 화면 슬라이드해도 마치 클릭한 것처럼 처리하고, 앱 광고에서도 클릭을 낚시하듯 유도함.(X표시가 누르기 어렵거나 갑자기 화면이 바뀌는 등등) 하는 짓이 딱 쿠팡스러움.",1
쿠팡,쿠팡 관련 다큐보고 비위 상해서 탈퇴 후 삭제합니다. 정상적으로 장사하세요.,1
쿠팡,최악임..,1
쿠팡,표시제 정보이용 표면상에 지도상면 촬거된 한국어를 채택되어 알아보기.,2
쿠팡,쿠팡 사용하지 마세요. 경험1. 로켓으로 사도 30일 딱 쓰고 문제생기면 쿠팡은 나몰라라 합니다. 경험2. AS접수를 했으나 제조사랑 쿠팡간에 서로 책임 떠넘기기를 통해 시간끌기를 합니다. 경험3. 고객센터 문의해도 상담이나 문의중 나온 내용 파악이 안되고 책임감도 없어서 답답해 죽습니다.,1
쿠팡,매국기업,1
쿠팡,빠르고 편해요,5
쿠팡,아니 일단 개인정보 유출 사례에 확 호감 떨어졌고 쿠팡이 수습하려는 멘트가 마음에 안 듭니다 최악이에요,1
쿠팡,나가라,1
쿠팡,해외배송표시도 없이 판매자가 자기 통관번호로 직접 해외배송받아서 보내주는 경우가 많아진듯 로켓아니면 느려터지고 회수도 오래걸리니까 환불도 오래걸리고;,2
쿠팡,"로그인하라하고, 썩었내요",5
쿠팡,ㅆ레기기업,1
쿠팡,별 하나도 아까움..,1
쿠팡,알리페이한테 개인정보 4천만개 그냥 넘긴 카카오와 다르게 '유출'된 건데 유출한 사람을 욕해야지 어캐 유출 당한 피해자를 욕하겠음? 보상도 빵빵해서 너무 좋음!!,5
쿠팡,UI 좀 직관적으로 만들어야 됨. 자꾸 정보 유출되는 건 둘째치고 로그아웃이나 회원탈퇴 등은 꼭꼭 숨겨놔서 사용자 경험을 꼭 불편하게 만듬. 알면서도 이러는 것 같긴 함,1
쿠팡,화면 키고 잠금화면 풀면 자동으로 열릴 때가 있음. 그리고 다른 쪽에서 광고로 들어오고 바로 끄면 안뜨길 원하는데 뜸 이 둘 해결안하면 조만간 앱 중지 시킬거 같다.,1
쿠팡,탈팡,1
쿠팡,앱실행만 하면 x같은 광고 자꾸뜨고 거부눌러도 또뜨네 xx 적당히좀 해라,1
쿠팡,탈팡했습니다.,1
쿠팡,광고를 어떻게든 표시하려고 거부하면 앱에 들어갈때 마다 강제로 팝업창을 띄움,1
쿠팡,심각하다....이걸 왜 와우를 결제해서 써주고 있습니까들...,1
쿠팡,상품 환불을 찾는데에 불편함이 있네요. 인터페이스상 번잡하고 글자 크기도 작고..,2
쿠팡,뭔 이젠 결제도 내맘대로 못함 19000원인가 채워야 배송가능하다느니 이상한소리만함 걍 지운다 개인정보 다털렸을때부터 지웠어야되는데 진짜 하,1
쿠팡,최근 본 상품!!!!!!!!!!!!!!!!!!!!!!!!!!!! 부활 시켜주세요!!!!!!!!!!!!,1
쿠팡,서비스가 좋아요,5
쿠팡,좋아요 잘 쓰고 있습니다,3
쿠팡,멤버십결제유도창 그만뜨게좀요 7일간 보이지않기선택해도 장바구니 담을때마다 결제창떠서 불편하고 짜증나서 앱지우고싶어짐,1
쿠팡,귀찮게 왜 로그인 되어있는 계정의 비밀번호를 또 물어봄?,1
쿠팡,광고가많아짐. 강제로 팝업창뜨게하는게 생겼는데 개인정보 유출하고도 정신못차린거죠?,1
쿠팡,드디어 10년만에 새벽배송 풀리네요 굿 집앞 이마트 등 바로 배송 쿠팡아 잘가라 자영업자 등쳐먹고 배달라이더 등쳐먹고 택배기사도 등쳐먹고 자국민 피빨아 먹던 쿠팡 국내 기업 새벽배송 적극 지지 합니다,1
쿠팡,화면 회전이 안되고 고정 돼 있는거 어떻게 안되나?,2
쿠팡,말로만 죄송하다 하지 마시고 쿠폰 뿌려주세요 +쿠폰 줄거면 제대로 주지 여행 안하는 사람들은 뭐 어쩌라고요 쿠폰 이따구로 줄거면 이따구로 하지말고 걍 무시하고 방관하지 이딴걸 피해보상이라고 주는건 진짜,1
쿠팡,like 이완드래곤이 운용하는 회사 안써야하는데 ㅜ쉽지가않네,1
쿠팡,쿠팡놈들 일 제대로 안함,1
쿠팡,편하고 좋습니다,5
쿠팡,저 진짜 쿠팡 없이는 못 사는데 개인 정보 유출 때문에 걱정이 큽니다....ㅠㅠ,5
쿠팡,좋아요.,4
쿠팡,쓰레기 같은 앱입니다.,1
쿠팡,쿠팡체험단에ㅜ안들어가짐,2
쿠팡,제품의 정보가 상세하지 않은듯,4
쿠팡,로비 실화냐? 점점 더 마음에 안들어,1
쿠팡,"이제 쿠팡은 사용하지 않는게 좋지 않을까요?? 물론 배달도 빠르고,무료라는 점이 좋긴 하지만 요즘 뉴스를 보면 쿠팡에 대한 안 좋은 얘기들이 많아서 주문하기가 꺼림칙하네요...;; 여러분들은 어떻게 생각하시나요?",2
쿠팡,앱 자체는 좋은데 배송을 못 시켜요 제가 만 13세인데 나이제한 때문에 배송을 못 시킵니다.. 나이제한 기준을 좀 낮춰 주시면 안 될까요 부탁드립니다.,3
쿠팡,motherless company,1
쿠팡,좋네요.,4
쿠팡,이거 처음 다운로드한 잼민인데 예쁜 물건 진짜 많아요,5
쿠팡,쿠팡업뎃미쳐가노?? 업뎃 왜자꾸 이상하게 변하나요 장바구니 상품 금액도 안뜨고;;; 주문내역에서 본인이 어떤 옵션을 샀는지 상세내역을 눌러야만 보이고...혹시 업뎃 하시는분 중국분인가요 쿠팡이 갈수록 이상하고 지저분해지네요;;쿠팡체험단게시판은 리뷰라인에서 왜 또 빠진건지...진짜 쿠팡 삭제하고 싶은심정이네요,1
쿠팡,상품 구매할 때 로켓프레시로 이용하기 버튼말고 구매하기 버튼은 왜 없냐?ㅋㅋ 진짜 악성기업 고아집단이네,1
쿠팡,👍👍👍👍👍👍👍👍👍좋아용 호,5
쿠팡,개인정보 유출,1
쿠팡,와...와우;;;;;,1
쿠팡,탈퇴가 안됨 얼마전부터 앱켤때마다 광고수신동의하라는 창 떠서 못참겠어서 탈퇴하려니까 네트워크연결이 원할하지않다면서 불가능,1
쿠팡,쿠팡 파이팅!!,5
쿠팡,재밌어요,5
쿠팡,쿠팡 업그레이드 된 이유로 진짜 별로에요,1
쿠팡,리뷰 진짜 살면서 처음 써보는데요 저 쿠팡 개인정보 털려서 쿠폰 받았거든요? 일단 쿠폰 주길래 그래도 그냥 넘어가지 뭐 하면서 기분 좋게 쓰려고했는데요 하 저 쿠폰 쓴 적 없어요 구매하려다 튕겨서 다시 들어왔는데 제 쿠폰이 왜 이미 사용되어있다는거죠?,1
쿠팡,쿠팡 매우 만족합니다.,5
쿠팡,해킹 당해서 불호,1
쿠팡,지운다 세금도 안내는 놈들인줄 알았으면 가입도 안했다,1
쿠팡,"판매자로켓 중국업체 너무 많다 물품이 사기. 알리,테무랑 차이없네요",1
쿠팡,최악 개인정보 다 털리고 시건 축소하기 급급한 졸렬한 기업.,1
쿠팡,지들이 잘못해놓고 미국가서 징징대는 꼴 보고 바로 탈퇴합니다,1
쿠팡,폴드 사용자입니다 기존에는 분할화면이었는데 업데이트 하고나니 분할이 안되고 있습니다 이유가 있을까요,1
쿠팡,"정말 이건 아닌듯 싶습니다. 개인정보 유출, 유출 피해자 축소 발표. 그 와중에 피해 보상도 쿠폰으로 분할해서 주는 현명함까지. 더는 못 쓰겠습니다 진짜",1
쿠팡,그동안 너무 관심이 없었네요 오늘부로 탈퇴합니다,1
쿠팡,식자재같은것들 경기도에서 주문하면 새벽배송(7시전)이 됬지만 강원도에서 시키면 새벽배송이 안될뿐더러 임시품절 상품들이 많습니다 강원도 에서도 새벽배송과 원활한 식자재 공급이 되었으면 좋겠습니다,3
쿠팡,최악이다,1
쿠팡,사용불가 안되는이유모름,5
쿠팡,"사계절,여름,겨울 또는 무자극 상하세트 그리고 특히 겨울에 극세사,기모,모달등 피부자극없는 봉질기술, 국내,국제 여러안전인증(환경) 상세히 명확하게 나오면 좋겠습니다",3
쿠팡,"1.쿠팡의 무료반품을 악용하는것 같음(ex 새물건 시켰는데 수차례 반품상품 보냄. 티 안나는줄 아나요?) 요즘 유튜브나 틱톡의 광고와 연결된 저가 중국상품이 판을 치고있어서 처음 편리함의 애용 가치하락중. 2.쿠팡, 알리, 태무, 모두 같은 급으로 전락했음. 3.안오던 악성문자 마구 터지는걸 보니 정보누출 의심됨. 별 한개도 아까울 지경임.",1
쿠팡,최악입니다 이거 설치해놓으면 각종 인터넷 페이지에서 납치광고 당해서 진짜 화나서 몸에서 사리나올수 있음 지워놓으면 폰 인터넷 사용환경 2배이상 쾌적해짐. 납치광고 진짜 금지 안하나,1
쿠팡,이전 버전으로 리룰백해주세요 가전 뷰티 책 생활용품.....기능있을때가 편했어요 안되겠어요????,2
쿠팡,좋아요호옹,1
쿠팡,진짜 살다살다 이런 기업은 첨 본다.,1
쿠팡,광고겁나많고 한국소비자 우롱하는업체라 탈퇴함,1
쿠팡,들어갈때마다 광고 알림받으라고 팝업을 계속띄우냐 진짜 안한다고 체크해도 할때마다계속,1
쿠팡,친절,1
쿠팡,솔직히 쿠폰5만원 준다해놓고 쓸수있는건 5천원쿠폰 쓸때도없는 4만원쿠폰은 애주는지?이해도 안가네 이번 쿠팡 대응하는거보고 좀 마니 짜증도 나고 욕도적고싶지만 별점은 1개도 아깝다,1
쿠팡,별로임,1
쿠팡,쿠팡 개인정보 털려서 뭐 보상해주는게 상품권인거도 어이가없는데 쿠팡 상품권도 아니고 쿠팡이츠 상품권을 주네,1
쿠팡,"이것들 또 유출 됬네? 아니, 보안이 왜이렇게 허술해??? 지금 전국민 상대로 뭐하는 짓이야??? 돈만 벌면 다야? 보상만 주면 다야? 보상도 보안도 배송받는 기분이라 기분 개더럽다.",1
쿠팡,제품이 비쌈,1
쿠팡,사실 제품을 많이 구매를 했는데 할때마다 제품질이 편차가 있고 유출사건이후로 대응이 별로라서 떠나게 되었습니다.,1
쿠팡,가품도 팔고 최저가 보장도 아니고 리뷰는 죄다 AI에 팝업 뜨는 것도 짜증남 지들이 사행성 사이트인줄 앎,1
쿠팡,쓰레기,1
쿠팡,쿠팡이 최고다,5
쿠팡,쿠팡힘내라,5
쿠팡,갈수록 편의성은 개나줘버리는 업데이트,1
쿠팡,알림 푸시설정 껐으면 좀 그대로 둬라 니네가뭔데 자꾸 푸시를 니네맘대로 켜냐 하여튼 쿠팡스럽네,1
쿠팡,...진짜 애반데,1
쿠팡,쿠팡 삭제함 나만 쿠폰 안줌,1
쿠팡,배송을 맡겼는데 배송사진 찍어서 보낸거에 주문한 상품이 없고 택배를 주문할때마다 상세주소에 지정한 장소에 택배가 안오는게 한 두번이 아닙니다 대체 뭐하자는건지 모르겠네요,1
쿠팡,한국 기업인 척 소비자를 기만한 기업,1
쿠팡,탈팡 굿,1
쿠팡,갑자기 왜 권한을 줘야 앱에 들어가는거죠? 멀쩡히 쓰고 있는데 오늘 갑자기? 권한을 왜 내주소록을?? 탈퇴가 답인가?,1
쿠팡,언제든지 필요한 물건을 갖다 주셔서 고맙고 감사합니다,5
쿠팡,너무재밌어,5
쿠팡,앱사용 전혀 불편없어요,5
쿠팡,"근본부터 글러먹은 기업. 한국 상대로 성장해왔고, 꾸준히 한국 기업이라며 정체성 강조를 했는데 불리할 땐 미국 뒤에 숨어서 온갖 책임을 회피. 조작, 사기, 가품, 중국산 제품, 다크패턴 등등 잦은 논란에도 방치. 꼼꼼한 포장이 필요한 제품에는 제품 그대로 송장을 붙이거나 비닐포장 하고, 그에 반해 간단한 제품에는 과대포장... 도통 이해할 수 없는 업무 프로세스. 반품 검수를 안 하는 수준의 업무 처리. 저질 중국 판매자 입점은 적극 유치하면서 왜 고질적인 문제들을 개선하려고 하지 않는 걸까. 갈수록 떨어지는 브랜드 평판을 보면 참으로 투명한 기업이 아닌가 싶다. 소비자•판매자•노동자 모두 불행한 기업, 니들은 별 한 개도 아깝다.",1
쿠팡,중국이랑 손잡고 쎼쎼쎼 인생사 가는데 순서없고 추락도 한순간이다 제발 망해라 두번 다시 안쓴다,1
쿠팡,개인정보가 털림,1
쿠팡,"쿠팡에서한달에15만원주문하고,로켓배송도했는데 여성워커주문한지가언제인데아직도오지안고,장난하나요ㅠ이주가 다 되가요 오늘배송완료된다고문자왔는데신발은오지도안고장난해요.쿠팡에서주문못하겠네ㅠ 로켓배송하면 뭐해요.주문한지가언제인데신발은 안오고장난해요.쿠팡불친절하고배송도늦고,주문 할일없을것같네요.다른쇼핑앱을이용할겁니다 별하나도아깝다",1
쿠팡,최악,1
쿠팡,탈팡했는데 광고좀 그만해줘 꼴보기 싫으니까,1
쿠팡,해킹당한만큼 중국산 겁나 유입함,1
쿠팡,왜 잘 쓰고 있는 UI 맨날 바꿔서 불편 하고 형편없이 만드는거야????? 짜증나게,1
쿠팡,최근 본 상품 왜 없앤거에요. 겁나 불편. 제발 복구 해줘요.,3
쿠팡,해킹당했고 비번바뀌었는데 어쩔건데,1
쿠팡,최근본상품 이 메뉴를 없애면 어떡해요.... 다시 복구해주세요,1
쿠팡,광고 알람 유도,1
쿠팡,"쿠팡 어플은 좌우 회전이 되질 않아서 불편한데, 개선해 주려나?",3
쿠팡,일시적으로 사용자가 증가하여 서비스접속이 원활하지가 않다는게 벌써 8시간째다. 서버를 늘리던가 좀 해달라,1
쿠팡,좋아요,5
쿠팡,개인정보사태이후 스팸 존내가 많네,1
쿠팡,편리하고 넘 좋아요~,5
쿠팡,힘내라,5
쿠팡,ㅇㄴ 번호 바꿨는데에도 옛날 번호로 인증하라하믄 우짜노 쿠팡 일 똑바로 안하냐 장난하는것도 아니고;;,1
쿠팡,쿠팡 요즘 개인정보 털린다고 하지말라던데 이제 괜찮아요?,1
쿠팡,카드결재 잘안됨,1
쿠팡,수준 ㅋ,1
쿠팡,쿠팡은 신속정확하여 신뢰합니다,5
쿠팡,재입고 알림을 신청 해놨는데 알림이 안와요. 언젠가 부터...,5
쿠팡,"몇년간 로켓결제하고 잘썼고, 솔직히 개인정보 털리는거도 연례행사라 신경도 안썼었고요. 근데요, 신규와우-기존와우 혜택이 다른점 + 쿠폰으로 다른상품 광고하는거 + 우리 미국 기업이에요!! 호에엥~~ 한국이 미국기업팬다!! 하는 뉴스보고 개짜쳐서ㅋㅋㅋ 리뷰한줄 남깁니다",3
쿠팡,구매 후에 가격 확 낮춰서 호구 만들어줌. 리뷰 조작하고 짝퉁 제품을 버젓이 판매하니 믿을 수가 없음. 검색하면 관련도 없는 상품들을 끼워넣어 헷갈리고 시간 낭비하도록 만듦. 자꾸 팝업 띄워서 실수로 멤버십 가입되거나 실수로 결제되도록 교묘하게 혼동되게 만들어놓음. 보안 엉터리로 하다가 개인정보 유출시켜놓고서 피해자 코스프레. 쇼핑 앱 중에 이렇게 열받게 만드는 앱은 없었는데,1
쿠팡,컬리 멤버쉽 1900원에 새벽배송 됩니다 이름하여 샛별배송 쿠팡도 안되는 지방인데 여긴 새벽에 배송해줌 쿠팡 대신 써주면 땡큐,1
쿠팡,참 좋아요^^!!,5
쿠팡,쿠팡 양아치인거 다알지만 납치광고좀 잡아봐라 욕나오게하지말고 터치도안햇는데 쿠팡으로 왜넘어가냐..한두번도아니고 대기업이면 대기업답게 행동해라..어디 동네 양아치짓거리하지말고!쫌,1
쿠팡,털린 고객 개인정보 = 5만원 ㅋㅋㅋㅋㅋㅋ 심지어 기간제 ㅋㅋㅋㅋㅋㅋ 와우회원할인 적용은 기준도 모르겠고,1
쿠팡,제발 포장좀 제대로 해달라고요.다 찌그러지고 부셔지고 배송하시는분은 던지고!! 에어비닐 한번감는게 그렇게 어렵나요? 손가락만한 물건을 몸집만한 종이박스에 던져져서 오는것보다 에어비닐한번 둘러서오는게 더 저렴하겠네!,2
쿠팡,"별로인거같아요 . 물품도 늦게 회수되고, 식품도 싱싱하지않아서 반품도 꽤하고. 이제 이용 안해",1
쿠팡,로켓배송 때문에 쿠팡씁니다.,1
쿠팡,아니!!!시부레 로그아웃 좀그냥시켜줘!!!!,1
쿠팡,절대 다시는 가입 안함 솔직히 멥버쉽 금액 인상때도 개인정보 유출때도 그동안 쿠팡 덕분에 로켓배송 덕분에 편했던게 더커 그냥 사용 하려했다 근데 이쿠팡이 감히 대한민국 나의 나라를 건드는건 절대 아니지 당신들 꼭 망하기를 별한개도 주기 싫기만 별이 없으면등록이 안되네 여러분 탈팡해주세요,1
쿠팡,탈팡합니다,1
쿠팡,"구매이용권 전상품 가격표시에 자동적용 해제해라, 좀 적당히좀 해야지...",1
쿠팡,결제수단에 카카오페이나 Google Play 잔액으로도 결제할수 있게 추가 해주세요 이건 해킹 당했을때 계좌랑 비번 안털려서 좋은거 같더라구요,3
쿠팡,접 속 느림,3
쿠팡,사기업체 걸러내지도 못하고 고객 불만 처리도 꼴랑 죄송합니다. 앵무새 밖에 못하는 주제에 무슨 온라인쇼핑몰을 운영한다고ㅋ 네네 니네가 원하시는대로 탈퇴 앱삭 불매 다 해드림~ 꼭꼭 쿠팡이 시도하는 모든 일이 개쳐망하고 파산이나 하길 기원합니다🙏🙏,1
쿠팡,ugly,1
쿠팡,"로켓 제품 안사니, 물가 떨어지는 중.",1
쿠팡,어이없음,1
쿠팡,쿠팡.쿠팡이츠 탈퇴하고 앱삭제함 악덕 양아치 미국기업 꺼져라 네이버.11번가.옥션에서 주문해도 불편한거 1도없음,1
쿠팡,택배기사님들이 어떤분은 딱놓고 가는데 오늘 택배를 받았는데 근처에 흙도 없는 집 인데 택배가 흙으로 뒤덥혀 있고 명화그리기를 샀는데 뚜껑도 열려 있었습니다,1
쿠팡,갤럭시 패드에서는 가로 모드가 안되더라구요 업데이트로 갤럭시 패드도 가로 모드로 볼수 있게 해주세요,4
쿠팡,쿠팡화이팅,5
쿠팡,실수로 한번 눌럿는데 결제가 되버렸다는 사람들도 많고 그리고 맨날 와우회원 가입하는 유도 화면뜨는거에 너무 속보이네요;,1
쿠팡,보안이 거지 같다,1
쿠팡,안써요 이제....,1
쿠팡,"카드 2개 사용하는데 주로 사용하는 카드와 1번씩 사용하는 카드가 있는데, 기본결제 카드를 설정할 수가 없고 한번 결제하면 그 카드로 기본결제카드가 바뀝니다. 그래서 결제하고 나면 다음에 쿠팡회원비 결제하는 카드가 원하지 않는 카드로 결제되는데 그걸 내가 결제하고 싶은카드로 설정할 수 없고 마지막 결제한 카드로만 결제된다고 하네요? 내가 원하는 카드로 결제할 수 없고 그게 싫으면 카드 등록 삭제하고 결제할때마다 카드등록으로 새로 하라고 하는데 이 ui가 맞는겁니까? 어이가 없네요 ui가 너무 구려요..... 기본 결제카드 설정할 수 있게 해주시고 결제할때마다 카드 등록하고 삭제하는거 안해도 되게 해주세요...",1
쿠팡,교환.반품.환불 신속정확 합니다.,5
쿠팡,"1. 26년1월띁나가는데 언제고치십니까? 담당자분들 안보세요? 판매자문의, 쿠팡문의 답변이 알림이 떠서 누르면 옛날처럼 바로답변페이지로 가는게아니라 일일히 또 눌러 찾아가야해서 너무시간걸려요 전처럼 바로볼수잇게 돌려주세요 2. 전처럼 주문내역 누르면 다른터치없어도 배송조회버튼이 보여서 그거 바로 누를수잇게해주세요 도대체 주문하는 물건 한두개가아닌데 배송조회버튼을 이렇게 숨겨놓으면 시간 다 잡아먹는데 누구생각인가요? 빨리 쉽게 노출시켜주세요 3. 개발자님 메가뷰티쇼같은거 쇼핑한번할라면 한군데다 모든물건 짱박아놔서 카태고리도 없이 필요한거 찾느라 스크롤 몇시간내려야합니까? 백수아니면 물건어떻게 찾아서 사요? 카테고리별로 볼수있게좀 하세요 몇년째이러고잇는거같은데 쇼핑하지 말란거 아닙니까 이정도면? 빨리바꿔주세요",1
쿠팡,최근 본 상품 목록 왜 공지도 없이 멋대로 없애냐? 그럼 다시 보려면 무조건 장바구니 담아둬라는거냐? 공지도 없이 그냥 없애버리네,1
쿠팡,개인정보유출로 탈퇴했었는데 재가입시 기존 이메일 입력시 이미가입되었거나 탈퇴한 회원이라며 가입이 안되는데 어떻게하나요?,1
쿠팡,로그인 하려고 하면 확인 버튼이 안눌러지는데 어떻게 로그인을 함?,1
쿠팡,뭔 쇼핑앱이 기본중 기본 기능인 최근 본 상품 다시 보기 메뉴도 없음? 장난함?,1
쿠팡,배송겁나빨라요but 유출도 빨라요,5
쿠팡,다른쇼팅앱들도써봤는데.쿠팡이재일좋터라구요,5
쿠팡,개인정보 유출 값으로 받은 쿠폰 쓸라 했는데 품절 직전인 제품은 '로켓와우로 할인받기'만 있고 구매버튼 없어서 한참 헤맸네요;,1
쿠팡,반성해라쿠팡아이것도아까워그래도별한게는준다,1
쿠팡,최악,1
쿠팡,아니 배송완료 됐을때 바로 배송조회 가능하게 만들고 그 페이지에 상품누르면 상품페이지로 갔었는데 업뎃 하고서 불편하게 변했어요,2
쿠팡,중고검수도 제대로 안함,1
쿠팡,쿠팡 화이팅!,5
쿠팡,별로임,1
쿠팡,메뉴에 최근본상품이 없어짐. 엄청 불편.개선시 시급. 꼭 전달부탁,1
쿠팡,아주 불량해요.,1
쿠팡,개인정보 다 털리고 책임 안지는 회사,1
쿠팡,앱이 멋대로 켜저 광고를 띠움,1
쿠팡,개인정보 털렸는데 아무 조치 안함? 죄송하다 하면 끝?,1
쿠팡,알리테무 꺼져라 쿠팡이 최고다,5
쿠팡,"배송이 너무 빠르고 물건 상태도 알리,테무 보다 훨씬 좋아요!!",5
쿠팡,액자를 2번 시켰는데 두번 다 부숴져 있음,1
쿠팡,탈퇴합니다,1
쿠팡,아니 난 그 가격에 그것만 사고 싶은데 왜 계속 와우 회원으로해서 사든가 19800원 채워서 사야되는거죠? 난 그거 하나만 사고 싶다고요,1
쿠팡,진짜 ㄱㅆㄹㄱ앱,1
쿠팡,앱광고 푸시 동의알람 앱킬때마다 뜨는데 이거좀 없애주세요,1
쿠팡,쿠팡 대응이 기분은 더러웠지만 우선 그냥 없으면 불편할까봐. 그냥 이용했는데 없어도 딱히 불편하지 않음을 요즘 확연히 느낌,1
쿠팡,탈팡,1
쿠팡,쿠팡 최고!,5
쿠팡,구매이용권 5000원밖에 쓸게 없네...,1
쿠팡,로켓은 빨라서 좋은데 일반배송은 진짜 구려요 진심 아니 품절이 됬으면 그냥 취소하라는 문자도 안 주고 결제완료만 띄어놓고 문의하니까 뭔 재고가 없어서 출고를 못했다 이딴 소리를 하네요;;,1
쿠팡,결제 하려는데 자꾸 가입하라고 하고 결제도 안되는데 뭐 어쩌라는건지 모르겠네요,2
토스,"요즘들어 오류가 많아짐. 이젠 복권도 결과가 안 나와서 나갔다가 다시 긁어보는데, 광고가 또 나옴. 일부러 광고 많이 보게 하려고 오류나게 만든 거 아닌가 싶을 정도로 광고는 오류 없고 포인트 주는 창만 오류남 ㅋㅋㅋ",1
토스,아니 갑자기 주식 거래중에 본인인증 하라는건 무슨 경우입니까 본인인증때문에 매도 시간 놓쳐서 300만원 벌거 놓쳤는데 이거 어떻게 책임지실겁니까 왜 갑자기 본인인증을 하라는건지 이해가 안 되는데 전화도 안 받고 지금 장난하시는겁니까 진짜 이건 아니지 않습니까 상식적으로 거래중에 본인인증 하라는 경우가 어딨습니까,1
토스,토스 증권 잘 이용중입니다. 다만 dc계좌를 신설하여 운영중인데 24시간째 최신화가 안되네요. 토스에서 삭제하고 다시 불러오려고해도 삭제가 안되고...계좌 최신반영이 너무 느린듯한데 수정이 필요해보입니다.,5
토스,토스. 자체렉있다는데. 무슨제부팅하십니까! 자꾸 슬데없이만들어 되서 이모양이죠 토스 초창기 때 사용했는데 토스. 사용안하겠습니다,1
토스,"아니, 가끔 운세나 포인트 돌려받기 누르기가 왜 안 됨?",3
토스,"수많은 앱 사용하고 있는데 리뷰 처음 써봄 세금환금액 얼마라고 떠서 신청하면서 수수료 먼저 결재했더니 환급 실패라고 안내 메세지 뜸 돌려받을 수 있다고 허지말고 가능성이 ㅆ다고 하던지 실패할 수 있다고 하던지, 왜 실패 했는지 확인도 안되고 결재 취소도 안되고 고객센터 연락안되고 토스고객센터에 연락했더니 같은회사 아니라고 하고 나라는 이런걸 허가해서 국민들 등골 빼먹게 하고 완전 사기꾼임",1
토스,뭔 환급금 조회하려고 동의누르고 진행해도 처음으로 돌아가고 무한반복이네,1
토스,"조개 모으고 포인트 받기에 ox 퀴즈 오류있어요 ""이가 하얗다고 다 건강한 것은 아니다"" 이 문제에 o했더니 틀렸다면서 설명 읽어보면 o가 맞음요 겉은 하얘도 속은 약할 수 있다고...",5
토스,너무 편리해요,5
토스,토스쇼핑. 내가 주문한 물품 메뉴 찾기가 왜이리 힘든가?,1
토스,아 ㅋㅋ 알람을 이름을 바꿔서 보내는 거구나. 5천원 할린 알람을 하나가 아니라 이름을 바꿔서 계솟 보내는 거구나 ㅋㅋ 5천언 알람 껐는데 계속오는게 어 너는 꺼봐 이름바꿔서 보내면 그만아야 이거구나 ㅋㅋㅋ 이야 대단하다 ㅋㅋ,1
토스,너만 없었어도 3000만원은 안잃었을텐데,1
토스,환급알림좀 그만보내세요 알림 선택끄기해도 계속 쳐와서 전체알림 껐습니다,1
토스,"제발 토스증권아 일좀해라.. 진짜 토스증권 만큼 좋은 주식 어플이 없어서 계속 쓰고있는데 문제는 커뮤니티입니다. 이거만 제대로 해결하면 토스는 진짜 완벽합니다. 커뮤니티는 서로 정보교류하는게 아니라 타인의 고통을 좋아하는 조롱충들의 천하입니다. 지수가 떨어지면 그동안 숨었던 정신병장, 도라이, 정치병자들이 물려와서 온갖 사람 긁게 ""ㅋㅋㅋㅋㅋ 잘가라,"" 삼전 너희들 납치된거야 엌ㅋㅋㅋ, 고점에 물린흑우 읍제?""식으로 조롱하는 놈들만 붐비고, 신고해도 소용없습니다. 주식 상위1퍼 투자 고수들의 주식 분석글은 배아파서 악의적으로 신고해서 영정먹이고, 막상 조롱하는 새끼들은 아무런 처벌 안줍니다. 진짜 주식 떨어질때 마다 커뮤에서 이런 조롱 벌레들 봐야되서 진짜 스트레스 받고 짜증납니다. 왜이렇게 나쁜사람들이 많은지 의아해지고, 아무튼 제발 이제 주주아니면 네이버 종토방처럼 커뮤에 댓글달지 못하게 해주세요. 그러면 커뮤 분위기가 90퍼이상 깨끗해집니다.",1
토스,만족합니다,5
토스,정말 오류 많고 최악 어플 가능한 안쓰고 싶은데 오류 수정이 안되나요,1
토스,토스앱으로 토스계좌를 사용중인데 토스앱내에서 타은행계좌는 입출금목록을 누르면 지난3개월거래내역이 나오는데 토스계좌는 거래내역 간단조회가 안됨. 토스앱에서 토스계좌를 사용시 더불편하게 만듬.이해가 안됩니다..,3
토스,와 아니 진짜 개어이없네 아니 무슨 모바일 티머니라면서 3만원 충전해놓았는데 인식도 안되고 뭡니까 ㅋㅋ 아니 고객센터에 문의를 넣어도 통화가 많다 하 무슨 토스는 고객을 개로 보는겁니까? 토스 2년동안 애용했는데 딴 앱으로 갈아탈랍니다,1
토스,최악의 앱. 서비스 최악임. cs 실컷 설명하니 자기일 아니라고 다른곳 링크만 보냄. 절대 안씁니다.,1
토스,모든 알림을 다 껐는데 예상 환급액 알림이 계속 표시됩니다.,1
토스,일주일 방문 미션 AI쓰고 검토 안하세요? 뭔 죄다 다 틀려,1
토스,할인결제혜택 같은건 ui 일부러 꽁꽁숨겨둔것보소ㅋㅋㅋㅋ,1
토스,너무너무 나에게 딱 맞는 앱입니다!😍😍😍,5
토스,토스 배민3천원 할인쿠폰 누구는 대상 아니라고 못 받는데 받는 사람들은 횟수 무제한이라 수십번씩 쓰고 있어요,1
토스,모든 이벤트가 페이스페이 설정 유도임 왜 이렇게 내 얼굴정보를 못 뜯어내서 난리인지;; 토스 이벤트는 이제 페이스페이 아니면 볼 것도 없네요,1
토스,토스앱은 가로 지원이 안되나요? 휴대폰을 가로로 볼때 다른앱은 다 자동회전 되는데 토스만 세로로 나와요.,5
토스,토스 증권이 요즘따라 안들어가져요..,1
토스,내 주식에서 판매수익과 배당 내역을 볼 수 있으면 좋겠습니다. 그리고 미국 주식 외의 다양한 나라의 주식 시장을 서비스하는 것도 좋을 것 같아요,4
토스,1. 만보기 복권을 긁으면 결과가 안뜨고 하얀화면만 나오고 뒤로가기하면 복권개수는 그대로 있음(계속 반복됨) 2. 돌려받기 에서는 내역 더보기 들어가서 하면 돌려받기 안됨 3. 고객센터 상담(채팅/전화)도 일시적인 오류라고 뜨고 연결안됨 ㅋㅋㅋ,3
토스,토스쇼핑 평소에2번정도 사용해봤다가 좋은 것 같아서 이번에 다시 지인생일 선물로 물건을 시켰는데 그 전까지 아무말 없었다가 배송 바로 전날에 배송을 취소시켜버리네요.. 이러면 5일이나 기다리면서 생일에 맞춰서 배송시킨 사람은 뭐가 됩니까?? 결국 선믈은 못 드렸습니다.,1
토스,"계좌 바로 밑에 광고는좀 자제 부탁 드립니다. 기능을 쓰고 싶은데 광고도배를 하면, 이게 대체 뭔가요?",1
토스,토스절대사용 하지마세요. 상담도 엉망이고 돈이 어디로 빠져나가는지도 제대로 안뜹니다.,1
토스,"토스뱅크 몇년동안 이용했는데 광고가 더럽게 많이와서 전부 해지하고 탈퇴합니다. 광고알림 전부 안오게 설정했는데도 광고가 계속오는게 이상해서 확인해보니 광고 내용마다 탭을 다 다르게 만들어서 새로운 광고가 오는건 해제할수없게(뒤늦게 해제만 가능하게) 해둬서 사용자 의지와 관계없이 계속해서 광고를 보내는 시스템으로 만들어두셨더라고요. 정말 황당하고 불쾌한 경험인데 이런 사용자 기만적인 아이디어는 누가 낸겁니까? 그리고 계속해서 올때마다 추가적으로 생기는 탭들도 해제하니 이제 카톡으로 멋대로 광고 보내시더라고요. 토스, 토스뱅크, 토스인컴, 토스쇼핑 가입된지도 몰랐던 서비스들 채널로부터 광고가 줄줄 오더라고요. 매번 삭제하고 차단하는것도 진절머리나서 몇달동안 참다가 탈퇴하고 앱 삭제합니다. 광고하려고 머리쓰다가 최악의 유저경험을 하게하시네요. 앞으로 토스서비스는 쳐다도 안볼것같습니다.",1
토스,미끼성 광고와 돈에 미침,1
토스,토스 잘썼는데요.. 만보기에서까지 주식계좌강요 좀 하지마세요 복권인양 긁게하고 다음 페이즈로 안되는거 진심 열받습니다 끄고 다시 만보기 누르고 한개 긁을때마다 그래야되고. 페이스페이 주식계좌 할 사람은 합니다 그만 좀 하세요,5
토스,단순 송금 앱이라규 생각했는데 자산 관리나 소비 내역까지 한 번테 볼 수 있어서 편리하네요. 앱 화면도 깔끔해서 필요한 기능 찾기도 쉽고 전반적으로 만족하며 사용중입니다.,5
토스,다 좋은데 페이스페이 광고 좀 그만하세요,3
토스,보안이 강화되고 확인 절차도 바뀌었어요. 차근차근 쓰 보려고 합니다.감사합니다,4
토스,갤럭시 z플립7 올림픽 에디션 신분증 등록이 안되네요,1
토스,토스 말고 광스로 바꾸세요 광고스나,1
토스,"최신으로 업데이트했는데 토스증권 글씨체 굵기가 너무 진해졌는데 이거 다시 예전처럼 얇게 변경할수있는건가요? 뭔 누가 업데이트 저걸 굵게했는지 몰라도 무식하게 굵어졌는데, 바꿀수있는지 궁금합니다.",3
토스,주식 알림중에 투자상품정보 알림을 꺼놓고 쓰는데 지정가알림이 한번 울리면 투자상품정보가 자동으로 다시 켜져요. 너무 불편합니다. 개선해주세요.,5
토스,"일주일전부터 휴대폰 베터리 관련 기능에서 토스어플 백그라운드 베터리 사용량이 많다고 경고 문구가 뜨면서 초절전 상태로 전환하라고 문구가 뜨고, 토스어플 사용시 애니메이션 효과가 현저히 느린 현상이 발생하고 있는데 무슨이유인지 모르겠네요... 제 휴대폰기종은 갤럭시 폴드7 입니다.",3
토스,토스에 함께토스켜기 누르면 화면이 자꾸 반짝거려요 그러다 안뜰때도있고요 업데이트 해야하나요 ?,1
토스,업뎃안되는뎅? 계속 실패함,1
토스,일않하나요??허군한날 렉생기고 이게머하는건가요??,1
토스,토스만 키면 발열 장난아님....,3
토스,180만원일때 이자 70원씩 주더니만 190만 되니까 64로 줌 왜 돈 더 넣었는데 이자는 더 적게 주는거임???,1
토스,진짜 수수료도 안떼가고 토스쇼핑배달이랑 빨라서 좋은데 보상이나 그런게 너무짜거나 어렵고 버스카드도 되는카드 재발급할때 드는돈이 비싼거 카드 잃어버렸을때 위치 뜨는 기능 있으면 좋을거 같아요! 진짜 잘쓰고있습니다,5
토스,"광고 도배에 앱 내 팝업 도배, 페이스페이 강요 ㅋ 불만 사항 적으면 답변이 죄다 AI답변인가 무슨 말인지 모르겠어요 고객센터 연락하세요 ㅋㅋㅋ 다른 앱 찾아봐야겠다",1
토스,"쓸데없는 업뎃하느라 앱 느려지게 좀 하지마라. 지금까지 그래도 계좌연동해서 보유금 관리하기 편해서 쓰고 있었는데, 이따위로 계속 늦어지면 그냥 카뱅으로 갈아타지 니네꺼 쓰겠냐",1
토스,"남들 다 이거 쓸때 안쓰다가 오늘 처음 써봤는데, 신한카드 앱 보다 더 써먹기 힘들고 현대카드 앱이랑 비벼볼만한 수준인데. 이걸 왜 쓰고 있는 건가요?",2
토스,무료송금 굿입니다 무료상식 좋아요 오직 토스만의 기능입니다,3
토스,사용하기 편리해서 자주 쓰긴하는데 강요가 너무 심하네요 편리 기능은 좋치만 강요는 아닌거같네요,3
토스,도대체 세금 환급알림 신청을 몇번이나 보낼겁니까? 처음에 환급할려다 돈내야 한다길래 뒤로가기 눌렀는데 그 후로 하루가 멀다하고 환급 받을 수 있는 돈이 있다고 알림이 옵니다. 이건 광고성 정보로 처리되지 않는건지 광고성 정보 알림 싹다 해제해놨는데도 이래요. 해도해도 좀 너무 합니다 적당히좀 하세요,1
토스,최고,5
토스,내가모르던것들을알려주셔서감사감사합니다,5
토스,가좌,5
토스,운세 이상해요. 아무일도 없는데 있다해요. 좋은 일 있다고 하면 없는데.,2
토스,페이스페이 광고 작작좀,1
토스,다른 증권사는 아이계좌로도 PC에서 거래할 수 있는데 왜 토스증권은 안되나요? 아이계좌도 WTS로 로그인 및 거래를 할 수 있게 해주세요.,3
토스,옛날에는 뭐 많이 주고 이벤트도 많았는데 요즘은 덜하고 주식도 무슨 빌려주기 이상한 거나 만들고 아주 정떨어지는데,1
토스,하단에 100원 어쩌고 말풍선 그만 좀 뜨게 해주세요. 닫아도 계속 뜨는데 진짜 개빡칩니다.,1
토스,채팅상담사 연결 대기하려면 이화면어서 24분을 대기하라는데 이게맞나요? 나가서 대기하게 해줘야죠 장난하는건가요?,1
토스,최악,1
토스,확인절차도 같은거 계속 반복해야되고 막상 하면 오류발생 오류발생만 반복 하는건 많은데 할줄아는건 없는 어플,1
토스,최근 저만 그런건지 타 이용자들도 같은 고충을 겪는건지 모르겠습니다. 토스앱 내에 포인트 모으는 활동을 열심히 하고 있는데요. 그중 광고를 보고 포인트를 얻는 활동을 하다보면 광고를 봤음에도 불구하고 해당 포인트를 받지 못하는 경우가 심해졌습니다. 빠른 시일 내에 확인 부탁드립니다.,4
토스,하려면 똑바로 하세요.포인트 준다고 미션 이것저것 해야주면서 외부 사이트 연결 시켜놓고 돌아오면 팅겨서 다시 로그인하게하고 외부가서 다시 복사하기하고 오면 또 팅겨있고 또 로그인하고 다시 복사기하고 몇번을 왔다갔다 시킵니까?,1
토스,토스 요즘 잘 사용하고 있는데 점점 짜증나네요. 접속이 잘 안되어 비밀번호도 몇번씩 누르게 하고 게임할때도 요금도 잘 안올라가고~,4
토스,자산현황을 보다 알아보기 편하고 자산관리에 보다 유용하긴 하지만 요즘들어 앱에 접속하면 렉이 너무 심하게 걸립니다. 타 앱에 비해 렉의 수준이 너무 심각하기에 이에 대해 하루빨리 조치를 취해주시기 바랍니다.,3
토스,며칠 동안 친구들이 카드가 없어져서 재 계좌에 돈을 보내고 재 카드로 친구들이 뭘 샀는데 며칠 동안 돈을 많이 썼는데 그거 때문에 토스에서 강제로 재 계좌를 정지시키고 전화로 문의하라는데 부모님이랑 싸워서 부모님이 폰 계약 해지를 해서 전화도 못 하는데 전화로만 문의할 수 있어서 지금 토스에 돈이 약 7만 원 정도 있었는데 그 약 7만 원은 물거품이 되고 현금도 없는데 현금으로만 생활해야 해서 지금 돈 완전히 없습니다 그래서 정지를 풀어주시면 감사하겠습니다,1
토스,태블릿 모드좀,1
토스,"카카오, 네이버에 이어 내수 등골 빼먹는 최악 버러지 앱. 허구한 날 이벤트로 쿠폰 뿌리는 척 하고 실상은 얼굴 등록비임. 내 얼굴은 어디다 팔아 먹으려고 페이스페이 그렇게 등록하라고 어그로 쳐 끄는지. 토스인컴, 삼쩜삼 앱 카피, 뭐 있는 앱 기능들 파쿠리 쳐서 어떻게든 정보 샅샅이 캐내려고 별 발광을 다 떠냐? 역겹다 진짜 걍 주 은행 뱅킹 등등 어디서나 요즘 수수료는 다 무료인데 선심쓰는거마냥 송금할때마다 뜨고, 광고는 얼마나 많은지 차단해도 결국 앱 내 자체 광고로 아득바득 ㅋㅋ 주 뱅킹 쓰고 말지 편리함 앞세우고 어떻게든 나이 어린 애들이나 순진한 사람들 꼬셔먹으려고 하네 ㅋㅋ 특히 주식 옵션 광고 하는거 보고 경악을 금치 못했다 이딴 앱 걍 포인트 쌀먹도 애드가드 켜서 날먹했는데 걍 자체 광고 올려서 아득바득 광고비 받아먹어? 절대 안쓰지 ㅋㅋ",1
토스,"전에는 토스 쇼핑에서 토스쇼핑구경하거 포인트 하루에 12번 받는 거랑, 고양이 키우기 10번씩 구경하고 장난감이랑 사료 받는 이벤트에서, 계속 토스 5천원쿠폰 구매해서 쓰라고 이벤트 미션 완료할 때마다 총 거의 하루 40번 넘게 팝업에 띄워 강매하더니, 하다하다 시간과 체력을 소모하는 만보기 복권 1개씩 긁을 때마다 페이스페이 하고 2천원 쿠폰 받으라고 띄워 화면 가리고 페이스페이 등록해서 쿠폰받을 때까지 계속 복권 긁을 때마다 집요하게 띄우면서 괴롭히고, 이거 권리행사 방해, 강매, 다크마케팅이나 다름 없죠? 어차피 고객센터 문의해도 담당부서 전달해서 개선 요청하겠다고만 할테고 개선은 안 될게 뻔하니, 증거수집해서 일단 국민신문고랑 금융감독원에 고발조치해야할 거 같네요. 게다가 페이스페이는 얼굴 생체 인증이라 민감정보이며 민감정보 강제 수집 금지인데, 직접 강제는 아니더라도 안하면 불편하게 설계해놓은 거 자체가 동의를 강제하는 거라 개인정보 보호위원회 고발 조치도 고려하고 있어요.",1
토스,"토스 수수료 없는 점이 좋아요 고객선터에 전화하기는 귀찮아서 여기에 남겨요 제가 토스 내에서 한국투자증권 계좌에서 토스 증권 계좌로 송금하는 게 잘 됐는데 갑자기 송금 실패로 뜨면서 ""선택한 계좌에서 출금할 수 없어요. 은행에서 계좌 상태를 확인해주세요.""라고 뜨는데 해결 방법은 없을까요?",4
토스,지원금 확인하여 보여 주세요,5
토스,자녀 계좌개설하고 사용내역 등 관리라도 하려면 미성년자임에도 자녀 동의구해야한단다. 화급금조회도 수수료 있다길래 취소하려고 전화했더니 이미 진행중이라 취소가 불가하단다. 취소가능기간안에 취소한건데 진행중이라니? 이런 개사기꾼 같은 놈들...안엮이는게 답이다. 별하나도 아까움...,1
토스,어플이 너무 산만함; 접근성이 너무 별로여서 팝업에 납치당해서 실수로 들어왔다가도 질색하고 나가게 됨. 토스 자체엔 딱히 유감 없는데 어플은 좀 개선되면 좋겠음.,2
토스,범죄자 및 사기꾼 새끼들 애용 은행. 사기꾼 놈들 상대로 장사하는 기업,1
토스,페이스페이 사용 유도 작작 했으면. 뭘 믿고 사기업에 내 생체정보를 맡기란건지.,1
토스,"어플 켜자마자 상단에 각종 대출, 지원금 알림이 떠서 x 누르니 더이상 안 뜬다고 안내문구가 나오는데 말만 그렇지 매번 어플 켤때마다 똑같은 공해수준 대출, 지원금 알람이 뜹니다. 이런 기만적 광고는 금감원에 민원 넣으면 되는건가요? 해결안되면 금감원에 민원 넣고 언론사에 제보합니다.",1
토스,하얀화면에서 넘어가질 않음 왜이래?,1
토스,3년째 쓰고있는데 몇일전부터 오류인지 지속적인 미션 페이지가 이상한 형태로 나옴 활성화가 잘 안되어 있음 ! ! ! ! 긴급점검 하시오,2
토스,증권차트 선택 기간이랑 차트가 맞지 않음 ex) 일 기준 차트 선택 -> 실제 차트는 월 기준,1
토스,에효,1
토스,"1. 만보걷기 : 전에는 바로 다음 복권을 열 수 있었는데 패치 후 ""보너스 복권이 1장 더 있어요"" 이러면서 적금팔이 하는데 계속 뒤로가기했다 다시 복권열기 누르기 매우 귀찮게 바뀜 2. 함께 토스켜기 : 주변에 아무도 없는데 근처 사람 있다고 알림뜨는게 한두번이 아님",1
토스,페이스 안쓸껀데 왜계속 띄움? 정보수집함?,2
토스,혜택은 줄이고 광고 개많아지고 만보기 복권은 광고 봐도 복권 긁어지지도 않음 앱 무거워지고 렉 걸리고 페이스페이 그만 설정하라고 해,1
토스,미션하기로 자꾸 어디 가입유도 좀 하지말아주세요. 부탁 좀 드릴게요. 추가 26년 5월 17일.. 진짜 이제 많이 하는 어플이 됐는데 광고는 더 많아지고 길어지고 토스 쓰는건 더 어렵게 변했네요.. 왜 점점 하향이 되죠ㅜㅜ,1
토스,"쇼핑몰에서 토스페이로 결제하려 했더니, 토스로 넘어와서 지문 인증하고 결제 수순 밟고 쇼핑몰 화면으로 가서 완료하라고. 그러나 토스 왔다갔다 하는 동안 쇼핑앱은 초기화돼서 처음부터 다시 실행되고 역시 결제는 안 되어 있고, 다시 순서 반복하려니 포인트가 줄어들었네? 토스 들어가서 확인하니 쇼핑몰에서 결제가 되었다고?? 어이없음. 한 달 내내 모은 포인트만 애꿎게 날아감! 딱히 백그라운드에서 실행되고 있는 앱들도 없다. 토스 앱 너무 무거움. 토스페이 쇼핑 결제 실패도 한두 번이 아님. 내 1만 포인트 어쩔?? 고객센터는 전화 연결도 안 되고 쓸데없는 설명만 반복하더라. 모바일 이용하라고, 상담원 연결도 안 해줄 거면서 몇 번 누르라 잡설은 왜 그렇게 늘어놓는지?? 그리고 복붙 답변도 적당히 해야지. 사람들이 ""토스 앱이 너무 무거워졌다, 오류가 너무 잦다""고 하면 매크로 답변만 붙여넣는데- 그깟 캐시 삭제 당연히 제일 먼저 하지, 그것도 안 해보고 묻는 사람 비율이 얼마나 되겠음??",1
토스,토스 다 좋은데 고양이 키우기 광고나올때 무음으로 좀 해주세요 음악듣다가 고양이 키우기하려면 음악이 자꾸 정지돼서 불편해요,1
토스,전에는 5천 포인트를 모으면 바로 뺄 수 있었는데 이제는 10% 떼서 주네요 갠적으로 많이 아쉬운 조치,4
토스,젛아여,5
토스,첫 화면이 이개 뭐지? 뭔가 많이 어색하고 불편하고~ 또 불편하네??? 토스가 생긴지 꽤 됐을텐데.... 참 답답한것같음,1
토스,토스 만큼 좋은 앱이 없다고 생각합니다. 늘 애용하고 늘 함께 있습니다!,5
토스,쿠팡처럼 니네도 광고때문에 망할듯,1
토스,내자산분석이 근 1년넘게 갱신이 안되는건가 싶네요. 저번달 대비 얼마 늘었는지를 알수가없어요.,3
토스,갑자기 먹통됐어요. 버튼들이 클릭되지 않아요. 토스뱅크 혜택 다 안되요. 메뉴에서 들어가서 먹통되요,1
토스,세금.소득2권이뭔지모르겠고저지금돈이옶거든요.혹시돈을내라는겁니까?그러이까토스가뜨지요. 저는설치를않할겁니다.설치를해서해당이되는지확인을하라는것입니까?설치를하면돈이나간다는것을알거든요.못낸다구요.그리고토스겸문자를보내지말아스면합니다.제발요.토스인겨이문자가카톡으로왔는데요.국가지원금2건싱청기간이었는데근로장려금:소득에따라330만원신청가능이라고왔구요.그리고저자녀가없거든요.설치는않했지만요.들어가긴했거든요.그리고카톡으로진짜로보내지말았스면하는데요.토스겸을않한다니까요 .무슨신고를하라는건지모르겠어요.글니까보내지말았스면해요.정말부탁이이까요.저는돈도앖구요.,1
토스,토스 인증-전화받고 번호도 완료 하였는데 그이후는 인증이 완료 되었다기만하고 실행이 안되요,1
토스,디자인이랑 다 좋고 고객을 위해 노력하는 모습 보기는 좋은데 영장 하나날라왔다고 계정 못쓰게하고 위험도 전혀없는데도 못쓰게하는 건 누구머리에서 나옴?,1
토스,토스가 주 자금거래 어플인데 요즘 접속도 느려지고 문제가 많습니다 . 일시적인게 아니라 계속 그런거 같은데 이런 불편이 계속되면 이용자 떠납니다,3
토스,광고가10분이상은뭔가요광고를본다고 다하진 않을껀데 광고엄청길어요드라마박스 광고를 너무많이보게된게 안타깝네요 앱테크하는데 끝나지않는광고를봐야한다니ㅠㅠ,1
토스,온갖다크패턴다쓰면서 오류는개간략하게알려주넌,1
토스,광고 많고 포인트 적게 줘요.,1
토스,페이스설정하기 좀 없애주면 안되나요? 불편해서 앱사용하기 나쁩니다...,2
토스,광고가 너무 많아서 아쉬움,1
토스,"알림이 안 오네요. 설정은 기기에서, 앱에서, 배터리에서 다 되어 있는데요.",1
토스,최근 들어 렉이 너무심해요.,1
토스,이제는 어플 자체가 토스인지 광고인지 모를 정도네요 광고로 돈을 엄청 땡기려고 하나 그리고 페이스페이는 엄청 강요하다시피하고,1
토스,내역 업데이트 너무 느려짐,3
토스,너무좋은데 위젯 관심종목 보기에서.. 지수 코인 추가한거는 위젯에서 안보여요..,5
토스,해외주식 배당 빨리빨리좀 주셈 왜 점점 느려지는거예요???,5
토스,만보기 복권하는데 페이스패이 설정이 복권하나 긁을때마나 나옵니다 굉장히 번거롭게... 안하는사람들은 무조건해라 이건가요?적당히 나왔음 좋겠네요,3
토스,매우 만족합니다,5
토스,행운복권도 갑자기 안되고 쓸때마다 돌려받기 들어가서 돌려받기 누르면 안들어와져요 빨리 개선부탁드립니다,1
토스,광고도 점점 길어지고 앱테크로써 이젠 메리트 없음. 복권도 무슨 5년동안 했는데 고작 8등 당첨된게 최고야.. 근데 그것도 얼탱이 없는데 복권할려고 광고 볼때마다 무슨 깔으라는 창이 계속뜨고 포인트도 쥐꼬리만큼 주고 할 가치가 없다.,1
토스,자산에서 타증권사 주식현황이 업뎃 안된지 며칠째 타 증권사 앱이 있지만 토스에서 내 전체 자산이 틀리게 보이니 짜증남 그것도 메인페이지 최상단 ㅋ 말 되나?,1
토스,토스증권에서 출금하려는데 신분증 촬영 요구해서 내돈도 못쓰게 하네 군인인데 촬영을 어떻게 함,1
토스,너무 느려졌어요 느려도 너무 느림,1
토스,"잘 이용하고 있었습니다만, 오늘 만보기 이용을 마치고 상단 우측 설정에 들어가서 만보기를 끄려했는데 화면이 반토막난 상태로 되어있어서 사용할수가 없네요. 화면 회전도 되지 않는데다가 스크롤로 끌어도 먹통이니 어찌하면 좋을까요? 설정에 못 들어가는 상황인데 어이가 없네요.",1
토스,세브라스시스템 들어가봐요. 안열림 메인쓰레드에서 뭐이리 잡아먹음? 결국 튕기는데 안정성 너무없는거아님?,1
토스,만보기 설정 버튼이 상단바랑 겹쳐서 안눌리잖아요 만보기 끄지도 못하고ㅡㅡ,1
토스,"엄청 좋습니다. 각종 이벤트도 하고 어떤 이벤트가 끝나면 다른 이벤트를 하는, 이벤트 바톤 터치를 지금까지 하고 있고요, 돈에 대한 상식도 알려주는 것이랑 악성 앱 탐지기능도 같이 있어서, 어떤 은행 앱 쓸까, 라고 고민하시면 토스 추천드립니다.",5
토스,알람을 끄면 뭐하나...들어갈 때마다 켜라고 요구하는데.... 징그러워요,1
토스,광고 좀 적당히 해라,1
토스,제발 토스 함께 켜기 기능좀 없애주세요 주변 사람이 게속 틀라고 해서 개짜증나요,1
토스,앱이 느려지거나 자주 버벅거리는데 어떻게 해야됩니까? 방법 올려주세요,3
토스,카드실적 위젯을 만들어주세요!! 카드실적에 따라서 카드를 골라서 쓸 수 있도록!!!,4
토스,아니 나도 만보기 100일 찍고 싶은데 한 14일만 넘어가면 자꾸 2일차로 만듦,4
토스,알림이 너무많아 고유가지원금만해도 안본다고 꺼도 하루는커녕 한시간만 지나도 대문짝만하게 뜨고 이외 팝업도 뜨는데 개그지같은건 꼭 1초미만의 딜레이가 있어서 자산누르려다 그지같은 광고팝업을 누른다는거임 화면분할을좀 해라,1
토스,"다 좋은데, 어제 재설치 한 이후로 위젯이 말썽이네요. 주식 수익, 종목, 지수 위젯해둔거 새로고침을 누르면 로그인 다시 하라는 안내창이 나오네뇨",5
토스,"라방 보기, 각종 미니앱들 쓸 때 렉이 너무 심하게 걸립니다 지웠다 다시 깔고 공간 정리도 하고 캐시 삭제도 다 해봤는데 나아지는 게 없네요 폰 문제는 아닌 게 토스 말고 다른 앱들은 전혀 안 그럽니다. 광고 보는 것도 짜증나는데 계속 화면 멈추고 터치 동작 느리게 먹는 거 진짜 속 터져 죽음",1
토스,좋음,5
토스,인증했는데 또 인증하래 몇번째냐?왜?정보팔아먹으려고?해도해도 너무하네 벌레만도못한것아,1
토스,주식 가격보는데 로딩되는것좀고쳐라,1
토스,일주일 방문 미션 15개나 있고(지나치게 많음) 브랜드 구경하기 탭에서 브랜드 클릭하고 10초만 기다려도 오류되는데 너무하는거 아닌가요,1
토스,별루임,1
토스,토스 쇼핑탭이 스크롤이 멈췄어요 어떻게하죠,1
토스,은근슬쩍 공과금납부하려는데 토스페이머니 충전이니 이런걸로 바로 연결하는 꼬락서니가 정말 짜증납니다. 2만원만 내려던걸 왜 지들 맘대로 5만원을 충전시키려고 하는지? 글 잘 안읽는 사람들이나 잘모르는 노약자분들이면 바로 당했을듯. 이게 금융앱인지 돈뜯으려는 앱인지 모르겠네요. 점점 꼴보기 싫어서 다른 어플 찾아보려고요,1
토스,겁나 버버벅..버벅,2
토스,토스 오류가 많이 남... 그리고 고객센터도 매우 불편함,2
토스,사용하다보면 느려져요 방법이 없어서 지웠다 다시깔면 몇주는 정상이다가 또 느려져요,1
토스,하단부에 쇼핑 알림받기 팝업창 좀 안 뜨게 해주세요 몇번을 거부해도 매일 뜨니까 너무 거슬려요 아무튼 토스는 알림 유도를 너무 많이 해 예전에도 고객 개인정보 개당 6만원 넘게 팔아먹더니... 동의 할때까지 계속 알림팝업 띄울 생각인가? 그것도 쪼잔하게 10원 준다고 하고,1
토스,재밌어요,4
토스,좋아요,5
토스,다른 건 다 좋은데 토스관련 교통카트 알림이 계속 뜨는 것이 불편합니다,5
토스,이체/결제 알람 빼고 다 끌 수 있게 알람 설정 좀 바꾸세요. 아무리 알림설정 들어가서 다른것들을 꺼버려도 주기적으로 이름만 다른 똑같은 컨텐츠들 만들어와서 알림띄우고 난리임. 결제/이체도 아닌 광고성 알림이 4~5개씩 울리는게 말이되나요,1
토스,아니 토스 왜 가끔가다 교통카드 충전이 안되는건가요?이것때문에 놓친 지하철이 한두번이아니네 버그좀 고치셈,1
토스,"버그. 걸음 알림을 허용했으나, 돌아와보면 다시 꺼져있고 계속 무한으로 물어봄",3
토스,"뒷북알림 수정 안 되나?? 함께 토스켜고 사료받기 , 행운퀴즈 이런 거 밤에 한 게 아침에 알림이 오네... 한 두번이 아니라 매일!",1
토스,일또바로안하세요 세금 낼 의무 있는나라에서 대한민국 왜빼나요 아후 진짜 또바로 일하세요 주식 사는데 개인정보 안물어봐쓰면좋게네요,1
토스,짧은 광고 운운하지나 말고30초 광고를 주던가 짧은 광고가 30초면 긴 광고는 1분이 넘어야 겠네 짧은 광고 운운 멘트 자워버려요 짜증나 뒤져버리겠으니,1
토스,순금복권 25회째 꽝 ㅡㅡ,1
토스,아니 토스 돼지저금통 이벤트 47일차까지 꾸준히 모아놨는데 어느순간부터 저금통 이벤트가 안떠서 끝났구나 싶었는데 왜 오늘 다시 1일차로 초기화 되는거임?,3
토스,앱 너무 무겁고 용랑차지 앱테크로 사람 괴롭히네,1
토스,주식주문시 전에는 부족한금액 이체와 동시에 주문도 함께들어갔는데 지금은 이체만된후 주문은 안들어가져있어서 재주문하기를 해야되서 번거로워요,1
토스,토스 이벤트 보상을 받으려고 광고를 봤는데 계속 튕겨서 보상도 못 받네요;;; 이게 며칠 동안 반복되는데 조치 좀 취해주세요,1
토스,금융정보 끌어오기 싫은데 강제로 끌어오기 해놓아서 불쾌합니다. 대충 다른거 연결아무거나 했는데. 지금까지 잘사용하다 날벼락 맞은 기분이네요.,1
토스,토스인컴 지난번에 수수료내고 환급금받기로해서 6월1일에 들어온다는데 뭔 또 환급금 신청하고 수수료를 띄어가려고 하는건가? 그만 좀 했으면 좋겠네,1
토스,이거 스크롤은 물론 터치 자체가 안먹히는 일이 자주있는데 개선좀 하시지요,3
토스,무슨 만보기 복권하나 받고 긁기 힘들다 꼴랑 10~20원 주면서 영상봐야 복권긁기되고 영상 누루면 5~6번 해도 계속 먹통 수준 아 욕이 절로 나옴 왜만든거임? 너무 앱들이 안되서 삭제했다가 다시들어가면 포인트받았던것들 다 사라져서 다시 첨부터 리셋 이런 🐕 같은 경우가 다있네,2
토스,아니 얼굴 인증 할때 떨림은 그나마 보정해줘야지 멈춰있는데도 엉뚱한데 가는건 뭐야!!!,1
토스,잘쓰다 갑자기 초기화된냥 계좌인증 쳐해라하노,1
토스,요즘 토스도 광고가 기하급수적으로 늘었네요...토스도 탈퇴 해드려요???,1
토스,토스 일주일방문미션중에서 Alipay+ 리워즈 누르고 방문해서 상품보고 하는 미션을 했는데 계속 더보라고 합니다. 30분넘게 상품누르고 스크롤하면서 보았는데 계속 더보라는 메시지뜨네요.도대체 얼마나 많이봐야하는건가요?뭐 1시간넘게 보아야하나요?휴대폰재부팅하고서 다시 해도 똑같고 혹시 우리집 와이파이가 이상하나해서 데이터로해도 안되고 집앞 카페가서 해도 안되고 도대체 뭐가문제일까요?빠른 조치바랍니다.,1
토스,고객센터에서 아무것도 안해주는데 설명은 왜 해놓는건지,1
토스,오류 좀 고쳐라 앱 접속도 안 되게 하는 건 대체 뭐 하자는 거임?,1
토스,어떻게 은행앱이 이체가 요청이 많아서 안될수 있죠?은행 기본적인 기능도 못한다는건데~ 요청이 많더라도 처리할수 있어야되는게 맞지않을까요? 26년 5월12일 오전 10시30분부터 안됨,1
토스,"몇달전부터 계속 고양이, 포인트 등이 광고만 무한재생 되고 보상은 안주네요? 언제 고쳐주실건가요 ?",2
토스,업데이트 패치를 개발팀쪽에서 최적화 및 최종검수를 하고 하는건지 알 수가 없네요 업데이트 하면 할수록 더 불편해지는 ui에 제대로 되지 않은 최적화 업데이트 하면서 당연히 앱이 조금씩 무거워 지는건 이해하지만 제발 금융앱이면 금융앱 답게 쓸데없는거 다 빼요,1
토스,롤백회수는 ㅋㅋㅋ 한순간에 상승분 반납 하라고? 내 돈으로 돈 벌고 잡주 건들고 강 자려니깐 실수는 지들이하고 돈은 내가 갚으라는거 이건 진짜 운영 역겹다 자기내들 물린거만 쏙 빼가네,1
토스,"😡😡😡 또 포인트 받을 수 있을때 알려드릴까요? 토스쇼핑 혜택/할인 알림 신청서... 이거 너무 계속 뜨는데요. 일주일에 한번 한달에 한번 뜨는것도 아니고, 이미 거절을 했는데, 하루에 한번도 아니고, 하루에 몇번씩 뜨는건 너무 불편합니다...",3
토스,토스뱅크 광고 그만 좀 해라. +알림말고 인앱광고...😑,2
토스,좋은 앱이고 간 편 편리함,5
토스,너무재밌어요 ㅋㅋㅋㅋㅋㅋㅋㅋㅋㅋㅋㅋㅋ,5
토스,"인터넷 은행 앱 아닌가요? 우선 앱 진입에 지문 인식하면 3번에 한번은 로그인 오류같은데 아무 말 없이 로그인 안되어 지문인식을 다시 해야 합니다. 앱 내 여러가지 서비스와 미니게임, 포인트지급 미니앱 등 가지가지 서비스가 있는데 광고 보고 리워드를 지급합니다만, 광고가 제대로 동작하지 않고 리워드 지급되지 않고 광고만 무한 재생 된다거나, 앱 다운되어 다시 광고 시청을 하거나, 광고에 아무 화면이 나오질 않아 종료 시점을 특정할 수 없는 상황이 매번 반복되어 앱 내 고객센터라고 되어 있는 곳에 글 남겨도 개선이 전혀 안되네요. 기본 은행, 증권 앱에 대한 신뢰도를 가져가도 되는 것인지 의문이 되네요 이 질문에대한 답도 계속 없다면 그냥 리워드 앱 취급이 적당할 듯 하네요",1
토스,별로입니다,1
토스,편리하고 좋은데 우리학교 급식 알림이 9시 반에 떠서 불편해요. 그 시간에 학생들은 학교에 있어서 알림을 못보는데,5
토스,광고가 왤케 깁니까,2
토스,고양이 사료 800개랑 장난감 500개 모아놨더니 갑자기 24시간 제한 걸어서 날려버리네. 진짜 서비스 퇴행하는 거 뭐냐. 뭔데 은행 계좌를 지멋대로 토스페이랑 연결해서 은행 돈을 빼감? 신용 박살나더니 막 나가네.,1
토스,"토스어플 에서 상품권쿠폰 구입 했는데 사용안되서 문의하니 자기는 담당하는데가 아니나함. (결국 사용못하고 금액 피해봄). 무슨 가맹점도 아니고 배달업체도 아니고 토스 어플인줄 알고 산거였는데 구입처에 문의해라. 거기는 문의 자체가 안되던데 제대로 어떤곳인지도 모르고 토스 이용하시는 분들 이용하고 구입하게 만든건지, 그리고 나서 문제 생기면 고객이 알아서 연락하고 책임져라? 고객들은 토스 보고 상품이나 기프티콘등은 구입한건데 거기가 사기나 문제가 있으면 어떻게 대응 하냐 하니 경찰서나 검찰 신고해서 거기서 요청하면 수사 할수 있도록 해준다 하는데 애초에 미리 사기나 위험한곳인지 토스 이용 고객분들 피해안보도록 대응하지 않음. 토스 어플로 구입해도 거기서 문제 생기면 고객 잘못, 고객이 알아서 해결해라, 우리는 중개일뿐이다 . 거기서 연락을 할수있는 방법이 없으면 토스에서 가맹한곳이니 연락을 할수 있도록 조치를 취해야 하는거지 않은가? 어떤곳인지도 모르고 가맹을 한건지",1
토스,어플 관리 좀 똑바로 하세요 갈수록 렉걸리고 무슨 업데이트 할 때 마다 더 불편해지고 느려지고 광고는 알람 꺼놓으면 또 다른 광고 새로 만들어서 짜증나게 뜨고 만보기나 20원 받는 이벤트나 꼴랑 몇원 주면서 광고 봤는데도 두세번씩 씹히면 진짜 앱삭제 마려워요 ㅋㅋ 토스 켠 친구도 알람 뜨자마자 1초만에 바로 들어가도 막상 안 뜨고 그럴거면 귀찮게 알람은 왜 보내는건지..,1
토스,요즘 잘사용하던 앱이 점점 속도도 느려지고 화면전환이나 스크롤시 버벅거리고 전반적으로 사용성이 떨어지고있다. 고객 충성도를 계속 유지하려면 성능에 신경을 다시 써야할때임을 인지하길,2
토스,"토스 앱, 너무 만족스러워요! 게다가 최근에는 걸을때마다 포인트가 쌓이는 기능이 추가되었는데 너무 좋습니다! 다만, 포인트를 사용하는 방법을 잘 몰라서 알려주시면 감사하겠습니다!",5
토스,"빠른 답변 감사합니다. 전부터 2,3일에 한번씩 로딩도 안되고 검정화면만 뜨거나, 혹은 화면은 뜨는데 로딩바가 움직이지 않은 상태로 넘어가지지 않는 광고들이 떠서 알려주신 대처방법을 한 뒤에 또 나타날지는 모르겠네요. 해당 버그 말고도 30초 광고를 본 후 선물상자를 받는것도 광고를 다 보고 생성된 닫기버튼을 누르면 보상을 못받고 광고를 보라는 버튼이 다시 생겨서 광고를 봐도 보상을 못받는 버그도 있었습니다. 3,4번 정도 계속 시도해도 변하는게 없었고요. 일단 계속 사용하면서 지켜보겠습니다.",5
토스,주식 가격 알림 기능에서 설정단위를 달러로도 가능하게 해주세요... 주식거래는 토스증권에서 하는데 가격 알림 기능은 타 증권앱을 사용하는 상황입니다...,4
토스,페이스페이 광고 작작 좀,1
토스,운세 이용하게 하는 게 싫어요.,1
토스,고양이 키우고 간식 받기 서비스의 사료랑 랜덤 상자 받으려고 해도 안 받아집니다. 5초짜리 광고 다 봤는데도 사료받기가 안 되고 랜덤상자가 안 열립니다. 이런 적이 한 두번이 아니에요... 신속히 문제 해결 부탁드립니다.,1
토스,"이벤트 참여 겸 하루에 매장 2곳을 갔는데 결제에 실패했습니다. 일부러 지도에 있는 곳으로 갔는데 결제가 되지도 않고, 가게 사장님도 다른 분들도 결제를 못 했다고 하더군요. 그러면 일부러 페이스페이 매장을 찾아가는 의미가 없습니다. 그리고 고객센터에 문의하니 쿠폰 사용이 되지 않아 결제한 건에 대해서 보상 방안이 마련되지도 않았습니다. 결국 기기 및 서버 환경만 운운하면서 핑계만 늘어놓더군요. 더 이상 제 정보를 토스에 남기고 싶지 않네요. 토스 증권, 은행, 카드 탈퇴합니다.",1
토스,몇일전부터 포인트 적립이 안되네요 폰이 뜨거워지고 만보기.라이브방송 포인트 받는건 모두 안되네요 왜이러죠,3
토스,아주 좋소 아주,5
토스,광고가 너무 많아지고 무거워졌어요. 처음엔 참 좋았는데 요새 점점 갈아타고 싶은 마음,1
토스,교통카드도 되고 좋긴한데 가끔씩 유효하지 않다면서 충전이 안될때가 있어요..그리고 예전에 제 친구가 토스한테 생일선물이라고 10만원을 받았다는데 뭐죠 그래도 쓸만합니다!,4
토스,"지수에 코스피 200도 보이게 업데이트 요청드리고, 지수도 종목과 같이 상세한 차트 관리 가능하게 요청드립니다",3
토스,주말내내 함께 토스 켜기 꼭 광고 2번씩 봐야 클릭 가능함... 한 두 번이야 그럴 수 있다지맘 주말 내내 이러니 짜증나네요. 주말마다 오류가 잦은 거 같아요.,1
토스,요즘 많이 느려졌어요. 로딩이 멈추거나 오래걸리는 메뉴도 많구요.,1
토스,만보기 복권긁기와 행운복권의 일부 광고가 활성화가 안되고 멈추는데 이유가 뭔가? 매번 토스를 나갔다가 들어오는 수고를 해야해서 귀찮다. 혹시나 업데이터를 안해서 그런가해서 스토어 가봐도 그건 아니다.,1
토스,이게 대체 은행 앱인지 광고 앱인지.. 원. 깔끔하고 편리한 케이뱅크로 갑니다.,1
토스,👍,5
토스,필요성 없음.,1
토스,업데이트안됨,1
토스,새로고침을 해도 잔액이 제대로 표시되지 않아요. 결제를 하면 사용한 금액만큼 차감돼서 떠야 하는데 새로고침을 하거나 앱을 껐다 켜도 그대로입니다. 처음엔 그냥 넘겼는데 계속 반복되니까 점점 불편하네요.,2
토스,이벤트 때문에 처음 깔아보게 됐는데 이벤트사기를 당하고 덕분에 리뷰 1점을 남길수 있게 되었어요 오히려 좋아,1
토스,감사합니다,5
토스,"1. 신분증 인증이 너~~어~~~무 안됩니다. 2. 모바일신분증 시대이고, 신분증은 가지고 다니지 않는데 왜 아직 모바일신분증 인증이 안될까요. 개선해 주세요. 출국해서 여권 밖에 없는데, 여권으로 며칠째 인증을 못하고 있습니다.ㅠㅠ",4
토스,"갈수록 태산...왜 전화면 못찾아 쓰,,",1
토스,성인이 되니까 저금통 기능이 사라진 거 같은데 성인도 쓸 수 있게 해주세용,4
토스,주식 거래하려니까 주문을 넣어도 렉 때문에 안팔리고 주문 씹히고 뭐하는건가요? 사용자가 악용해서 돈 벌었으면 기가막히게 막았을텐데 어닝콜도 제대로 안하고 미수거래를 단순히 빌려주는 돈으로 치부하고 자기들 유리하게는 말 잘하면서 불리하면 입 싹 닫나요?,1
토스,알람 규칙적으로 보내십쇼,1
토스,쉽게 사용할수있어 좋아요,5
토스,토스 증권에서 주식 매도하고 영업일 기준 이틀 후 출금하려니 출금 안됨..오류 원인을 안가르쳐주고 고객센터 문의 하래.. 연락은 x나 안받음. 중요한거래에 매도금도 못 써서 환장함..이런 뭐같은 쓰레기앱,1
토스,위치 추적 좀 추가해주세요 만약 잃어버려서 찾기 힘들고 돈도 버리게되니까요,4
토스,증권메뉴에서 좌우로 스크롤하는데 왜자꾸 너무 예민하게 아래로 내리는걸로 인식이되면서 새로고침 기능이 발동하나요 그래서 좌우 메뉴를 볼수가 없어요 환경설정가봐도 안보이고 해결좀,1
토스,자동로그인 설정 된 이후 로그아웃 버튼을 찾을 수 없어 어쩔 수 없이 지웠다가 다시 설치합니다. 무슨 뱅킹 앱이 로그아웃 버튼도 없어 지웠다가 다시 깔게하나요? (내용추가: 다시 설치해도 본인 인증하면 자동으로 설정되네요? 확인 되지 않은 내용을 알려주시는건 뭐하자는건가요?),1
토스,제 계정은 어따 버리셨나요;,1
토스,국내주식 소수점거래 언제될까요??,5
토스,"간편하게 잘 사용하고있습니다! 다만 한가지 기능 건의 드리고싶어요. 증권에서 투자비중 볼때, 증권계좌에 있는 현금 비중도 추가됐으면 좋겠습니다!!",4
토스,대출내역 합계랑 이런거 직관적으로 좀 볼수있게 업데이트좀 해주세요,5
토스,처음 보는 것인데 앞으로 어떻게 해야 될지 모르겠지만 일단 하기로 했다.,4
토스,3초구경하기 다시 만들어주세요 포인트모으기좋았단 말이에요 ㅠㅠ,5
토스,"여러분들의 댓글요정 혜해 입니다. 오래전 토스 간편결제에서 시작한 토스뱅크를 오랜만에 다시 가입하여 보니, 바로 뒤로가기를 연타할 만큼 사용후기는 매우 실망 스러웠읍니다. 너무 불필요한 광고 및 문어발식 메뉴들. 별점 1개. (왜 이리 복잡하게 된건지) 다시 사용하고 싶다는 생각을 말끔하게 접게 되었어요. 옛날 토스는 미니멀하고 간편하고 애플리케이션이 가벼웠는데. 이제는 초심을 잃어버린 돈에 눈이 멀어버린 마치 광고 대행사 같은 그런 기업 같아서 실망을 안고 떠나갑니다.",1
토스,상담원 연결 72시간 ㅋㅋ,1
토스,이거 만보기 원래 기기 기존 센서로만되나요? 외부기기로 카운트되는건 안되네요...,2
토스,좀 개선좀해주세요 몇번을말합니까 도로길찾기미션 하는데2.3km이런거고쳐주세여 채팅상담해도 끝나지도않은걸 본인식대료 상담종료하고 왜개진상만드세요?너는떠들어라그런건가요?갑질한것도아니고 그런마인드로하실거면 집어치우세요 부탁이니까,5
토스,토스페이 결제 후에 사용했으면 할인 받을수 있었다는 쿠폰 알림 오는거.. 취소하고 재결제하기 좀 그런데.. 차라리 결제할때 알려주는 걸로 바꿔주심 안되나요? ㅜㅜ 다 좋은데 그게 좀 아쉬워요..,4
토스,다른거 다 괜찮은데 왜 하루에 3만원 밖에 못 꺼내요?,3
토스,토스 3초 구경 언제까지 미션 점검 중인건지... 어제부터 오늘까지 고칠 생각이 없나보네,5
토스,혜택쪽에 광고시간 5초에서 10초로 은근슬쩍 늘리네요 이러면 더 안하게 됩니다,1
토스,점점 토스도 강요가 많아지네요.. 특히 토스인컴 관련해서 알림도 껐는데 계속 카톡이랑 알림와서 다 차단하게되구요.. 별도로 차단도 안되니 기본 토스알림도 다 차단하게되네요.. 환급신청도 하려다가 그냥 안받으려는데 계속 신청하다만게 있다고 알림뜨고.. 뭐 삭제하는 방법도없는데 알림은 계속 뜨고 제 개인정보를 선택은해서 쓰지도 않겠다하는데 개인정보선택박스체크 해제도 안되고 알림은 오고 난리네요 ㅠㅠ,1
토스,요즘 앱이 많이 느려요. 데이터 조회도 느리고 앱도 버벅이고요,1
토스,고양이키우기 광고봐서 얻는 것들 다 에러납니다 요즘 계속 그러네요,1
토스,앱 안정화 좀 하세요 갈수록 쓸데없는 기능만 생겨서 무거워지기만 하고 최적화를 안하네 여기는,2
토스,내돈 내가 이체하겄다고 하는데...지들이 뭔데..신분증을 두번이나 확인하고 개인정보를 확인하냐...드럽게,1
토스,다 좋은데 시안성부터 다좋음 근데 렉이 너무 걸리오,3
토스,"매일매일 새로운 이벤트 만들어서 알림 작작 보내시라고요 꺼도꺼도 끝이 없네 장난하나... 1, 2원 주는 이벤트 누가 참여함?",1
토스,쇼핑 탭에서 생성되는 할인쿠폰 배너가 왜 토스 앱 들어올때마다 뜨는거죠? 뜨게하지 말라고 문의도 드렸는데 고객 말이 우스운가요? 이것땜에 진짜 스트레스이고 짜증나 미치겠어요!! 알림에서 끄려고 해도 쇼핑 알림 한개 이상은 끄면 안된다고 하는데 이거 뭐하자는 건가요? 쇼핑 알림은 고객에 따라서 받고싶지 않을수도 있지 않나요? 그리고 페이스페이 이거.. 쓰기 싫다잖아요!! 왜 매번 추천하고 밀어 붙이기만 하는거죠? 진짜 불쾌하고 짜증 납니다 너무 짜증나서 다른 은행 앱으로 넘어갈까 심각하게 고민중에 있습니다 너무 짜증나서 잘쓰던 토스 체크카드도 쓰기 싫어져서 안쓴지 3개월 넘었네요,1
토스,쇼핑. 증권 탭에서 터치가 안됩니다. 캐시 지우기도 했으나 해결되지 않습니다.,3
토스,"아니 저번에 국세청 앱으로 환급신청 완료 했는데 왜자꾸 환급신청 하라고 졸라대노. 것도 내 돈 돌려받는다는데, 수수료를 만원씩이나 뜯어가네. 양심 어딨냐",1
토스,토스가 열리지 않고 흰 화면만 뜨네요,2
토스,포인트가사라진다구요 만포인트넘으면 사라지더니 클로버 모으기에서클로버 다모았더니 2천포인트받고 만포인트넝게 있던거 사라졌어요 현재 두번째 이시갓에 보니.클로버 모은 포인트2천포인트도 사라졌네요 ㅎㆍㅎ수정좀해주세요,5
토스,광고 그리고 또 광고 지우고 조금 있음 광고 예전에 심플하고 깔끔했던 토스는 이제 안녕,1
토스,너무 느려요 아예 안들어가집니다. 정말 편하게 쓰고 있었는데 특히 새벽시간대에 뭐 확인할려고 치면 아예 안들어가져요 캐시 삭제니 뭐니 다 해도 안들어가집니다.,5
토스,doesn't work send to payid,2
토스,"초반 핵심적 금융 기능에서 잡다하게 뭐가 많아진다 싶더니 광고가 미친듯이 많아지다가 이젠 심지어 ""물뽕"" 광고가 나오네요? 미친건가?",1
토스,최고다,5
토스,조아요,4
토스,토스증권 지정가 알림 안됨 앱삭제후 재설치 설정부터 모든 방법을 써도 안됨 노답,3
토스,포인트받는거 거지처럼 해놓음 상품과 가격이같은가 ㅡ 아니오 상품 사진과 정답사진이같은가 ㅡ 아니오 정답넣으면 제대로인증 되는가ㅡ아니오 이래놓고 토스 쓰라고 ㅋㅋㅋ 저런거 하나못하면서 뭐 믿고 페이스 등록하고 돈 넣어서 보관함?? 시간이 아까움,1
토스,은행의 번거로움에서 해방된 기분입니다,5
토스,할 말이 너무 많은데 하나하나 열거하기 귀찮으니 그냥 1점 드세요,1
토스,업데이트하고 개장직후5분동안계속 버벅댐. 취소도 됐다안됐다! 업데이트하면 망가지는게 일상이네ㅡㅡ,2
토스,업데이트 이후 토스앱 내에 터치 오류가 심해요 한번으로 반응이 없어서 두번 눌러야 하는데 심할땐 3번씩 눌러야 하네요,1
토스,아침에 주식창이 자꾸 렉걸려서 제대도된 판매를 전혀 못해요 자꾸 보유중인 주식이 없다고 뜨고 이건 큰 문제 아닌가요?,1
토스,환급금있데서 신청하면서 수수료는 떼먹자마자 오류뜨는건 나만그런건가? 장난하나 내돈내놔..고객센터 하루죙일 전화연결도안되고말야.. 그깟 수수료 있어도살고 없어도사는데 그딴식으로 운영하지마라,1
토스,"최근 업댓후 증권쪽 금액 등 글자 폰트 크기가 커져서, 기존에 한 화면에 보이던 내용이 좌우로 스크롤해야 보입니다 증권 탭 / 자세히 보기 버튼 누르면, 기존에 보이던 내용이 폰트가 커져서 좌우스크롤 해야 보이게 되었어요 좀 불편하게 개선된 것 같은데요!!",1
토스,"연속 송금하면 거의 ‘광고 자판기’ 느낌입니다. 송금 직후 예고도 없이 전체 화면 광고로 넘어가는데, 핵심 기능을 쓰다가 갑자기 ‘광고의 방’으로 끌려가는 느낌입니다. 선택지도 없고, 닫기 버튼도 작아서 오탭이 자주 발생합니다. 의도적인지는 모르겠지만, 사용자가 잘못 누르게 되는 구조처럼 느껴집니다. 이게 반복되면서 피로도가 크게 쌓이고, 결국 다른 앱을 고민하게 됩니다.",1
토스,앱이 가면갈수록 무거워지네요 앱끼리 충돌도 많고... 21년인가 22년인가부터 사용하면서 미션도 좋고 지금까지도 꾸준히 하는데 시간이 갈수록 렉이 심해서..평점 별이 하나씩 줄어서 2개 됐네요 아마 별 한개로 바뀔때되면 탈퇴하지 않을까 싶을 정도에요,2
토스,좋아요,5
토스,갑자기 토스증권 보유주식 자세히보기 현황창 글씨가 너무 커졌어요. 온 동네에 제 주식 상황 광고하는 거 같이서 공공장소에서 하기 쪽팔려요. 다른 화면은 다 그대론데 여기만 왜 이렇게됐죠?,3
토스,사람가지고노니까재밌냐?,1
토스,입출금제외 푸시다꺼놔도 뭔 1원주는 이상한거 관심도없는데 들어가서 또끄게만드네진짜 이상한거 적당히만들고 입출금만 열심히하세요 싫으면 맞짱뜨던가,1
토스,"곧 보증서는 것도 친구의 금융 실적에 따라 보상을 받으실 수 있어요! 친구와 우정 테스트하기, 공유하고 1회 더 돌리기 이런걸로 은근슬쩍 사기칠듯. 사용자에게 유해한 부분은 작게 약관 동의로 안내되어있고 ㅇㅇ 빡쳐서 앱삭할듯. 무슨 uxui 선두주자야 이게 그냥 다크패턴 사기꾼이지.",1
토스,5월2일 13시45분 5090원 사과 결재한것 오늘 5월6일 인데 배송은 어떻게 되나요?,1
토스,쇼핑 유도 탭 좀 없애요 진짜 개짜증나네,1
토스,"토스 쇼핑 팝업을 애지간하게 띄우네요... 다른 건 모두 만족인데 토스 쇼핑 팝업 좀 그만 띄워주세요. 닫아도 닫아도 열리도록 하면 어캅니까.,.,.,.,.,. 너무 불편합니다.",1
토스,하나페이 통해 제휴결제로 들어가야 되는 경우 몇번을 시도해도 토스페이로 연동되지않음. 거의 100프로 확률로 안된다고 보면되고 가끔 대낮에 점검하는데 흔치않은 일이라 오프라인에서 결제할 때 정말 당황했음.,1
토스,증권에서 주문 취소를 넣었는데 돈이 1분이상 안들어오는게 말이됨?,1
토스,쉽고ㅡ빠름 편하게 할수있음 좋아요 😀,5
토스,워치에서 어플이 설치됬으면 좋겠어요. 만보기 핸드폰을 들고 다녀야 측정이 되서 불편하네요. 삼성헬스랑 걸음수가 다르게 나오는게 이상하네요.,3
토스,한도초과라서 결제는 안 됐는데 왜 포인트는 나가는거죠...?,1
토스,앞전과 이번업데이트가 99%에서 더이상 진행이 안됨 그리고 너무 앱내 공지(혜택?알림)이 많음-,5
토스,고유피해지원금 사용처가 미리나와있는것도 확대할때랑 확대안하고 찍힌거라 표시가 애매해요.안뜨는부분도 있어요. 고유피헤지원금사용되는곳 매장 직접검색으로도 있었으면좋겠어요.,1
토스,요즘 광고만 보게하고 포인트 왜 안주는 경우가 있죠?? 업데이트 문제인가하고 업데이트했더니 제 포인트가 사라져있는데요..?? 포인트 모으는 재미로 열심히했었는데 내가 열심히 광고보고 모은 포인트를 내맘대로 쓰지도 못하게하질않나 점점 포인트가 짜고 미션이 너무 많아져 힘드네요,1
토스,"수수료 없고 쓰기 편하고 마케팅 잘하고 다 좋은데 무슨 뭐만하면 페이스페이, 페이스페이... 너무 중국느낌나고 짜치고 별로임.",1
토스,잔액반영이 너무 느림,1
토스,페이스 찝찝하다는 분들 댓글은 무시하고 계속 등록하라고 뜨네요 불편하게 느끼는사람에게 이렇게 까지 계속 여기저기서 뜨면 어찌하라는겁니까,1
토스,만보기 적용되는 수치에 스마트워치도 좀 포함 해주세요.,1
토스,왜 자꾸 로그아웃이 지 맘데로 되는지.. 앱테크는 장난 수준.. 이런거는 안하니만 못합니다,2
토스,넘 불편해요,1
토스,아니 삼촌의 권유로 시작했는데 저희 삼촌은 다 과자나 선물을 받지만 저만 뭔 이상한 포인트 1개에서 3게 만 받네요 그레서 삼촌한태 물어보니깐 토스회사에 전화 문이를 하라고 네요 그레서 이 글을 달아봄니다,1
토스,하나 뭐 나오면 지겹도록 봐야함 페이스 결제 가입하세요! 페이스 결제 가입하세요! 페이스 결제 가입하세요! 국세 환급금 신청하세요! 국세 환급금 신청하세요! 국세 환급금 신청하세요! 토스뱅크 개설시 5천원! 토스뱅크 개설시 5천원! 토스뱅크 개설시 5천원!,1
토스,어른이날 ??? 당첨?? 넌 삭제,1
토스,최고,5
토스,아니 이름 바꿔서 개인정보 재등록하려는데 뭘 어쩌란건지 모르겠네 고객센터 전화해보니까 엉뚱한 답변만하고 그냥 엉망임 토스,1
토스,어른이날 토스이벤트 선물도 안들어오고 공유하는 버튼 누르면 자꾸 로딩만 걸리길래 고객센터 문의하려했더니 토스 앱사용 관련 문의를 일부러 막아둔건지 오류로 인해 정말 상담을 못하는 건지 제가 공유한 걸 누른 사람들이 있는데도 선물이 안들어와서 공유한 의미가 있나 싶기도 하고 괜히 찝찝하고 기분이 안좋네요 심지어 받은 선물함 내역도 뜨지않아서 어린이날 지나면 쓸수도 없는 쿠폰인데 이거 어떻게 해야하나요... 제가 카톡 공유하기를 한 이유가 없어지는데요,2
토스,"토스프라임 결제하면 포인트 12000원 적립해준다더니 왜 안해줌?? 결제는 왜 하게 한거죠?? 가입취소했다가 패밀리 토스프라임으로 들어갔고, 항공권 결제해서 최대 포인트인 12000원을 준다고 해서 들어간건데 포인트를 안주네요. 취소했다가 다시 가입하면 안준다고 사전에 공지를 하던가 해야죠 +선물 보내면 뽑기권 준다해서 3명한테 보냈는데 뽑기권 한개주고 공유또하니까 이젠 안된다 하고..어이업네",1
토스,"편해서 그동안 이용했는데 앱 첫화면 들어가자마자 화면의 3분의1이 광고로 나오는건 누구 아이디어인가요? 빨리 계좌 잔액 확인하고, 송금하려는데 환급광고 큼지막하게 떠서 계좌 목록은 화면 아래로 내려가있고, 닫으면 또 광고 뜨고 스트레스 엄청 받습니다. 광고 알림도 너무 많이 오고 편하려고 토스 앱 써왔는데 스트레스만 받고 있습니다",1
토스,보통 어른분들께 용돈을 드릴때 봉투에 현금을 넣어드리는 것처럼 뭔가 계좌이체할때도 예의를 차리는 무언가 있으면 좋겠네요.,4
토스,이번에 어린이날 선물 진짜 역겹네요 페이스페이 가입한 사람은 안좋은 거 주고 가입 안한 사람은 좋은 거 주는 게 진짜 역겹습니다 원래 유저들을 잘 챙겨야 되는 거 아닌가요? 진짜 정이 다 털립니다,1
토스,최악,1
토스,개인정보 생각은 어디 갖다 버린건지. 이벤트 공유에 참여했다고 상대방 이름을 띄워주네? 제정신?,1
토스,토스 슈퍼 짱짱맨!,5
토스,국적 한국아니라고 했는데 한국 전화번호 없으면 못 하네요 ㅎ...,1
토스,토스 이거 뭐에요?? 교통카드 충전이 안 되는데,3
토스,가로모드 만들어주십쇼,5
토스,자체 개발 앱과 충돌함,1
토스,30초라는 광고가 불편하다 화살과애들이 불행해보이는 그런 게임광고는 이제그만,1
토스,아니 어른이날 이벤트를 뭐 이따구로 만드나요? 기프티콘 받는데 나인거 인증은 왜 필요하며 토스기존계좌로 인증은 왜안되고 쓰던 계좌 2개나 들고와도 내가 아니라네? 뭐하자는거냐?,1
토스,앱 처음 깔았을때 로그인 안됨 자꾸 외국인명의로 하라함,1
토스,다 좋은데 지금 업데이트가 안되요,5
토스,요즘 함께쓰는 가게부 너무 좋아서 이용잘하고있는데 제에에에에발 위젯 1x1로도 좀 내주세요...,4
토스,최고,5
토스,페이스 유도 진짜 토악질 나온다 진심,1
토스,"토스 증권, 가지고 있는 보유 주식 히트맵 표시 추가하면 좋을거 같아요. 등락을 쉽게 보고 싶어요",3
토스,토스 해외송금 말레이시아 에 할려고 하는대 안뜨는데 불가능인가요?,5
토스,증권 수수료 너무 비쌈 1000만원 이상 되는 종목들은 타증권사 수수료 할인 계좌 개설해서 매도 해야겠음,3
토스,"금융앱으로 UI좋고 업데이트도 디테일한 부분까지 신경쓰는거 같아서 만족해요 다만 다른 금융사처럼 옵션말고 해외선물거래가 없어서 아쉽습니다~ WTS에서라도 해외선물거래 파생상품 출시 예정인지, 출시한다면 언제 출시할 예정인지 알려주세요",5
토스,결제할때 한번씩 팅김 페이코 바로 결제 처럼 가볍게 좀 만들어라,3
토스,토스 포인트 중에 가격 금액 적는 게 있는데 금액을 정확히 적었는데도 적용이 안 됩니다.. 기다려서 새로운 가게에 들어가 금액 찾아서 적어도 잘못 적었다고 계속 떠요ㅠ0ㅠ,5
토스,이번에 토스를 핸드폰 바꾸고 시작했는데 정보가 다르데요,1
토스,굿,5
토스,토스 쿠폰주는거 진짜 추접하다 춥파춥스도 하나주고 얼굴 인증하고 주지 그러냐 쿠폰 쓸수있게 그냥 주면 안되요?얼굴인증 왜 하는거예요? 정 떨어짐,2
토스,개인정보 빼가는 장사하는듯? 한도는 꽤나오는데 부결로 결말됨. 시간만 날림. 실현가능한 대출이 연결되는 카카오가 나음. 토스는 안쓰는것이 정답.,1
토스,앱이 플레이 스토어와 연결이 안됩니다.,1
토스,페이스 페이 안 할건데 왤케 집착하세요 무서워요,2
토스,굿 ㆍ2-------------------------------,3
토스,아ㅡㅡ새로고침 해도 잔액 반영이 너무 늦게떠서 답답하네요,2
토스,미성년자 토스증권계설되게 해줘요..KB증권 수수료너무 비싸요,1
토스,차트 랙 현상 좀 고쳐줘 제발..,2
토스,만보기 알림만 해제하는 기능좀 만들어라 만보기 알림 보기 싫은거 왜 매번 봐야되냐 확인하고 싶을때만 앱에 들어가서 확인하면 되지 왜 알림창에 고정해두냐 이딴 사소한거까지 알려줘야되냐? 한심하다 퇴사해라,1
토스,착오송금 시스템 오류 뭐냐 내돈 먹고 뭐하냐 내일 고객센터 연락하든 찾아가든 한다,1
토스,업데이트 안하면 앱 사용이 불가하다면서 업데이트가 안되면 뭐 어떻게 쓰라는거죠 무한로딩에 튕김에 스트레스 받습니다,1
토스,지들이 만들어둔 서비스 진행안하면 메뉴도 안열리는데 왜 메인에서 시작을 안합니까 서비스 제공 받기전에 기본적인 메인메뉴부터 띄우라고요,1
토스,혜택 1주일 방문미션에서 정확한 답을 입력했는데 정답이 아니다는 메시지만 나옴. 30분 후에 다른 문제도 또 그러함. 이런 일이 반복되니 문제 푸는 이가 알아서 하라는 식의 반응으로 여겨져 기분이 굉장히 나쁨.,2
토스,은행앱으로 쓰는데 홈에서 맨 위에 쓸데 없는 광고가 너무 많이 나와요 점점 소비자 기만으로 가네요,1
토스,"업데이트 안하고 있다가 이번에 실수로 업데이트했는데 엄청 후회되네요. 모든 자산계좌를 업뎃전에는 자유롭게 카테고리 간 이동이 가능했는데 업뎃후에는 완전 카테고리 내 강제고정이 되었네요. [입출금], [저축], [증권], [연금] 카테고리별로 자동으로 내 계좌가 강제고정이 되는데 왜 이렇게 했나요? 연금항목에 있던 어떤 계좌는 증권이나 저축항목으로 옮기고 싶어도 할수가 없네요. 자산편집하기에서 편집하려고 해도 [입출금]과 [저축] 간의 계좌만 순서바꾸기나 이동이 가능하네요. 타항목인 증권과 연금 내에 있는 계좌도 타항목으로 이동이 되게 수정해주세요. 내가 설정하고 싶은대로의 항목별 총금액이 아니라 다시 수기로 더하고 빼고 봐야해서 엄청 불편합니다.",1
토스,가끔 이벤트에서 돈 줘서 좋음,5
토스,"홈텍스에서 환급액 21만 받았는데 토스에서는 23만으로 뜨고 4만 6천원 내라고 함. ㄹㅈㄷ 도둑어플임. 토스에서 환급하지말고 홈텍스에서 직접 받으세요. 계정찾는것도 금방 찾음. 각종 이벤트도 인터넷에 인증글 올라온것도 2개 정도 봤는데, 이벤트가 많이 열리는데 인증글이 몇개 안되는것도 말이 안됨 ㅋㅋ. 모든 이벤트가 실제로 열리는게 아니라 글로만 열리는게 눈에 보여서 쓰기에 거부감듬.",1
토스,계좌 순서 바꾸기 증권도 가능하게 해줘요,1
토스,아 결제취소하고 결제안됐는데 내 토스머니 적립금 사라져버림;; 그냥 사용내역에만 뜨고 안돌려줌 그럴거면 광고왜봤어... 문의할데도 없고 짜증나네요,1
토스,저 토스뱅크 토스증권 다 만족하는데 제가 증권을 자주 사용해서 그러는데요 혹시 제가 들고 있는 종목을 분리시킬수가 있나요? 제가 구매한 종목들을 단타용 장기투자용등 분리시켜 보기좋게 할수는 없나요? 문의를 어디에 해야 할지 몰라서 여기다가 적어봅니다 ㅠ,5
토스,아직모름,3
토스,무슨어플이 안될때재부팅해야되는거에요 짜증나게 진짜갈아타고싶을정도에요,1
토스,할인매장 검색 후 페이스페이 결제하면 할인쿠폰 자동적용 안됨. 낚임,1
토스,처음에는 통장 이자도 바로 받을 수 있는 버튼을 두고 소소한 이벤트로 1원씩 받는 것에 쉽게 접근할 수 있게 만들더니 갈수록 버튼이 사라지고 다른 곳에 묶어두고 있습니다 묶어둔 곳을 찾기 쉽게 다른 색 라인으로 눈에 띄게 하다가 이제는 그런 것도 사라지고 점점 찾아가기 어렵게 만들고 있어서 어차피 광고 보고 주는 건데 점점 주기 싫어하는 것처럼 보입니다 그냥 다른 곳으로 갈아타야 하나 고민 중입니다,3
토스,저도 진짜 만보기 하고싶은데 모든 권한을 허용해도 알림을 허용하라는 팝업이 뜨네요. 앱별 허용전 고급 설정 기능을 몰랐어요. 감사합니다,5
토스,그만쫌쫌 위치좀 바꾸세요 오만잡다한걸 집어넣어놔서 점점불편해짐 가면갈수록 불편한앱,2
토스,보험 나가는 날짜나 총괄적으로 보는 계좌갯수나 그런건 좋습니다. 만보기 광고 갯수도 적당해서 너무 좋습니다. 그런데 만보기 광고후 뽑기에서 복권 당첨자는 계속 나오는거같은데 저만 안뜨는거 같아서 한편 아쉽습니다 ㅠㅠ,3
토스,요세들어 렉이넘심하고 왜이런가요 . 잘돌아가더만 렉이심하게드네요,2
토스,뭔 개짓거리를 했길래 광고보면 앱이 먹통이 되냐,1
토스,페이스페이 강요 작작 좀..,1
토스,렉이 너무 심하고 광고도 렉이 있어서 접속도 못함,4
토스,토스 잘 쓰고 있지만 어린이 외화카드도 생겼으면 좋겠습니다.,4
토스,별로 이다...ㅠ출금하려고 버튼 눌러도 잘 안됌,2
토스,돈이 없는 계좌인데 계속 있다고 화면상에 표시됨 들어가서 봐야 그때 정상적인 보유액이 보임,1
토스,유용하게 잘쓰는데 라이브방송 5분안에 클릭안하면 방송이 종료가 많아졌네요.,3
토스,토스증권에 일반주식계좌 두개이상 만들게해주세요.. 그럼 평생 쓰겠습니다...,5
토스,뭐냐 클릭안되서 고양이이벤트고 증권커뮤니티도 다 못들어가네,1
토스,업데이트는 자주하는데 오류는 안없어지는..몸집 불리기에만 신경쓰지말고 앱관리도 좀 신경써주세요,1
토스,앱이 가만갈수록 무거워지는게 렉때문에 쓰기 불편해요..조금 가볍게좀 업뎃해주셔요 ㅠㅠ,3
토스,토스 오늘의미션 하나가 아무리 문제 바뀌어도 정답 계속 다르다고나와요 그리고 답 맞는데 틀리다고나오면 우리한테 30분후에 문제바뀌고하라할일이아니라 오류를 고쳐야죠 지금 문제 4번째바뀌었는데 똑같이 맞는걸틀리다고 나오는데 이게맞나요?,2
토스,부모님 인증 받아서 주식 계좌 개설은 됬는데 마지막에 청소년증 인증이 안되서 주식 못하고 있습니다,5
토스,쓰레기들이... 세금환급 사이트 들어가면 공짜인데 그걸 그리많이 가져가네,1
토스,"잘사용중입니다만, 통장의 거래내역서 내역에 본인이 메모한 내용도 같이 기입되면 좋겠습니다. 거래내용에 세부적인 내용이 들어가지 않기때문에 구분을 용이하게 하기 위함입니다.",5
토스,어플은 너무 편하고 좋지만 렉이 너무 심해요,5
토스,신속정확합니다,4
토스,작년엔 국세환급 수수료가 5만원대였는데 5만원대도 개비싸다고 느끼는데 올 해는 7만원이 넘음ㅎㄷㄷ;;20만원 덜 받더라도 홈택스에서 신청할까 생각중임.,1
토스,계좌 내역을 숨길수는 없을까요...?,5
토스,고양이 키우기 미션 오류 고쳐주세요. 오천원 상품 45초 구경하기 미션 중에 품목을 눌러서 보려고 하면 60초로 늘어납니다. 15초 상태에서 품목을 누르면 다시 60초가 됩니다.,2
토스,앱좀 분리하시길. 기능 죄다 통합되서 조회하기도 힘들고 조회도 안되고. 통신메뉴 확인을 할수가 없음. 다른거도 마찬가지. 모으기만 하는게 좋은게아님,1
토스,너무 좋다 이말이야~,5
토스,토스 굴비적금 입금이 안되네요. 짜증이 그냥 적금해지해야 할듯요. 고객센터 물어봐도 앱삭제하고 재설치 하라네요.,1
토스,최고 입니다,5
토스,증권에서 배당주들 배당 자동 재투자되는 DRIP 기능이 생겼으면 좋겠네요,5
토스,계속 문자로 본인인증만 하면 인터넷 연결이 안된다고 다음으로 안넘어가져요 인증만 7번 시도하고 데이터 와이파이 다 시도했는데 안돼요,1
토스,"궁금합니다 저만그런건가요? 카드결제금액확인,통장잔액확인등을했는데 수수료가나가나요? 통장정리하다가 몇십원에서몇백원까지 출금내역에 기록되어있던데 이건뭔가요? 조해하면나가는수수료인가요? 안내받은게없어서당황했습니다 만보기사용하려고깔았다가 놀라서삭제합니다",1
토스,모바일 토스증권 스탑로스 없던데. 기능 추가할 생각없나요? 기본적인 기능 같은데 그게 안되네,2
토스,다른건 다 좋은데 토스앱에서 금모으기채굴에 있어서 광고가 제대로 작동안되거나 렉걸리는 버그로 서버끊기는게 너무심해요.그것좀 신경써주세요,5
토스,도대체 고양이랑 토스쇼핑 구경하기랑 화딱지나는 쇼핑 1분보고 4원받기 합친거 어떤 인간 머리에서 나온 악행인가요? 하는 일마다 다 안풀리셨음 좋겠네요^^,1
토스,티머니를 충전했는데 돈만 나가고 티머니에는 충전이 안 되네요,1
토스,인터페이스좀 그만바꾸세요 익숙해지려고하면 자꾸 바뀌네요 ㅡㅡ 뭐 크게 기능이 향상되는거도 아니고 위에있던걸 중간으로 위치변동한다든가 하는 그런 소소한것들이어서 좀..짜증..이..납니다..,1
토스,광고보고 복권안되고ㅠ다시 광고. 초심을 잃은 느낌.....,3
토스,갑자기 앱이 열리지 않아요!!!! 점검 좀 그만하세요 짜증나네요!!!!!!,1
토스,위젯 가계부 사용하려니까 함께 쓰는 캘린더 만들라고 나와서 만듦. 근데 타인을 초대하지 않으면 사용을 못 함. 나 혼자 쓸 건데 누구 초대해야됩니까? 혼자도 사용 가능하게 바꿔주세요!!!!!!!!!!!!!!!!!!!!!,1
토스,업데이트 되고 이상해짐. 내 계좌 접근불가,1
토스,알림을 꺼도 계속 알림오는 이상한 어플...,1
토스,"제발 이런 문자 보내지 마세요, 분명히 결제계좌 2개를 보내 확인받았는데, 인앱구매 문자로 성가시게 하지 마세요",1
토스,젤리 미션 뭔가요?돈주는 식으로 보여주고 게임하는데 제 돈이 빠져나갔네요,1
토스,토스 금모으기 하루 백몇십원 한달에 삼천 몇백원 현시세 금값 나누기 하니까 대충 27년 나오던데 그때까지 토스은행 운영되요?????,5
토스,토스 증권 PC에선 내가만든 주식 골라보기 목록이 있는데 모바일에선 없는게 불편해요,5
토스,왜자꾸 화면이 멈춥니까??? 포인트퀴즈 풀다가도 몃번씩 화면이 하얀바탕만 된채로 멈춤니다 업그레이를 해도 전원을 몃번씩 껏다켜도 똑같은현상 확인부탁합니다,2
토스,앱이 엉망이네요. 나는 경기 이천시에 있는데 쿠폰 쓰는 의치는 항상 강남역 근처이여요. 바보 앱인가 쿠폰을 그런것만 주는 건가 알 수가 없네요.,1
토스,일주일 미션 정답을 맞출 때 앱이 금방 초기화 되서 답을 입력하기 어렵습니다.,1
토스,"돌멩이쓰다듬기로하루에5원씩벌수도있고 다양한게임같은것(다른글자찾기,동그라미그리기등)도있고토스모의주식으로주식연습도할수있고 돈관리하기도좋고토스카드다예쁘고친구들도 많이써서한번해봤는데 너무좋고아무튼재밌고,너무좋음한번써보는걸추천",5
토스,"토스가 다양한 은행의 계좌를 한번에 관리하기 편하고 앱테크 보상으로 받는 커피 쿠폰이나 포인트가 소소하게 맛있어서 잘 받아먹고 있습니다.만, 요즘 너무 불편합니다. 몇십 초 구경하랍시고 '위아래로 반복하면 시간이 늘어납니다'는 대체 왜 필요한 거죠? 고양이 키우기 간식 장난감 미션은 왜 쓸데없이 점점 종류가 늘어나고 있죠? 이 앱에 MMORPG마냥 무한한 컨텐츠가 약속되어야만 하나요? 그런 불편함을 넣지 않으면 억만금의 손실을 각오해야만 하나요? 덕분에 쓸데없이 메모리 잡아먹고 렉 걸리고 오류만 늘어나서 앱 사용하기가 점점 싫어집니다. 소중한 고객들이 진정으로 원하는 게 무엇인지 다시 한 번 면밀하게 알아봐주셨으면 좋겠습니다. 종합 금융 플랫폼이 경쟁자가 없다는 사실에 안주하지 말아주세요.",2
토스,만족합니다 사용 편하고 이벤트도 많고..,4
토스,라이브 방송 조기 혜택마감때문에 포인트가 잘 못받습니다,4
토스,너무 불편함 진짜로 ㅋㅋ 왜 사람들이 안 쓰는 지 5분만 본인이 써봐도 바로 알 수 있음,1
토스,위젯도 쪼그마한데 왜 설정이랑 새로고침을 같은데다 몰아놨는지 당최 이해가 안됨. 기획팀이 일을 안하나...?,2
토스,이번 업데이트 구려여.. 뭐가 너무 많아져서 보기가 힘들어요.전이 더 나은 것 같아용! 심플하지만 깔끔한 전 버전이 더 좋아요.,1
토스,안쓰는데 알림 안오게,1
토스,좋아요,4
토스,핸드폰 교통카드 결제가 안돼요 폰 문제가 아닌데 NFC도 더럽게 못읽고요,1
토스,최적화좀 하세요 폰을 핫팩으로 만드네,1
토스,먼가 점점 느려지는 느낌이?,4
토스,앱을 한번 지웠다 다시 깔았는데 비밀번호를 찾으려니까 계좌인증을 하라고 해서 토스 이용이 어렵다,1
토스,업데이트가 99에서 하루종일 머물고 있고 넣어선 안될 코드라도 넣었음? 다른 어플들 다 업데이트 되는 동안 이 어플 하나만 99퍼에서 멈춰있다가 어플의 업데이트가 안된다고 하는게 웃음포인트(장점 아님)임 그렇다고 광고를 보다보면 별 쓰잘데기 없이 빙빙 돌아가서는 무한루프에 걸려서 사람들이 짜증나서 항의해도 형식적인 답변이여서 싫어하고 있으니 카드개설이 카드사 어플보다 유용하지 않음 스팸성 광고는 왜 광고 동의하지 않았는데 자꾸 보여주는거임?,1
토스,토스쇼핑 쿠폰 짜증나게 스토커처럼 띄워서 소름돋을 정도,1
토스,토스카드에 1000원 단위말고 백원이나 십원 단위로 넣을수있게 하면 안되나요,5
토스,토스어플이 나오고나서 현재까지 너무나도 잘 쓰고있어요. 토스어플 개발자분들에게 제의를 하고 싶어서 글을 남깁니다. 최근 제가 운영하는 매장에서 토스어플로 송금하는 척하고 현장에서 포토샵으로 만들어서 이체했다고 화면을 보여주고 물건을 가져가는 일이 발생했습니다. 알고보니 자주 오는 학생이라고 하더라구여. 이 일이 저에게만 일어난다고 생각하지 않습니다. 예전에 뉴스에 나온 적도 있는걸로 기억하고 있어요. 그래서 현장에서 페이지를 만들 수 없게 화면 배경이 움직이거나 색에 변화가 있는 등 변화를 주었으면 합니다. 모바일 신분증을 이용하는 사람들은 다 알겠지만 배경페이지에 동작이 있거나 모바일건강보험증은 아래에 불이 켜지는 동작을 만들어 조작할 수 없게 만들었습니다. 토스도 많은 사람들이 이용하는 만큼 그런 방법을 조금 더 강구하면 좋을 것 같습니다. 긴 글 읽어주셔서 감사합니다,5
토스,요즘에 토스앱 실행시키면 잠깐 열렸다가 닫힙니다. 다시 실행시켜야 열림. 그리고 다음달 낼 카드값에 합계도 있으면 좋겠습니다.,5
토스,광고 진짜 쿠팡처럼 오지게 쳐하네. 실시간 업데이트 개느림. 주식장은 분탕질하능 쓰레기들 천지임. 갈아탄다,1
토스,금융내역조회와 관리가 간편해서 사용 중인데 이제는 광고천국이 되고 있음. 심지어 홈 빼고 열 때마다 음소거 안된 동영상 광고가 무작위로 뜨고 앱을 켤 때 로딩이 엄청 느림. 랜덤 광고 심해서 흡사 광고 사이트 같음.,3
토스,"광고들 중에서 진행이 안 되거나 아무 반응 없는 건 퇴출시켜 주세요. 노트10 사용 중인데, 일부 광고 진행이 안 됩니다. S20+에서는 거의 문제 없습니다.",1
토스,토스 5번틀려서 잠기면 보호자 없이 풀게해야지 보호자가 필요하면 지금 당장 필요한데 어떻게 쓰라는건지 모르겠네요,1
토스,좋은 👍,5
토스,백번 양보해서 다른 포인트 적립은 광고 이해할 수 있지만 내가 걸음 채워서 받는 만보기 3원까지 광고를 봐야한다? 이건 좀 과하네요.,1
토스,편리하고 다들 마니 사용하고 있어서 신용이 안전해 안심됩니다,5
토스,16살 이하가 아닌데 카드정지 푸는데 부모동의 드립이냐 나이는 제대로 셀 수 있는거임?,1
토스,"제발 특정 알림 좀 제 맘대로 끌 수 있게 해주세요. 자꾸 문장만 다르고 같은 내용인거 계속 보낼꺼면, 알림 끄는 기능은 왜 만들어 두신건가요? 시끄러워서 앱 못써먹겠습니다. 몇 년전에 리뷰 쓸때도 이 얘기를 했었는데, 나아지기는 커녕 알림 오는 빈도가 점점 늘어서 열받습니다. 예를들면 ""사전신청 시작, OOO님 5월 환급 사전신청 열렸어요."" => 알림 끔 ""나라에서 주는 지원금 5건이 업데이트 됐어요."" => 알림 끔 ""5월 국세청 환급 사전신청 마감까지 4일 남았어요."" => 알림끔.... 지금 뭐 장난합니까? 이런식으로 해제한 알림이 100개가 넘어갑니다 제발 좀",1
토스,토스가 만족합니다.,5
토스,내자산분석에서 자산변화의 금액이 현재총자산 설정한 내역으로 월별변화 금액과 그래프로 볼수있게 수정해 주세요. 지금보여주는 건 별 소용없어 많이 아쉬워요!,4
토스,"아이 카드 만들려고 들어왔는데 대체 아이 카드만드는데 보호자 얼굴을 찍으라니, 헐 개인정보 너무 퍼간다",1
토스,자잘한 버그가 너무 많습니다. 7년째 토스만 써왔던 저를 채용해주시면 밤을 새서라도 버그를 하나씩 고치겠습니다,2
토스,계속해서 로그인 풀리네요.. 진짜 이벤트 못하겠네..,1
토스,"전체적으로 봤을 땐 정말 좋은 금융 앱인 것 같아요. 일단은 수수료가 없는 게 제가 느끼는 큰 장점입니다. 토스를 쓰기 시작한지 아직 몇 달 채 되지 않아서 문제점을 그리 많게 발견하진 못했지만, 최근 들어 불편한 점이 생겨서 리뷰 남겨봅니다. 솔직히 이건 불편한 점이 아니라 버그인 것 같기도 한데요… 뭘 누를 때마다 '잠시만 기다려주세요' 문구가 뜨고 나서 계속 접속이 안 돼요. 특히 교통카드 관련해서 목록 들어가면 로딩 문구만 뜨지, 계속 기다려도 안 들어가져요. 저만 이런 건가 싶어서 주변 지인들에게도 물어봤는데 몇몇 지인들도 로딩 문구 뜨는 부분에서 멈추더라고요. 저도 교통수단 이용해 보고 싶어서 잔액 채우려고 했는데 애초에 안 들어가지니까 좀 불편하네요… ㅠ.ㅠ 버그가 아니라면 해결 방법은 따로 없는 걸까요?",5
토스,잘 사용하고 있었는데 본인인증한다고 몇번 등록증 사진찍고 얼굴 보여주고 해도 뭐가 안됐다 다시 찍어라하네. 몇번째인지 피곤하다 참말로 이거 그만 사용하라는건지 ...,3
토스,토스 친구 누르기로 받은 복권 어쩌 다 빠르게 2번 클릭 했더니 똑같은 번호 2번 응모됐어요,5
토스,"교통카드 사용한걸 환불해야해서 세부정보(날짜, 시간대, 가격, 사용위치등)가 필요한데 확인이 불가해서 24시간 채팅상담인데도 불구하고 상담원 연결이 안되어있어서 채팅을 쓸수없고 상담원연결방법도 안뜨고 전화하기 힘든상황인데 전화만 가능(통화료있음)해서 너무 답답합니다",4
토스,토스 증권에서 등락이 있을때 다른증권사어플처럼 빨강파랑으로 깜빡가능하게 설정이 있으면 좋겠습니다. 주식종류이 늘어나서 어떤게 등락하는 지 알아보기가 어렵습니다ㅜㅠ,5
토스,페이스페이는 대체 어디서 쓸수 있나요? 쿠폰 쓰려고 지도맵에 사용가능 뜨는 가게 가서 페이스페이 누르면 안된다고 꺼버리는데 괜한 발걸음만 하고-_-정확한 정보 부탁드립니다!,5
토스,"자동화 CS가 개판임. 필요한 부분 연동안되어있고, 그 흔한 상담사연결도 찾아볼수없는 쓰레기 플랫폼. 메이져 플랫폼 좀 보고 적용할건 적용하세요. 사용하다가 오류 해결도 안되고 쓰는사람만 속터짐",1
토스,갈수록 미션 찾기를 어렵게 만드네요,1
토스,광고 시청 하고 받아야 하는것들이 정상적으로 안되요,3
토스,도시들 늦게 늦게 ㅡ ㅌㄴ,3
토스,업데이트후 인증절차로 안넘어감 급하게가야해서 폰만만지다가 화가나서 적게되네요 수정좀 빨리부탁드립니다,1
토스,오늘 계속 오류발생이 있네요.광고후에도 적립이 안돼고 접속도 잘 안돼고 점검 바랍니다.,2
토스,토스인증서 발급시 실물 신분증으로만 인증이 가능하네요. 모바일 신분증으로 인증이 안되는 이유를 알 수 있을까요?,3
토스,아니무슨 기간 선택하려는데 왜자꾸 슬라이드? 안돼는거임 설정하려하면 초기화되고 ㅡㅡ,1
토스,아 진짜 페이스 머시기 광고 진짜 많이 하네 천원짜리가지고 계속 광고 때리냐,1
토스,스크롤내려구경하러가기 하니까 팅깁니다,3
토스,토스 쇼핑 구경하기 접속불가 스크롤 해야 한다고만 뜨고 버튼 누르면 튕겨 나옮,1
토스,그럼 전체 업데이트를 해야하는거 아닌가요? 문의 넣을때 마다 매크로 답변 너무하네요ㅡㅡ,1
토스,여전히 도자기보다 낮은 열에서 나온 그릇이네. 언제부터 쇼핑 앱슬 SNS로 불렀지?,1
토스,수수료 없고 이밴트 많고 쇼핑도 할수 있어서 송금할때는 토스가 짱인듯,5
토스,계좌이체도 공짜고 여러므로 좋은점이 많아요! 특히 육개장이 CU는 1100원인데 토스에서 포인트로 구매하면 1000원이예요,5
토스,지금 비밀번호 틀렸다고 11만원 들어있는 계정 사용이 안됨니다. 이거 너무한거 아닙니까? 풀어주세요.,2
토스,토스 송금 하려고 할때 이체받는 사람 이름 왜 안떠요? ㅇㅇㅇ님에게 이체 하시겠습니까 안되고ㅇㅇㅇ뱅크 ㅇㅇ은행 으로만 뜨는데 이게 안뜨는 금융앱 맞나요?사생활땜에 기능삭제했나요?금융실명제 모르시나요?,3
토스,업데이트를 하면 할 수록 불편해지네요 ui가 너무 불편해요,1
토스,왜 알림끄는거에 개수제한을 두는건지 이해가 가지 않음. 홍보알림 수십개 만들어놓고 10개까지만 끌수있다고 하고 강제로 광고보게함. 그렇다고 앱 알림을 다꺼버리면 송금 알림까지 안옴.,1
토스,폴더블시대인데 가로모드 좀 만들어주세요.,4
토스,토스 사용하자마자 다음날 아침부터 스팸 5통이 옴 ㄷㄷ,1
토스,사용할수록 스트레스 유발. 갈아타는 거 심각하게 고려 중. 자동로그인이 툭하면 풀림. 유지기간 너무 짧음. 로그인 때 비번 입력한 후 자동로그인 설정 시 똑같은 비번을 또 물어봄. 무슨 의미가 있음? 미장은 달러 표시를 기본으로 해야 함. 원화를 기본 베이스로 해놓는 바람에 가격 확인 시 매우 불편. 달러/원화 선택 가능하다고? 달러 선택 해놔도 홈에서 종목들 표시될 때 원화로만 표시됨. 커뮤니티에서 매수/매도 인증샷 올려진 것도 죄다 원화 표시임. 달러표시는 단 하나도 없음. 기본 베이스를 원화표시로 해놨기 때문.,1
토스,서버 오류 때문에 앱테크 할수가 없음. 비번 치라고 자꾸 나옴,1
토스,종목 들어가서 그룹 추가시 그룹 목록 스크롤이 아래로만 되고 위로는 안 올라가서 페이지 전체가 아래로 당겨지니까 새로고침 돼버림 하..그래서 다시 끄고 재설정 반복.. 스크롤 아아아아 그룹 추가하는 거 너무 불편해요 하나의 그룹에 추가하는 거면 그냥 쓰겠는데 한 그룹에 추가된 걸 다른 그룹에도 추가할 때가 많은데 하트 길게 눌러서 추가 등록 되게 해주면 좋을 텐데.. 이미 추가된 종목 하트 한 번 더 누르면 그룹 지정이 해제되니까 처음 추가한 그룹도 다시 지정해야 함.. 이게 매일 반복되니까 불편해 죽겠네요,1
토스,갑작기 잘되던 토스쇼핑 구경하기스크롤이 안되요 원래 스크롤하면60초구경하기되는데 초가 나오질않습니다 업데이트도 했는데 되질않습니다,5
토스,토스 첨 들어가면 홈화면 아래에 쇼핑 100원 응모하기 알림 안뜨게 좀 해달라니깐요... 당장 님이 토스켜서 들어가도 바로 확인 가능한데 1대1 문의 고객센터 연락하라는건 뭔 매크로답변인지; 언제부턴가 갑자기 뜨는데 쇼핑하지도 않는데 겁나거슬려요 볼때마다,1
토스,렉 너무 많아여,1
토스,토스 다른 증권사처럼 주식 계좌 여러개 만들수있게 해주세요. 기존 손해난 주식 때문에 추가 매수시 물타기 상황이여서 타사 증권사를 이용하게 되서 불편해요. 나머지는 좋아요,5
토스,갑자기 미션완료헛는데 포인트지급이 1시간지낫는데도 안됨,1
토스,토스가안되요,1
토스,흰 창 뜨고 로딩 걸리고 개빡치네,2
토스,첫화면 로딩되는 로고 화면에서 다음화면으로 안 넘어가고 렉걸린채 그대로 멈춤.,1
토스,이번 업데이트후 더 보기가 편해져서 좋아요. 차트 처음 화면에서 하단지표가 2개인데 3개까디 적용되면 더 좋을거같아요 다른곳도 3~4개 이삼 하단지표 설정이 가능해서요,5
토스,2025년 사용 할적에는 사용 하기 쉬워 좋았다 지금은 error !,1
토스,커피쿠폰으로 장난질 작작해라 1명한테 공유만 하면 준다더니 페이스페이 강제 등록 조건이 또붙네ㅋ 사기꾼들이냐?,1
토스,"토스뱅크를 주 거래 은행으로 이용 중이고, 앱 내 토스증권도 이용 중입니다. 근데 불편한 점이 하나 있습니다만, 거래 중에 광고창은 없어야하는 것 아닌가요? 거래에 중대한 영향을 끼칠 수 있는 요소는 조정 부탁드립니다. 광고를 하지 말아달라는 게 아닙니다. 자사 이벤트 홍보나 상품 판매는 당연히 토스가 해야 할 일이지만, 상황을 가려달라는 요청입니다. 전반적으로 정말 만족하고 있습니다. 감사하다는 말씀을 남기고싶습니다. 피드백이 정말 빠르더군요. 토스증권이 수수료가 센 편이라곤 하지만 저에겐 사용이 익숙하고 지금처럼 피드백을 적극 반영해주심에 거래수수료가 아깝지 않습니다. 앞으로 돈 더 많이 벌어서 수수료 가져다 드리겠습니다. 서로 승승장구하면 좋겠네요.",5
토스,토스증권에서 토스증권기본계좌를 대표계좌와 자녀증권기본계좌도 대표계좌로 선택사항으로 선택할수있게 카테고리를 나누어서 보게 해놓았으면 하는 바램입니다,1
토스,이거 하나면 은행앱 끝!,5
토스,행운 복권에 얼렁뚱땅 페이스 페이 유도하는거 넣지 마시고 다시 원래대로 해주세요. 행운의 숫자도 1000으로 해두고 1000원 받기 유도하면서 알고보이 페이스 페이 등록해야 주는 것 처럼 상술도 원래대로 해주세요. 그럴싸 하다가 다 광고였어서 더 정떨어져요.,2
토스,"내계좌에서 입출금끼리, 저축끼리 묶여있는 것 좀 풀어서 볼 수는 없나요? 뒤로 가기 누르면 다시 묶여있어서 굉장히 번거로워 졌어요. 터치를 몇번이고 해야 돼요 하...",1
토스,업데이트했다면서 왜 개적화에다 어플이 더 무거우며 렉이 더 걸리나요. 광고시간만 추가된건가요? 이게 업데이트인가요?,1
토스,주식하는입장에서 토스증권 좋으나 종목검색하면 그 글씨에 해당하는 종목은 다나오면안되나요 안나오는게 많네요 안나오면 또다시 검색하고 다른 증권사는 다나오는데 토스는 검색갯수제한 두는이유가 먼가요 다시검색하는게 얼마나 번거로운데 예를들에 코덱스면 코덱스이름들어간거 다나오던가 해야지 답답하네요 종목찾기나 너무번거로움,4
토스,"항상 편리하게 잘 사용하고 있어요. 미국 증권 알림 설정 메뉴에서도 원화, 달러를 볼수있는 스위치 버튼이 있으면 좋겠어요",5
토스,토스 앱 내에서 앱 하단에 팝업처럼 뜨는 토스 쇼핑 광고 못 끄나요 진짜 개빡쳐요 알람 설정에서 토스 쇼핑 알람 끄면 얘도 꺼져야 하는 거 아닌가요,1
토스,통신요금 간편납부 알고리즘에 버그가 좀 있는 듯 합니다. 제가 미리 납부를 했으면 자동 납부를 하면 안되는데 전부는 아니더라도 어느정도 추가로 납부를 하네요. 다행히 저번달에 과납한 것은 통신사에서 알아서 과납이라고 이번달 납부 요금을 그만큼 깍아줘서 다행입니다. 오늘을 포함하여 2번째 상황입니다. 오늘 생긴 과납은 아직 통신사 납부 확인서에 올라오지 않아서 어떻게 되느냐에 따라 고객센터에 연락 드릴 것 같습니다. 결론적으로 알고리즘의 개선을 요구합니다.,3
토스,계좌보는거 옛날 방식이 훨씬 보기 편해요!!! ㅠㅠ 뭔가 정리되어있지않고 어수선한 느낌 ㅠㅠ 돌려주세요 ㅠㅠㅠㅠ,1
토스,토스증권 랙 좀 제발.... 증권사 옴기덛가해야지,1
토스,토스 낫 배드,3
토스,아니 왜 어플이 먹통이죠? 업데이트하라고 하는데 업데이트 버튼 먹통이고 플레이스토어에 가서 업데이트 누르면 그것도 먹통이고.. 지금 이틀째 로그인 못하고 있어요. ㅜㅜ,1
토스,토스 쇼핑이 생기고 나서 이상하게 알림이 계속 옴 알림을 껐는데도 테무 같은 5천원 할인쿠폰 같은 시간 알림이 계속 날아옴 끄려고 고객센터에 전화 거니 부서가 다르니 다른곳에 연결해줌 연결해준 곳에 5분 동안 기다렸는데도 전화 안받음 이게 뭐하자는 건지..,1
토스,특정광고나올때 화면이 검게나오네요,4
토스,정말 잘쓰고 있는데 요즘 오류가 자주나서 쨔증나네요.,1
토스,토스앱 평생 수수료 무료는 5점드리고요. 요새 너무 튕기고 속도도 느려요. 오늘의미션 풀려고 들어갔다 나오면 비밀번호 찍으라고 나오고 계속 무한반복중이에요.,3
토스,마케팅 캐시백 알림 포함해 입출금 알림 빼고 전부 철회하고 꺼놨는데 왜 멋대로 보내는건지?,1
토스,홈화면 설정에 토스페이좀 추가해주세요,5
토스,광고만 나오고 메인화면 안나옴 쓰레기,1
토스,사업자 계좌 개설하라고 추천떠서 해봤는데 전자세금께산서 발행이 막혀서 진행이 안됩니다. 금융인증서 진행이 안되면 세금계산서 발행이 안되고 그럼 개인사업자 계좌개설 의미가 없는거 같은데 참... 알만하신분들이,1
토스,개명해서 본인인증하는데 얼굴인증은 왜 시키나요? 페이스페이하라고 광고 뜨는것도 싫은데 인증 안되잖아요,1
토스,주말에 글자 깨져 보일때 많아요 오늘은 토스앱 들어가기도 힘들고 들어가져도 흰화면만 보이네요 요즘 버벅 거릴때가 많아요,3
토스,설치를하라고보내지말았스면합니다.할줄모르니까요.이젠그만. 계속설치를하라고뜨게하지말아주세요.제발부탁입니다.,1
토스,그동안 토스혜택 많아서 많이 썼고 주변인한테 영업해서 그 사람도 카드 만듬. 근데 이번 대응은 너무 황당하네요. 토스에서 다른 앱 할인or적립 링크로 들어가서 결제하면 다 실패되는데 당연히 토스 앱 문제지 토스 문제가 아니니 각각의 앱한테 문의하라고요? 그 어플에서 일반결제하면 잘만 되는데요. 4일 기다리게 해놓고 주는 답변이 고작 저겁니까... 뭐 결제할때 이제 다른 수단 쓰면 되죠 전 손해 보는게 없습니다,1
토스,와 미친 개 쩐다,5
토스,라이브 방송 알림이 항상 정각 4분에 뜨는데 이동하면 이미 마감되어있음. 4분 전에 마감하는데 4분에 알리면 어쩌라는건지 모르겠네. 금융앱이면서 광고로 그득그득한 것도 어이없는데,1
토스,WTS에 의견보내기 좀 제발좀 들읍시다! 아랫쪽에 지수 슬라이드 나오는거에 (선택.옵션) 없는거.... 진짜 3류 사이트도 다 있는데.... 의견 개무시ㅋㅋ 마이웨이 ㅋ 이런게 토스임,1
토스,토스 금모으기 어떻게 탈퇴하나요? 탈퇴 항목이 안보이네요. 탈퇴하고 싶으면 편하게 탈퇴 못하게 막나요?,1
토스,"갈수록 불편해지는 앱. 어플은 나날이 무거워지고, 툭하면 얼굴인식 등록하라고 강매는 물론 홈에서 한번만 클릭해도 확인 가능했던 토스뱅크 잔액을 이젠 두번 클릭해야 확인 가능하게끔 굳이 불편하게 만들어버렸다. 물론 저것들보다도 불편한점은 더 많다 어플 하나에 온갖 서비스, 기능을 다 집어넣으려니 어플이 무거워지고 불편한 부분들이 늘어나는게 당연하다. 때로는 심플한게 정답이다",2
토스,수고하셨습니다,3
토스,페이스페이 광고좀 그만띄워요. 지방에 가능한곳 하나도 없어요.,3
토스,토스사용,5
토스,앱 업데이트를 하려고 했는데 99%까지 다운로드 되다가 설치가 안됩니다.,2
토스,오늘 왜이리 버벅 거리나요. 앱이 이상해요,1
토스,페이스페이하기싫다구요...광고창좀그만...,1
토스,오늘의미션할때 미션하러갔다가 돌아오면 다시 생체인증하라고 지문찍으라고 하는게 너무불편합니다. 그럼 복사해온 답도 입력못하고 10초보고오래서 보고왔는데 또생체인증.... 폰바꾸고도 이러는거보니 폰문제는 아닌거같은데... 조치방법없을까요?,3
토스,요즘 갈수록 왜 이러는지 모르겠어요 그동안 정말 잘 쓰고 있었는데 포인트받을때 광고를 봐도 활성화가 되질않아서 포인트 하나받는데 광고를 몇번씩 봐야 한번 활성화되고.. 갑자기 계속 이러네요 포인트못모으게 하려고 막는건지.. 개선 좀 빨리 해주세요!,3
토스,잘 사용하고 있습니다. 토스도 X chat 처럼 보안화된 메신저 출시해주세요.,5
토스,배민 토스페이 제대로 결제 했는데 할인 안 해줘요. 설명도 엄청 부실하고 할인 미적용 사유는 배민 고객센터에 물어보라는데 배민 고객센터도 불친절하고; 그리고 예전부터 쭉 불편했던게 이곳저곳 뒤져봐도 죽어도 안나오는 혜택이 있음. 위에 내용도 포함해서 분명 앱 알림을 받았었는데 어디있는지 찾질 못하겠음. 알림 기록에도 안 뜸. 어쩔 땐 홈 화면에 나오고 혜택을 혜택 탭에서 찾자니 나오지도 않고 전체 메뉴 탭에서 찾아봐도 없고; UI 개판임,1
토스,체크카드가 포인트처럼 쌓이면 좋을텐데 아쉽,3
토스,앱을 깔기 전후가 확실하게 구분되는 곳 심력소모하기도 싫다.,1
토스,토스쇼핑 구경 포인트 고작 4원 주면서 스크롤 빨리 내리면 경고 문구 띄우고 스크롤 멈추면 칼같이 타이머 멈추고 위아래로 반복하면 10초 늘리는 거 너무 짜쳐요,1
토스,토스 임마들 얼굴인증 하기싫다는데 끝까지 야랄이네??? 결제 방식이 다르다고 지문이랑 키페드7자리 설정되있는데 노골적으로 얼굴인식 하라고 그것만 인증되게 해뒀네 레전드다. 중국에서 돈받고 얼굴인증으로 돈 다빼가게? 토스는 특히 계좌 전부 연결시켜둬서 얼굴인증 절대 하지말아야함 에효,1
토스,좋아요,5
토스,오류 너무 심함. 이거 테스트 한건지 모르겠슴. 리뷰보니 같은 이유로 리뷰 쓴 사람들 많으면 한번 점검해야하는거 아님? 사용자 핸드폰 탓을 하는 댓글이 많음. 내 핸드폰 s26 이고 새로 깐지 얼마 안됐음. 광고 인식 안되고 자꾸 화면 튕김 심함. 토스 주거래 은행으로 쓰고 있는데 삭제하고 싶어서 다른 은행으로 갈아타야하나 심히 고민됨.,1
토스,토스 예전에도 잘 쓰고있는데 교통카드 충전할때마다 정보 뭐시기 안된다는거로 몇분동안 시간 잡아먹고 전원 껐다 켜보니 작동되서 버스 놓친거만 많습니다 이게 뭔 현상인지 감도 안오네요,3
토스,조금만 하면 되지 않을까,2
토스,최고에요~~~,5
토스,은행저축때문에,4
토스,"핸드폰 교체 후 신분증 얼굴 인식이 안되고 있음, 다시 할수 있는 방법이 없네요. 이거 모 어쩌란 건지 참내.",1
토스,"토스 증권 쓰는데 주식 수량이랑 가격 옆에 (+, -)버튼이 왜 먹통이죠?? 눌렸다가 안 눌렸다 오류가 있네요. 수정해주세요.",3
토스,좋와요,4
토스,쓰지마셈,5
토스,모든면에서 만족합니다,5
토스,"어플 보관후 복원이 안되네요 상담해주신 분들은 매우만족하지만 어플자체는 좀 문제가 있는듯 하네요 (삼성,구글,토스)다 문의후 로그기록 까지 남겼는데 해결자체가 안됨 ㅜ",1
토스,"잘 되다가 어느순간 광고보고 포인트받는게 광고만 보고 포인트가 안 들어와요 양치하기, 하루 물마시기 이런거요",1
토스,앱 용량이 너무 커요,4
토스,무료고 포인트 등 혜택 좋은데 오류가 너무 많습니다 포인트/혜택 받을러고 광고 보면 리셋되어서 다시 또 시작...또 다시 리셋되서 무한 반복...일부러 포인트 주기 싫어 에러 나는것 같아요.,3
토스,요즘 혜택들어가면 같은 혜택에 광고 100번봐도 계속 포인트는 안들어오네요? 왜이러는거죠?,5
토스,다른건 다 좋은데 증권 임마들은 버그 개심하고 렉 오짐 ㅋㅋㅋ 쓰잘때기 터치 오류 개심함 이래서 위선들이 문제야 ㅋㅋㅋ,1
토스,계좌불러오기에 케이뱅크가 있었는데 없어졋어요,3
토스,로또 도착 팝업 띄워놓고 들어가면 아무것도 안주네 점점 심해지네 회사 망하기 직전임?,1
토스,어느순간부터 주식게시판에서 글상세 들어가면 글씨가 커져서 변경이 안되는데 바뀐건가요? 이전 페이지들은 그대로에요,1
토스,최고에요,5
토스,만보기 포인트 당첨 개구라임 절대 당첨 안됨 1년 다되가도록 해보는중,1
토스,최악이네 돈 보냈는데 뭔 30분 후에 되냐 짜증나네,1
토스,개발자양반 제안 하나 하겠습니다 토스 자동차 탭 특히 자동차사연 게시판 접근성을 높여주십시오 처음에 어디있는지 찾는데 시간 좀 썼습니다. 또한 자동차사연 게시판이 활성화되면 꽤 재밌을거같다는 생각이 듭니다,3
토스,폰바꿔서 다시 깔았는데 통장 개설 안하면 서비스 이용이 안되네 장난치나 ㅡㅡ 정말 불하네요,1
토스,딱봐도 하이급 ㅎㅎ,5
토스,토스 바깥은 비번 되있지만 토스 안 토스증권은 비번 애시당초 한 적 없기에 바깥 비번 눌렀더니 아니라네요??^^ 처음부터 비번 하게 하든가요 그것도 아니면서 갑자기 비번 하라고 왜 나오고 1일 후 이용못한다는것도 좀 그렇네요^^,1
토스,토스증권을 차라리 분리해라 ㅡㅡ 렉 너무 심하네 진짜,1
토스,왜 계속 어플 속도가 느려지는건지....,1
토스,업데이트 할때는 하란 말도 없으면서 느려집니다 이게 멉니까 신경 좀 쓰세요 버벅거려서 앱평가 들어오면 업데이트가 있네요 ㅡㅡ 자동업데이트가 안됩니까,2
토스,망할놈의 쇼핑 좀 그만 밀면 안될까? 진짜 유저 불편함 한계까지 테스트하게?,1
토스,주식창에 메모 기능 넣어주시면 정말 감사하겠습니다! 내 투자 창에서 종목마다 단타용 장투용 롱 숏 분할매수 분할매도 등등 계획을 표시할 수 있는 스티커나 메모기능을 넣으면 더 잘 쓸 수 있을 거 같아요,5
토스,카드나 이체이용시 주는 돌려받기기회가 이용해도 뜨기만뜨고 적립할수가없네요 기본으로주는 랜덤 기회말고는앱을지우고다시깔아야하나,3
토스,3초구경 포인트 받는거 점검중이라고 뜨더니 더 안되게 만들어 놨네요?ㅎㅎㅎㅎㅎ구경하기 눌러도 시간이 안흐르고 3초 시간이 지나도 적립 안되고..ㅎㅎㅎ점검을 한게 아니고 오류를 심어 놨네요?ㅎㅎㅎ잘 되던걸 오류 심어뿟네!ㅎㅎㅎㅎ,1
토스,페이스페이 가맹점이라고 뜨지만 막상 가면 기계조차 없는 가게들 있음. 몇번 헛걸음하고 나니(매장내전화 없음) 번거로워서 고객센터 문의함.페이스페이 가맹점으로 뜨는데 실제 결제내역 있냐고. 직접가서 물어보랜다.점주 입장에선 번거로운 결제수단이고 이득보는건 토슨데 발품은 내가 팔으라고? 간편결제수단은 쎄고 쎘음. 일 똑바로하셈.,1
토스,카카오뱅크 싫어서 다 정리하고 토스로 옮겼는데 갈수록 광고 드럽게 많이 하시네요. 쓰기 싫게 만드는 재주가 있네. 적당히란 걸 모르시나? 지저분한 광고를 왜 메인 최상단에서 봐야만 함??,2
토스,"앱이 전체적으로 너무 버벅거려요.. 캐시도 삭제해봤는데 여전히 버벅거리고,,, 너무 심해요",2
토스,저 브랜드콘 써야하는데 못쓰고있어요 로그인하게 쉽게 해주세요 부탁드립니다,3
토스,양아치앱,1
토스,굿,5
토스,아 증권 차트 움직이다보면 갑자기 엄청나게 확대되거나 그냥 한손으로 움직여도 확대되고 축소되고.. 뭔가 오류가 있네요 울트라23 쓸땐 괜찮았는데 s26교체후 너무 심하네요.. 관심목록 편집창도 안움직일때가 많고 다시 재접하면 되고.. 저만 그런줄 알았는데 이런 리뷰가 또 있는것이 오류가 있긴 있나봅니다.그래서 저도 키움으로 접속하게 되네요,4
토스,앱이 점점 무거워지는게 느껴집니다. 게다가 항목 중간중간 광고가 삽입되서 가독성이 떨어지고 스크롤만 늘어나네요.,1
토스,사용한적없어요,5
토스,지금 뉴질랜드에서 로그인하려고 하는데 로그인 하나도 안돼요... 해외에서 로그인하는법 이라고 찾아 보기도 하고 뭐 재외국민 로그인 방법 이것도 봤는데 제 화면에는 여전히 로그인 화면만 계속 뜨네요... 그래서 로그인 하기 매우 불편합니다 제발 바꿔주세요..,1
토스,송금 한도 금액이 늘려져있어도 송금 실패했다고 하면서 한도가 있니 뭐니 얘기를 하는데 적게 보내도 안되고 앉았는데 명백히 이건 앱에 문제가 있고 잘못됐음 불만을 얘기해도 정확히 모르겠다 고객센터에 전화해라 이런 소리만 하는게 그럴거 같으면 고객센터에 시스템 만지는 법 좀 알려줘서 실시간으로 해결 시키게해주지? 시스템 문제가 있어서 얘기했더만 고객센터라는 고기방패한테 가서 따지라는 식으로 답변을하네?,3
토스,매번 들어갈때마다 오류 때문에 비밀번호 5번씩 쳐야하는 건 몇 개월째 안 고쳐져서 진짜 빨리 로그인 해야할 때 쓸 수가 없네요. 이러면 뭐하러 토스 씁니까? 계속 잠시만 기다려보세요 100번 떠서 다른 앱으로 충전하니 그제서야 켜지는 거 보고 토스 카드를 왜 써야하는지 의문이 들기 시작했습니다. 이 문의 전부터 계속 꾸준히 들어가는 거 아는데 여전히 안 고쳐지는 거 보면 앞으로도 앱의 발전 가능성이 없는 거 아닙니까? 제발 오류 좀 고쳐주세요. 앱 사용할 때마다 스트레스 받고 깊지 않습니다.,1
토스,신분증 사진 잘찍혔는데 왜 인증안되는데!,1
토스,최고 간편하고 확실합니다 시간.장소구애없이사용가능합니다 최고😅,5
토스,토스증권 댓글 들어가면 등록순으로 봐야 편한데 왜 인기슌으로 자뀨 쳐바뀌냐? 니들 일안하냐? 이번 주식만바뀨면 증권옮긴다 ㅉ,1
토스,오만 광고란광고는 덕지덕지붙여놔서 극히 피로함,1
토스,"토스증권, 알림기능 다 켰는데 핸드폰에 팝업알림이 안와요",3
토스,오늘 업데이트 후 앱이 계속 꺼집니다. 빠른 대응 바랍니다.,1
토스,토스 사용하다 매번 재설치네요 버그좀 잡아주시길 짜쯩납니다,1
토스,입금내역 업데이트 겁나느림 개발자들 놀고있음? ㅋㅋ 일좀하세요,1
토스,풍전됄때만 돼고 안됄때는 안돼요,2
토스,"앱은 그럭저럭이고 토스 일하시는분들 굉장히 힘들다고 들었는데 힘내세요, 응원합니다",2
토스,교통카드 그렇게 만들지 마세요,1
토스,부탁인데. 전용 알림음 만들어주세요. 몹시 필요해요. 알림음이 기본 으로 설정한 알림소리면 같아서 중요한걸 놓지기 쉬움.,3
토스,대체 주식 알림은 왜 17시간 전게 한참 뒤에 오는 거임? 골때리네 진짜 ㅋㅋ,1
토스,"자산과 지출의 내역을 잘 불러오고 전체적인 파악이 가능해서 편리합니다. 단, 은행계좌를 통해 가입한 펀드는 증권 항목에 넣지 말아주세요. 계좌별 합산을 따로 맞추어봐야 해서 헷갈립니다. 그냥 펀드라는 항목을 만들어주거나, 저축이나 예금처럼 은행 계좌의 하위 항목으로 넣어주세요. 그래야 실제 관리하는 금융사별 계좌와 일치하니까요. 그리고 오늘 저녁부터 '총자산'과 '계좌 00개 불러오기'의 총계가 다르네요.",4
토스,요즘의 토스는 예전같지 않다는게 확 느껴짐 한동안 심했던 광고성 낚시알림부터 과장이 느껴지는 혜택 홍보 등등 쇼핑에서도 같은 성능에 엄청 싼것처럼 실상은 비슷하거나 한것들이 많고 토스프라임도 점점 혜택도 아쉽고 뭔가가 뭔가임...,1
토스,교통비충전왜안되는데,1
토스,갤럭시는 토스 만보기가 상단바에 계속 떠있어서 알림 지우는 걸 좋아하는 저로서는 짜증납니다 그렇다고 알림을 끄면 만보기 집계가 안돼서 불편하므로 좀 상단바에 안뜨고도 되게 해주셨음 좋겠어요 아이폰이랑 똑같이요,3
토스,광고 졸라만네 애드가드도 안된다 광고처많으니 버그만치 즐랙사,1
토스,주민등록번호를 몰르다,1
토스,구매자가 링크 클릭시 비번 확인창과 초기화면이 번갈아나옴 결국 모든 창을 닫아야 해결됨. 쇼핑창이 열려도 쇼핑 초기화면이 나와버림,1
토스,미주 달러 표기 좀 제대로 됐으면 좋겠어요 물타기계산기나 거래인증 등등 자잘한 부분에선 다 원화로 나옴,3
토스,롯데카드 털려서 알아보니 토스에서 털림 쓰지마세요 증거사진도 올리고싶은데 못올리네요,1
토스,항상 잘쓰고있는데 몇일전부터 업데이트가 계속 안되는데 저만 그런건지 전체문제면 빠른해결부탁드립니다,4
토스,"모바일 티머니가 자주 안 되요. 문의도 정확한건 없고, 맨날 유심칩 뺐다 꼈다 해도 안되고요.",1
토스,알람을 꺼도 계속 알람옴 / 답변대로 꺼도 알람옴,1
토스,토스쇼핑이 50000원 할인도 되고 즐거워요.,5
토스,아니 비밀번호 실수로 잘못 눌렀다고 바로 계정 로그아웃 시키네 ㅋㅋ,1
토스,"만보기 걸음수 카운트 누락할때많음. 앱에서는 배터리가 절전상태에있을때 카운트안되는경우있다고 공지되어있으나, 솔직히 수긍은 안됨.같은상황에서 다른 앱에선 정상카운트되는데. 유독 토스만.... 글고 앱에 너무많은 기능이있어서 그런지 앱이 무거운 느낌도있고.",1
토스,송금하고 나면 그 화면을 식당사장님께 보여줘야하는데 무슨 멘트가 늘 떠서 송금내역을 다 가립니다....아...진짜 이렇게 할겁니까? 예? 예?,1
토스,쓰래기 호가창 국장 정규시간만 정상 그외시간 쓰래기 호가창 위 아래 1칸만 보임 쓰래기 다른 증권사를 아무리 봐도 호가창 쓰래기 토스 데이마켓만 호가창이 정상 프리마켓 정규장 애프터마켓에서 쓰래기 호가창 시스템 이렇게 구체적으로 말을 해줘도 못알아 처먹는 무엇을 어떻게 더 구체적으로 적어줄까 쓰래기 답변만 하는 쓰래기 시스템 토스증권,1
토스,"갤럭시 S24+ 사용중입니다. 얼마 전(일주일 이내)부터 한국어와 숫자 폰트가 깨져 보입니다. 내용을 식별할 수 없는 것은 아니지만 불규칙하게 찌그러져 보여 매우 신경이 쓰입니다. 폰트 깨지는 페이지 홈, 혜택, 쇼핑, 증권, 혜택-(행운복권, 버튼 누르기, 만보기), 증권-피드 깨지지 않는 페이지 개별 계좌 내역, 내 소비, 내 신용점수, 증권-(증권, 관심, 발견) 깨진 폰트와 그렇지 않은 폰트가 섞여 보이는 페이지도 있습니다.",1
토스,좋아요~그런데 만보기..삼성헬스케어랑 연동좀 시켜주세요! 폰 무거워요! 운동할때 폰을 손에들고 해야해요..,5
토스,계좌 금액이랑 페이 잔액이 메인 홈 화면에서 바로 확인 가능해야지 이건 어디를 눌러야 볼 수 있는지 알 수가 없네 답답하다,1
토스,굿,5
토스,아니 팝업광고 갑자기 튀어나오는거 개빡치는데 이럴거면 쓸 이유가 없지 않나. 다른 은행들도 기능도 똑같고 토스고작 10원 더주는거 받을 이유도 없고,1
토스,요즘 갑자기 토스앱 만들어가면 폰트가 뭉개져서 보여요? 토스 무슨일 있나요? 무엇이 문제 잉까요?,2
토스,금모으기에서 다른 사람들은 되는데 전 '잠시 문제가 생겼어요'라는 오류가 계속 뜨는데 전원을 다시 켜보고 등 하는데 해결이 안 되네요 ㅜㅜ,4
토스,갈수록 앱이 무거워지고 ui는 적응할 시간도 없이 맨날 바뀌고 예전의 가볍고 편리했던 토스가 그립네요.,1
토스,계속 증권만 들어가면 튕깁니다,1
토스,일주일방문미션중 요기요앱방문 미션은 방문체크가 안되는 버그가 있습니다. 결국지난주 금요일 체크가안되서 미션 실패하고 오늘월요일 첫방문 미션도 체크가 안되네요. 잡코리아 알바몬등 몇몇앱에서 동일한 버그가 발생합니다. 후기를 보실지는 모르겠으나 보신다면 수정 부탁드립니다. 토스를 꾸준히 이용하는 고객으로서 소소한 재미가 없어지는거 같아 건의해봅니다.,2
토스,오늘자 업데이트가 99%에서 진행이 안되요 오류수정해주세요,3
토스,증권 종목별 시세 일별에 저가 고가는 왜 안보여주나요 최소한 볼수 있는 옵션이라도 넣어주세여 중요한 정보인데 앱에서는 못보다니 불편해여 pc도 보여주는데 앱에서 보여주는거 어렵지 않자나요,4
토스,"""cpu 사용량 높음""이라며 초 절전모드로 전환을 요구하는 메시지가 자주 나옵니다.",5
토스,이상한 알림은 사절입니다,1
토스,요즘 잔액확인하기 어려워졌네요 새로고침해도 계속 오류가 뜨네요,1
토스,자몽다등 여러게들있죠 그것들 앱들 다 안되구요 송금도 안되구요 고객센터도 안되구요 참..,1
토스,"만보기때문에 쓰고 있기는 한데 직업 특성상 폰 없이 걸어야할때가 많거든요, 웨어러블이나 헬스앱 데이터도 연동되게 좀 해주시면...",3
토스,좋아요!!!,5
토스,그냥있어,1
토스,저기요. 왜 설치한지 몇십분이 지나도 왜 깔리죠?,1
토스,탈퇴할 때 재가입 시키면서 개인정보 팔이하는 업체,1
토스,"다른 건 다 좋은데 토스 쇼핑 멘트 보일 때마다 진짜 소름 끼칠 만큼 개구림... 예를 들어 화장품 제품이라고 친다면 달려있는 문장이 막 ""놀라운 아름다움 바를수록 생생해 깜짝"" 이딴 식인데 이건 뭐 번역체를 넘어선 특유의 거북스러움이 있어서 진심으로 너무 꼴 보기가 싫음;;",4
토스,아니 진짜 억울한게 제가 주로 폰을 주머니에 넣는데 근데 우연히 토스에 들어가서 비밀번호를 5번 이상 틀려버려서 삭제 하고 다시 해볼려고 하는데 솔직히 너무 억울합니다 근데 결국엔 삭제 했습니다 솔직히 10번 이상으로 늘려주세요,1
토스,민증인증 개판,1
토스,다양한 정보,4
토스,쇼핑을 한적도 없고 쿠폰을 달랜적도 없는데 강제적으로 알람띄우고 당장 센터는 내가 끄는 방법이 없대 니들이 꺼줘야 된대 것도 또 쇼핑인지 뭔지로 이동해서 통화하고 입력한정보 또 나불대야 하고 그걸또 기다리래. 정도껏해 포인트 몇십원땜에 이거쓰냐? 기본만하라고,1
토스,앱 버튼이 안눌려요ㅡㅡ,2
토스,아니 무슨 설치를 하니까 뭘 먼저 해볼까요 페이지에서 넘어가질 않네요. 쓰라는건지 말라는건지. 불편하게 만들어놓고는 무슨 혁신의 상징인 마냥. 바로 삭제합니다.,1
토스,토스하니까좋아요새로운가능부탁해요,5
토스,코스뱅크를 쓸수 없다면서 개인정보릉 확인하래요ㅠㅠㅠㅠ 토그뱅크ㅜㅠㅠㅠㅠ,1
토스,광고가 너무 많음 앱이 더러워짐,1
토스,이번 업데이트 99%에서 넘어가질 못하고 계속 오류 뜨네요..앱 삭제하고 재설치시 기존 정보는 유지되는건가요?,3
토스,"안녕하세요 토스 덕분에 편의점에서 지갑 없이 현금 뽑는 게 정말 편해졌습니다. 그런데 오늘 카운터 출금을 하다가 깜짝 놀랐습니다. 제 통장 잔액이 포스기 화면에 그대로 다 보이더라고요. 지인이 운영하는 편의점이라 제 자산 현황을 강제로 공개한 기분이 들어 너무 당황스러웠습니다. 금융 공동망 규격상 잔액 정보가 전달되는 건 알지만, 은행도 아닌 편의점 카운터에서 타인에게 내 잔액이 노출되는 건 사용자의 개인정보에 대한 배려가 부족하다고 느껴집니다. 토스 앱에서 '잔액 숨기기'를 설정했다면, 제휴사 포스기에도 잔액을 보내지 않거나 가려주는 기능이 꼭 필요할 것 같아요. 출금 성공 여부만 확인되어도 충분하다 생각합니다. 토스만의 '미친 사용자 경험'이 이런 세밀한 프라이버시 보호에서도 꼭 빛을 발했으면 좋겠습니다. 사용자 입장에서 꼭 검토 부탁드리겠습니다!!",4
토스,페이스페이 광고좀 그만 띄우세요 너무 편리해서 다른 거 다 좋은데 페이스페이 쓰라고 하도 강요하고 보여줘서 어플 삭제하고 싶어요. 페이스페이 안 쓴다고요,1
토스,ui ux좋아서 썼었느데 점점 앱 기능을 쓰레기같은걸 넣네 ㅋㅋㅋ 5천원 쿠폰 알람꺼도 계속띄워서 500원짜리 파스타 주문했다 너네는 손해좀 보자 ㅋㅋㅋㅋㅋ,1
토스,거래내역 보는 곳에 상위에 ← 이거 없애주세요. ◀이걸 눌러야 하는데 무의식적으로 저 화살표를 누를때가 많은데 화살표 대신 폰에 소프트키 써도 되니깐 제발 좀 없애줘요,3
토스,9 오류 아직 못고친건가 웹에서 아이패드로 증권하기 불편하네요,1
토스,UI에서 숫자 9만 폰트가 다르고 회색으로 붕 떠 있습니다. 확인바랍니다.,4
토스,앱 느림 교통카드 충전하는덷 30분 넘게 걸림,1
토스,업데이트가안됩니다 업데이트떠서하는데요ㅜㅜ,1
토스,계좌내역에서 잔액 숫자들이 깨져서 나오고 글자도 몇몇글자가 흐리네요.,5
토스,갈수록 이상한거만 늘리고 혜택 줄이고,1
토스,재밌어서 시간을 잃어버려요 ㅜㅜ,5
토스,증권에서 숫자 9 가 이상하게 보입니다. 너비 색상 모두. 20260401 현재.,4
토스,토스 잔액이 너무 늦게 떠요,4
토스,하단 쇼핑탭 광고 팝업좀 그만 띄워주세요 너무 불편해요 ui가 편해서 쓰고있었는데 진짜 업데이트 할때마다 이런식으로 선넘는 업데이트만 하니 너무 실망스럽네요,1
토스,카드 선결제를 주로 하는데 홈화면에 며칠뒤 나갈 카드값이 계속떠서 지우고싶은데 안보이게 하는방법이 있을까요? 지금은 카드 연결해제 했습니다,3
토스,실시간으로 오류가 많네요 숫자가 이상하게 보이고 구분하기 힘들어요.,1
토스,광고 개많고 쓸데없는 기능 개많음. UI도 꼴리는 대로 막 바꿈.,1
토스,고객을 1원 짜리 마루타 실험하는 앱. 이자받기 버튼 갑자기 숨겨놓은거 진짜 개짜치네.ㅋㅋㅋㅋㅋㅋㅋ 걸음 수도 일부러 측정 덜되게 잠수함 패치하고. 고객이 우습게 보임? 쿠팡같은 놈들. 반드시 결말이 비참하리라.,1
토스,계좌내역 보는데 숫자 9만 굵음처리 돼서 숫자9 들어가면 숫자들 사이에 띄어쓰기 돼서 이상해요 원래 안그럼,1
토스,타사앱은 실물금 g그램 입력하는 란이 있어서 날마다 금시세를 바로 볼 수 있고 자산이랑 연동이 가능하던데 토스는 실물금 입력란이 없나요?,4
토스,페이스 페이 광고 좀 작작해라!,1
토스,온갖 이벤트로 낚시를 했으면 안정적으로 실행되게 해야지 툭하면 끊기고 스트레스 받음. 금모으기 광고 만 계속 나오고 모으기가 안돼 얼마전 엔화 자동체결때도 어이없었는데 점점 왜 이러지?,1
토스,앱이 너무 지저분함,1
토스,"아 뭐여. 고양이미션하려고 매일 토스로 결제해서 사료랑 장난감 모아뒀더니, 이거 시간제한 생겼네요? 그동안 모아둔거 다 날아감. 별거아닌데 열받네",4
토스,교통카드 모바일티머니가 안 돼요 버그 같은데 고쳐주세요,2
토스,신분증 인식이랑 얼굴 인식 왤케 안되는거죠?? 업체를 바꾸던가 하세요. 수십번 해도 안되는건 문제가 있는거죠,1
토스,송금확인만 해라,1
토스,며칠 전만 해도 토스뱅크 이자받기를 누르면 일일 미션을 하던 곳으로 넘어갔는데 지금은 이자받기를 누르면 일일 미션하던 곳으로 넘어가질 않는데 일일 미션 없어진건가요?,2
토스,토스 가입?계좌?증권?때 세금을 낼 의무가 있는 국가 질문 나오면서 국가리스트 쫙 뜨는데 한국.대한민국.남한 선택목록이 없구 건너뛰기. 선택안함 하는것도 안보이는데 어떻게해야 다음단계로 넘어갈까요,5
토스,다양한 기능에도 직관적이고 깔끔한 메뉴 구성을 혜치지 않아 편리했는데 이번 업데이트는 홈화면에서 쓰던 기능들을 찾아 헤매고 있네요 억지스러운 자산편입 강요로 다른 앱들의 과오를 따르지 않기를 바랍니다 불편하면 안쓰게 됩니다,1
토스,자꾸 수쓰는것같은 느낌이 드네요. 고양이키우기에서도 그렇고.. 적당히 좀 했으면 합니다.,1
토스,삼성핼스랑 토스만보기걸음수차이가 천보이상 차이남 앱에서 배터리 제한없음으로해도 변화가없음 믿음이 안감,5
토스,만보기 복권은 또 나만 3원씩 쳐나오네. 이 앱을 5년은 썼는데 왜 나만 10만원 이상이 쳐 안나오는데? 크게 나오는 인간들은 니네 지인들 주작해서 뽑게해준거 아니냐? 복붙 하지말고 확률 제대로 공개하고 똑바로 해병해라. 그리고 내일은 나도 50만원 이상 나오게 해라,1
토스,"토스프라임 가입한 기억이 없는데, 왜 자동 결제 되어있는 거죠",1
토스,제발 재생 안되고 넘어가지 않는 광고 없애라,1
토스,어플글꼴 시스템글꼴변경되게해라 고딕중에서도 그지같은걸 만들어서 강제적용시키냐 가독성이좋아보여?안경바꿔라.이쁘지도않은걸 처만들어서,1
토스,덕질 저금통 12개까지 가능하게 해주세요!! 제발 플리즈 ㅠㅠ,5
토스,토스. 딴건모르겠고 혁신적인 모습은 인정함. 운영하려면 광고하는건 어쩔수없지만 화면에 팝업 등은 너무함. 선넘지 않는 수준에서 고객의 편의를 생각해주시길 바람.,5
토스,증권탭에 들어가지지가 않음. 업데이트 문제인가 싶어 업데이트를 하려는데 업데이트도 안됨 미친앱...,1
토스,[함께쓰는 캘린더 위젯크기 조절기능 추가 요청] 토스 모임통장의 함께쓰는 캘린더를 잘 사용중입니다. 예전에 접속이 복잡했는데 위젯을 만들어주셔서 아주 편리해졌어요. 그런데 갤럭시 기준 위젯의 크기가 2x2로 고정되어 있어서 배경화면에서 너무 많은 영역을 차지하고 있어요. 위젯의 크기를 2x1이나 1x1 등으로 변경할 수 있으면 사용성 개선에 큰도움이 될듯하여 제안드립니다.,5
토스,"정말 잘 쓰고 있는 앱인데요! 시간 날 때 아래도 살펴봐주시면 감사하겠습니다👀 1.토스 목돈 굴리기 기능으로 생성한 증권 계좌는 별명 설정이 불가한 점 2.고객센터 채팅 화면이 실시간이 아니라서, 푸시로 다시 열어야 새 메시지를 볼 수 있는 점 3.고객센터 채팅에서 메시지가 전송 실패했을 때 재시도 할 수 없고, 실패한 메시지를 화면에서 제거 할 수 없는 점 4.캡처 전달 요구 등으로 인해 고객센터 채팅에서 잠시 벗어났을때 플로팅 액션 버튼등을 표시해 바로 채팅 세션으로 돌아갈 수 있으면 좋겠습니다. 5.카카오뱅크 계좌의 잔고 조회가 유독 안됩니다. 매일 새벽까지 불켜고 잔업하시는 것으로 아는데, 정말 노고 많으십니다. 읽어주셔서 감사합니다.",4
토스,"하단 탭에 쇼핑 팝업좀 안뜨게 해주세요 ㅡㅡ 요즘 쇼핑 밀고있는것 같은데 팝업 잘못 눌러서 자꾸 들어가지는거 개짜증나네요 토스증권, 뱅크 앱 분리도 했으면 좋겠어요 토스증권 켜진 상태에서 토스 다른 기능 못쓰는것도 답답해서 증권사 갈아탈까 고민중이네요",1
토스,"매일 출석을 해야하는 건 알람 켰는데도 그 날 아예 뜨지 않아서 실패하고. 원하지도 않는 광고 알람은 하루에 두세건은 꾸준히 울리고, 서비스 품질이랑 고객센터 쪽 UI 가독성은 최악이라서 여러 은행 모아서 이체할 때 이외엔 안씁니다. 증권사 UI보면 충분히 편하게 가능한데, 그냥 기만하는 듯. 뱅킹 어플을 가장한 커뮤니티 사이트.",1
토스,혹시 고양이미션 종료 됐나요? 안 보이네요,1
토스,미니앱의 터치가 안되요.. 어제까지는 잘됐는데 확인할방법이 없네요,4
토스,"간편해서 좋아요. 시급한 금전 보내기 .축의,조의 표현이 쉽고 좋아요.",1
토스,금융미션이나 오늘의팁등 몇가지가 버튼을눌러도 화면이 넘어가지 않습니다,2
토스,"최근들어 특정금융정보법 어쩌구 하면서 개인정보 요구하는 팝업이 계속 뜨는데, 간편 송금/결제/자동이체 같은 건 사용 안할거라 그냥 건너뛰고 다른 용도로만 사용했습니다. 근데 지금 접속하려고 보니 개인정보 입력 안하고 넘기려면 어플이 자꾸 꺼지는데 진짜 이딴식으로 개인정보 입력 강요하지 마세요. 꼭 필요한 사람 아니면 입력 안할 권리도 있는 거 아닌가요? 이렇게 의무적으로 개인정보 갈취하는 거면 당신들이 보이스피싱이랑 다를 게 뭡니까? 어플 삭제하고 다시 깔아도 마찬가지던데. 애시당초 저 정보들이 반드시 필요한 메뉴에 접속했을 때만 팝업이 뜨도록 하시는 게 맞지 않나요? 어차피 안할건데 왜 자꾸 가장 먼저 저런 팝업을 띄우는 거죠? 하루 빨리 개선 부탁드립니다. --------------------- 동문서답하지 마세요. 특정금융정보법 개인정보가 필요치 않은 다른 메뉴로의 접근까지 막혀서 하는 말입니다. 팝업에는 개인정보 미입력 시 간편송금/결제/자동이체 이용불가라고만 돼있어요.",1
토스,배터리 사용량 보니까 28% 업데이트 하면서 어플 최적화 좀 부탁드리겠습니다 z플립4 / 안드로이드 16 사용하고 있습니다,2
토스,쇼핑 관련 팝업 작작 좀 올리세요.. 앱사용이 불편해요,3
토스,쇼핑 열었길래 구매해봤는데 판매자 관리좀 하세요. 테스트 여러번 해도 명백히 불량인 제품 교환문의 했더니 불량 아니라는 둥 교환도 안해줌. 첫 구매가 이러니 다음부터는 절대 이용 안 할듯.,1
토스,와 토스 처음엔 별로였는데 지금은 완젼 좋네요. 좋아요~!,5
토스,해외에서 결제 버튼이 맘대로 뜨고 끄는법도 모르겠음. 우선 앱 삭제함.,1
토스,초반에 비해 혜택은 계속 줄어들고 쓸 이유가 없어지고 있음,1
토스,쓸데없이 요구하는 정보가 점점 많아지고 쓰지도 않고 필요도 없고 관심도 없는 항목에 대해서 자꾸 가입 권유함 인증을 했는데도 다시 인증하라고 뜨면서 앞선 내용과 또 달라져 있음 이중으로 수작부리는 느낌임 한번에 되는게 없음 희대의 사기 증권은행 어플로 남을 것 같음,1
토스,어제부터 어플이 안 열려요 --> 토요일에 핸드폰 껐다 켜고 일요일부터 어플이 아예 안 열려서 토스쪽 오류인 줄 알았는데 다른 사람들은 잘 된다고 하더라고요! 다시 폰 껐다 켰더니 실행됐어요!,5
토스,"토스 포인트 모으기 앱들 전체 보기에서 순차적으로 뜨는데, 밀려나서 없어 지는게 아니라 다 볼 수 있으면 좋겠어요. 아니면 즐겨찾기도 좋구요. 기존 하던게 자꾸 밀려서 없어지니까 불편해요",4
토스,고양이 키우기 원 위치로 되돌려 놔요 쇼핑에서 시간 잡아 먹고 버벅됨 본 위치로,1
토스,"토스앱 10년 가까이 이용하고 있지만 요즘 들어 쓸데없는 광고와 기능들이 많아져 사용하기 매우 불편해졌습니다. 각종 대출, 금융, 보험 광고.. 기존 '간편 송금앱'이라는 취지가 매우 무색해 보입니다. 비록 큰돈은 아니지만 내 돈이 털리는건 아닐까 때론 걱정됩니다! 그래도 믿고 맡기는 송금 어플이었으니까요! 무차별 광고 말고 다른 활로를 모색해보는것이 어떠실지요? 귀찮았던 다른 송금 어플로 갈아탈까 고민 중입니다.",1
토스,렉 심하고 광고 봐도 보상도 안주는 경우도 많아지고 있음,1
토스,요 며칠동안 앱 사용할 때 글씨가 깨지는데 불편해요.. 고객센터 채팅으로 상담원 연결하려고 해도 챗봇으로만 얘기하니까 답답하네요..,2
토스,환급이네 뭐네 하면서 평균얼마받았다고 돌려준다고 하고 정보는 받아가고 항상결과들은 받을거 0원 ㅋㅋㅋ 그러면서 또 다른광고하면서 가입유도 ㅋㅋ 게임생겨서 게임하다보면 광고 폭탄나오고 엑스표 교모하게 작게해서 어플이동하게하고 이제 슬슬 유저들 늘어나니 장난질이 너무 심해지네요. 게임광고는 점검안하고 돈만주면 다 받나 대놓고 이상한 게임들 광고가 난무함.,1
토스,갈수록 앱은 무거워지고 오류는 많아지고 광고도 많아지고... 그런데 편의성은 점점 떨어지는 느낌,3
토스,해외에서 원활하게 사용할 수 있게 앱을 가볍게 만들어야 한다고 생각함 앱이 너무 무거워서 해외 나가서 쓰려고 하면 어플 켜는데만 한오백년 걸림 [추가]해외에서 시간이 돈이고 생명인데 저런 식으로 대처하라는 것 자체가 유저가 해외에서 사용을 할 수 있게 만든건지 의문이 들 정도. 어느 세월에 캐쉬 삭제하고 재부팅하고 있음. 차라리 다른 어플 사용하지... 광고 집어넣는건 과다할 정도인데 막상 필요한 건 제대로 사용하지도 못함. 아래 말한대로 했으나 여전히 먹통임,1
토스,해외 주식계좌 만드려할때마다 계속 오류뜬다. 한달째다 언제 고칠건데??,1
토스,업데이트 하고 나서 토스 홈화면에 이상한 오류가 뜨네요 하단에 사용되는 버튼들이 상단에도 나타납니다 이거 어플 디시 깔아도 똑같네요.,1
토스,에휴~~ 제발 만보기는 걸음수 기본앱(구글헬스나 삼성헬스) 를 연동해서 쓰는게 나은 것 같음. 이게 뭐냐? 제대로 만들지도 못하면서 뭐하는건지~~,1
토스,렉이 너무심하고 앱내 기능이 실행이안됨,1
토스,개인정보요구하는게 너무 많아요,1
토스,업뎃 이따구로할래? 계좌목록에 누르기 받기 이딴거 안없애? 미쳐가지고,1
토스,고양이 키우기 다시 원래대로 혜택에 있으면 좋겠습니다.불편합니다. 왜 자꾸 익숙 해질려고 하면 자꾸 바꾸나요? 다시 혜택 자리로 돌려주세요.,1
토스,글자가 깨져서나와요 하루이틀이 아닌데 못고치나요?,1
토스,좋은데 이벤트가..,4
토스,자꾸 배터리 용량을 많이 차지한다고 뜨는데 왜 그런건가요? 안그랬는데 갑자기 자꾸 배터리많이 쓴다고 폰자체에서 토스를 자꾸 튕겨 버리네요ㅡㅡ 나 토스 정말 잘썼는데...이건 불편해요...폰도 되게 뜨겁고...어케 수정좀 해줘요 잘쓰다가 갑자기 이러니까 좀 당황 스럽네요..,2
토스,"토스 여러모로 잘 쓰고 있긴한데.. 메모리를 혼자 1Gb를 잡아 먹고 있어요. 이건 너무 심한거 아닌가요. 휴대폰이 토스어플땜에 엄청 느려졌어요. 배터리 소모도 심해요. 인터넷에 같은 문제를 가진 사람들이 꽤나 보이던데, 문제가 커지기 전에 개선해야되지 않을까요?",2
토스,알람을 껐는데도 계속 동일한 알람이 옵니다. 어떻게 해야 되나요,1
토스,그 부모님께 알림가는것들 종류가 뭔가요.,5
토스,☆☆☆☆☆,5
토스,잘쓰고 있긴한데..요즘..포인트 받을때마다..느려터지고 광고는 더 길어져서 발암이네요~뭔 스트레스를 푸는게 아니고 스트레스 덩어리가 되어갑니다,3
토스,딴건 다 좋은데 로그아웃 좀 하게해주세요ㅜ,4
토스,"앱 사용 내내 오류 문제 터짐, 고객센터 대응 들어가서 뭘 하려해도 오류로 인해 들어가지지도않음, 이용 내내 로딩 표시만 뜨고 진행 안됨.",2
토스,좋아요,5
토스,개인정보입력하는데 집주소 동호수 안넘어가는데 어떻게하나요,1
토스,리뷰 보니 저만 그런게 아닌거같은데... 만보기 열심히 걸음수 채워서 복권 긁으려고 광고 보려고 하면 까만 화면만 나오면서 광고 재생도 안되고 안 넘어가고 뒤로 가기도 안됩니다... 고객센터에 문의해서 그 방법대로 해봤는데 소용 없어요ㅠㅠ 지금 몇개의 복권을 날린지 모르겠어요 아까워죽겠습니다.... 언제 고쳐지나요...,3
토스,이것저것 해보려는 시도는 좋은데 좀 적당히,1
토스,웹뷰의 굼뜬 반응성이 싫은데 네이티브 앱으로 만들어주면 안되나,4
토스,토스 버스카드충전 할려는데 안됨요 인식이 아예 안됨 만약 중요한 일이 있을 때 충전할 때 안되면 뭐 어디 갈 수도 없고 그 중요한 일을 못하잖아요 좀 고쳐주세요,1
토스,몇일전부터 만보기에서 누르면 광고가 안나와요,3
토스,만보기 복권 긁기누르면 광고가 뜨지 않고 검정 화면과 exit버튼이 없어 나갈 수 없는 버그가 있네요. 고객센터는 AI로만 연락이 돼 말이 통하지 않아 리뷰에 올립니다.,1
토스,"뭔 이런 이상한 앱이 다 있는지. 3천원 쿠폰 하나쓰겠다고 계좌 등록하니 결제하려니 계좌로 결재는 안된다, 토스 페이에 다른 은행 계좌 연결해서 토스페이로 결재하려미 해당 은행도 연결이 안된다. 결국 3천원 쿠폰 못 씀. 어쩌라고 만듬 앱이냐.",1
토스,만보기 및 운세 화면 광고오픈 연계시 광고화면 내 취소버튼 미존재로 되돌리기 불가로 강제 멈춤. 해당 광고로 무한로드 문제 심각함,1
토스,좋아요,5
토스,버스카드 충천 할려고하면 자꾸 문제가 생겼다고 하네요. 한두번 그런것도 아니고 매번 고객센터에 전화 넣어서 해결해야하는 것고 짜증나네요.,1
토스,현시간 토스 내 모든 메뉴들 클릭이 안됩니다.,1
토스,증권위젯이 왜자꾸 사라지죠? 버그해결좀 해주세요~ㅜㅜ,3
토스,어제부터 만보기 복권긁기 광고가 안 돌아가고 멈춘상태에서 앱에 터치가 안 먹히고 먹통이됨 여러번 앱을 다시 실행시켜야 겨우 한번됨,4
토스,4월 들어서 앱이 이상합니다. 만보기-복권긁기 터치하면 광고시작회면에서 멈추고 먹통이됩니다. ads served by meta 라고 맨밑에 조그맣게 나와있고 뒤로가기 버튼도 안먹어요. 며칠째 복권을 못긁고있습니다. 고쳐주세요.,4
토스,"토스증권에 검색, 금액 및 커뮤니티의 입력창이 이상한 스크롤창에 가려 제대로 입력도 안되고 아주 불편이 아니라, 사용하지 말라는 식으로 오류가 생김. 앱의 삭제후 재설치, 캐쉬삭제등 나름조치를 해봐도 여전함. 빠른 조치 원함. 증권거래하기 너무 힘들게 업데이트해 놓아서 아예 토스를 사용말까? 생각중.",1
토스,업데이트가 계속 안됩니다,3
토스,야 고양이 키우는데 찾기미션에서 3초 상품 구경하라매 ? 한 10초 쯤 들어가서 3초 세는게 13초 구경이지 무슨 3초 구경이고 ? 그리고 뭐이리 거짓말 탐지기가 많냐 1개만 하던지 뭔 10개를 보는데 8개나 나오노 ? 없애라 욕 나오기 전에 글고 게임하면 돈주는거 가능하긴하냐 ? 무슨 말도 안돼는 난이도를 시키고 앉았냐 ? 불가능한건 없애라고,5
토스,힘들게 걸어서 만보기 채우면 뭐함 ㅋ 복권 긁으려고 허면 검은광고화면 띄우고 아무것도 진행안되는데 ㅋ 괜히 힘빠지게ㅡ함,1
토스,고양이키우기를 쇼핑메뉴에서 하라??ㅋ,1
토스,편해요,5
토스,광고가 멈추어서 넘어가지가 않네요 ㅜㅜ 도와주세요 ㅜㅜ,5
토스,앱이 너무 무거워짐.. 다시 카뱅으로 감 ㅅㄱ,2
토스,광고너무많은데 심지어 작동안하는광고가 계속떠서 앱 사용이 안됨,1
토스,"사실상 결제 자체는 1번인데 내 소비에 들어가면 결제 내역이 2중으로 나와있어서 돈을 2배로 쓴 것 같은 기분이 듭니다 예를 들어 5만 원 짜리 식사를 1번 결제하면 출금된 돈은 5만 원이지만 내 소비에는 5만 원, 5만 원으로 총 10만 원을 결제했다고 내역이 뜹니다 그 중 1개를 지출 합계에 포함을 제외해서 한 달 동안 쓴 총 금액을 확인하고 싶어도 남은 1개까지 묶여서 합계에서 제외가 되니 불편합니다",1
토스,업데이트후 주식 검색창 검색을하면 화면이 짤림,3
토스,데이터를 예쁘게 빚어내기 위한 거대한 광고 실험 앱,3
토스,광고좀 그만 내보냈으면 함,1
토스,최근에 업데이트를 한 이후에 발열이 있고 배터리 소모가 큽니다,3
토스,로그인이 안돼요ㅠㅠ 버그인가요?,1
토스,"전체적으로 앱 사용성이나 인터페이스는 매우 만족스럽습니다. 다만, 투자자 수급 프로그램이 실시간으로 반영되지 않는 점은 상당히 아쉽네요. 다른 증권사들처럼 프로그램 실시간 현황을 즉시 확인할 수 있도록 빠른 업데이트를 강력히 권고합니다. 이 부분만 개선되면 완벽할 것 같습니다!!",4
토스,토스증권 전용 앱을 하루빨리 개발해서 만들어주세요,3
토스,광고든 ui든 사용자가 개짓거리 하게 유도한다. 조만간 삭제하고 걍 일반은행 쓸예정,1
토스,신분증 인증해도 계속하라고뜨는거 나만그럼? 이상해지고 렉도심해지고 걍탈퇴삭제함 딴거쓰면됨,1
토스,"요즘 토스증권 커뮤니티 분위기가 너무 망가진 것 같아요. 원래는 주식 정보도 얻고, 다른 사람들 의견 보는 재미로 자주 들어갔는데 최근에는 서로 조롱하거나 싸우는 글이 너무 많이 보여서 보기가 힘들 정도입니다. 심지어 실제로 만나서 싸웠다는 얘기까지 나오니까 좀 걱정될 정도예요. 주식 얘기보다는 감정 싸움이나 비꼬는 글들이 더 많아진 느낌이라, 예전처럼 편하게 이용하기가 어려워졌습니다. 좋은 정보 공유하는 공간이었는데 점점 분위기가 망가지는 것 같아서 아쉬워요. 커뮤니티가 계속 잘 유지되려면 이런 부분에 대한 관리나 제재가 조금은 필요하지 않을까 싶습니다. 지금처럼 계속 방치되면 이용하기 더 꺼려질 것 같아요..",4
토스,앱이 너어어어어어무 느립니다. 와이파이/데이터 상관없이 느린 걸로 봐서 앱 문제인 것 같습니다. 캐시도 지워보고 앱도 다시 설치해봤지만 느린건 매한가지네요. 광고든 게임이든 이것저것 하고 싶은 것은 알겠는데 기본적인 서비스를 쓰기에 너무 불편하니 유저 경험이 너무 별로입니다ㅠ,2
토스,안녕하세요? 그동안 잘 사용하고 있었는데...어제부터 앱이 이상합니다 저만 이상한가요? 검색하려고 해도 화면이 이상하게 보이고 물타기 계산하려고 해도 화면이 이상하게 보여 사용할수가 없네요.ㅠㅠ 앱 삭제 후 다시 설치했지만 그래도 그대로예요 어떻게 해야 할까요? 너무 불편한데 도와주세요,4
토스,토스 계좌뿐아니라 1원씩 광고보며 돈 모으는 재미도 쏠쏠 합니다. 티끌모아 태산이겠지만요 ㅎㅎ 최근에 바뀐것때문에 불편사항이 있어 리뷰 몇자 적어봅니다. 우선 만보기 복권 지울때 버벅거리는것 좀 수정해주세요. 그리고 버튼눌러 1등 만들고 포인트받기도 지금은 한번선택하면 바꿔선택못하게해뒀던데ㅜ전에꺼처럼 다시 광고하나 보고 다시 선택할수있는걸로 바꿔주세요 그래도 1년반 가까이 토스덕에 열심히해서 15만원 넘게 잘 모으고있습니다 토스화이팅!,4
토스,"애플, 갤럭시워치의 걸음수와 연동이 되지 않아 워치 차고도 핸드폰 들고 다녀야 하는게 엄청 불편함",3
토스,고양이 키우기 토스 쇼핑 미션 시간을 절반 줄여 주던지 횟수를 절반 줄여 주던지 해주세요.. 제가 저번에 2월 초 글적고 지금 까지 매일 하루 얼마나 걸리나 해보니까 전 미션은 어니지만 왠만하면 할수 있는거 다 하니까 한번 접속 하면 1시간이상 걸리는거는 다반서고 일주일 토스 접속 시간이 현제평균 24시간 입니다 이게 은행 앱인지 망해가는 방치형 게임인지 구분도 안갑니다 요즘 방치형 게임도 하루 숙제 시간이 30분을 안넘어갑니다 제발 토스 쇼핑 고양이 키우기 쇼핑몰 보는거 스크롤만 올려다 내려다 하지 긴시간 해둔다고 사람들이 보질 안습니다 바야 물건을 팔지요 볼수있겠금 수정 하시고 시간은 줄려 주세요 제발........,3
토스,토스 증권에서 커뮤니티 게시물 들어 갔다가 다시 돌아오면 스크롤 봤던 게시물 말고 위로 올라가는것좀 고쳐주세요 몇년째인지 모르겠네여.. 안고치면 카카오페이로 갈아탑니다.,1
토스,업데이트 하더니 많이 느려짐 쓰기 어려워짐 특히 광고가 관련되면 멈춤현상 생김 광고 할 거면 제대로 해야지 아무 광고 다 받으니 앱이 병맛,1
토스,좀더정확하게 찍어서 보이게 하면 좋을듯,4
토스,아니 업뎃하고 자꾸 튕기고 첫 화면은 들어가지는데 다른건 안들어가지는데 답답해 죽겠네요,1
토스,최근 미니맵이든 미션이든 자주 광고보기를 하면 x가 표시가 안되서 광고를 나갈수가 없어서 포인트를 모으려고 다시 나갔다 들어와야 하는 문제가 있어요 10번 중 3번이 그래요,3
토스,버벅거림이 심함 갤23 유저임,2
토스,왜?달러환율방만 먹통입니까?오류가 나는거면 다른방도 같이 오류가나야 맞는게 아닌지?아니면 누구가에 눈치를 보시는겁니까?중심을 잡으세요 금융회사가 중심을 못잡고 한쪽으로 치우치기 시작하면 그 반대쪽 국민들에게 버림받을수 있습니다.오류면 공지 올리시고요.,2
토스,월별 소비내역 전월비교 글씨 깨져요 한 자음만 나옴.. 채팅문의 상담사연결도 안되어서 여기남깁니다..,2
토스,대출금액 내역 덩그러니 전체사람 유출같은기분이들어서 내밀어다녀서 다보이고 숨기기는 커녕 보기도 사용 힘들꺼같해요,1
토스,"광고가 위에만 노출되다가 이젠 하단에도 나오네요? 하단은 선 넘었지 않음? 무료로 써서 이 정도는 그냥 넘어가야하나 생각해봤는데 사소한 스트레스가 매번 열때마다 쌓여서 누적되면 병원비가 더 나오겠음... 채팅 상담도 챗봇처럼 되어있어서 상담원 연결은 아예 하지도 못하게 바꿔놓고 UI,UX 관련 챗봇 문의도 못하게 해놓고 ㅋㅋㅋㅋㅋㅋ 카톡 마냥 개 돼지 색기들은 그냥 회사에서 해주는걸로 처써라 이거죠? 그리고 하단 광고에서 문구가 뭔 5천원 지급 미끼로 해놓고 페이스 패스인가 설정 유도 미끼 던지네요? ㅋㅋㅋㅋㅋㅋ 사용자에게 편의성 좋은 ui ux로 유명해진 토스가 어찌 이리 후퇴하나 ㅋㅋㅋㅋㅋㅋㅋㅋㅋㅋㅋㅋㅋㅋㅋㅋㅋㅋㅋㅋㅋㅋㅋㅋㅋㅋ 이거 만들어놓고 클릭수 올라가고 광고비 올라가고 페이스 패스인가 뭔가 하는거 급상승하니 수치로 보고 내부에서는 자화자찬하고 만족 쩔겠네요 ㅋㅋㅋㅋㅋㅋㅋㅋㅋㅋㅋㅋㅋㅋ",1
토스,홈화면에서 토스유스카드 충전할수있게 롤백좀 해줬으면 좋겠고ㅗ 과대포장한 광고좀 대문짝만하게 표시좀 하지마라. 킬때마다 스크롤 내려가서 터치실수한다.ㅗ,1
토스,즐거워요진짜루요ㅋ,5
토스,"얼굴인증을 왜하냐ㅡㅡ통신사들, 쿠팡 대기업들 다 해킹당해놓고, 이젠 얼굴 딥페이크로 국민들 사기치려고하니?",1
토스,메뉴 찾기도 어렵고 이게 광고앱인지 은행앱인지. 모든 은행 어플 중 최악,1
토스,그냥 좋아요,5
토스,토스방송보면 얻은포인트 보려고했는데 오류가뜬네여,3
토스,good,5
토스,세밀하게 설명,4
토스,아니 업데이트 하고 증권목록에서 매수 매도 창도 그렇고 글쓰려고하면 창이 위로 드레그 되서 화면에 보이지도 않게 되었는데 이걸 이용을 히나는건지 말라는건지...,1
토스,니들은 가서 신분증 검사 삭제나해,1
토스,"하.. 카톡으로 토스인컴 환급받기 메시지 받고 확인하기버튼누르거나, 유튜브띄워놓고 혜택받기하면 글꼴 밤티됩니다.. 업데이트했나요? 예. 싹 지우고 깔아봤나요? 예. 이거 그냥 님들어플문젠데 글꼴 자꾸 깨져요ㅠㅜ 이제 익숙해서 더짜증나요",1
토스,다 좋은데 카카오톡처럼 멀티프로필 기능 같은 게 있으면 좋겠어요. 왜냐하면 폰이 그사람 이름으로 된 명의 이름으로만 돼서 바꾸지도 못하고 불편해요 차라리 이름을 바꾸게해주세요,4
토스,"자녀 통장 연결 후, 2명 이상일 때(초등,중등) 급식과 시간표가 한 명의 것으로만 나오는 버그가 있음.",3
토스,뭐 뒤진 이벤트 자꾸 시키기 + 페이스페이인가 씨 ㅂ럼의거 자꾸 처묻기 + 쓸데없는 알림 전나울리기,1
토스,계좌를 화면에 보이게 해도 자꾸 자기혼자 사라지고 계좌에 돈이 있는데 돈이 없다고 결제가 불가능한건 무슨 경우인가요 진짜 어이가없어가지고..,2
토스,"지금 핸드폰이 고장나서 전화인증할때0,#,*밖에 못누르는데 00이 안나와서 계속돌라는데 전화인증기회가 없고... 전화인증기회를 좀더늘려주고 그냥 SMS인증만 하도록해주세요. 참고로 이거 탭인데 탭도 SMS만으로 인증할수있게 해주세요",1
토스,토스모바일 위젯이 안됩니다,3
토스,최악임 아무것도 할생각없는데 뭘해야 메인페이지로 넘어가네,1
토스,정말 좋은 앱인데 카드실적관련해 몇가지 제안합니다. 1. 카드의 혜택과 실적을 표시하는 부분에서 단계별 실적에서 받는 혜택이 어떻게 달라지는지 확인이 안돼 답답합니다. 1단계 실적 달성에 대한 혜택이 하단에 표시되고 2단계까지 얼마가 남았다고 나옵니다만 2단계를 달성하면 어떤혜택이 달라지는 확인이 안됩니다. 2. 실적이 바로 반영이 안되는데 자동으로는 안되더라도 새로고침해서 불러올 수 있으면 좋겠습니다. 3. 실적이 카드사앱과 토스가 달라 확인해보니 실적제외부부분을 고려하지 않았더라고요. 카드사와의 API를 통해 잘 구현하면 좋겠지만 정 이게 안된다면 총이용금액합계로 표시하고 실적금액/달성같은 표현을 하면 안된다고 봅니다. 잘못된 정보는 없느니만 못합니다. 4. 앱업데이트때마다 개선사항은 언제든 고객센터 찾으라고 하지만 앱개선 제안을 어디에 하는지 막연하네요. 앱으로 시도하다 포기했어요. 채팅상담이 있던데 선택만 계속하게 하고 챗봇 상담까지 갈 방법도 찾기 어려워요,5
토스,사장님이 친절하시고 빵 커피 맛있어용,4
토스,초창기부터 잘쓰고 있었어요 근데 광고 5초로 표기 해놓고 보니까 1분은 족히 넘어가네요 이쯤 이면 사기죠,1
토스,여러모로 도움이 되어요,5
토스,포인트 출금 수수료가 10프로네. 쓰레기앱.,1
토스,됐어요 만보기 안 쓰면 되죠,4
토스,토스 ATM출금 50만원도 출금하지 않았는데 앱을 닫았다 켜도 자꾸 한도초과라고 떠요.. 확인 부탁드립니다,1
토스,"폰트 및 디자인 깨짐 문제 해결안하나요? 글씨보는데 눈이 흐려 죽겠네요. 몇달째 안고치는건지 모르겠네요. 웹뷰영역인가했더니 그것도 아니고, 크로스플랫폼 개발 다 좋은데 디바이스테스트 잘좀해주세요",3
토스,별로. 개별로. 쓸데없는 업데이트만 잦고,1
토스,저기요 제가 미성년자라 부모님 동의 받아서 했거든요? 근데 왜 개인정보 다 맞는데 안된다고 뜰까요? 뭐가 문제인 걸까요? 진짜 개빡치네;,1
토스,토스 라이트 출시 원합니다. 너무 무겁습니다.,3
토스,잘쓰고있습니다.,5
토스,토스증권 접속해서 보유주식 커뮤등등 알수없는 오류라고 뜨고 튕깁니다 캐시삭제 등등 해봤는데 계속이러는데요? 고객센터는 채팅으로는 상담원 연결이 아예 불가네요..점점 사용하기 불편해집니다,1
토스,교통카드 잔액 확인할려고 카드 대는데 인식이 안돼요 결제는 잘만 되는데ㅔ,1
토스,토스증권 알림 설정 다했는데.. 팝업 알림이 안와서 상담센터 문의해도 답을 안주시네요. 폰설정이랑 앱설정 전부다 알림 켰는데도 알림이 오질않습니다 팝업형태로요,3
토스,토스 등록 안돼요,3
토스,라이브마켓 알림받기 오류 발생합니다,1
토스,엄데이트 안해야하는 앱,1
토스,광고알림를 끄면 또 다른 광고알림이 오고.. 또 끄면 또 또 다른 광고알림이 오고.. 맨날 알림 끄러 들어가는데 지긋지긋해 죽겠네요 👎,1
토스,글씨가 왜자꾸 깨져요 업뎃해도 그렇고 고쳐주세요,1
토스,업데 이후 이벤트 페이지 반복 오류가 자주 나네요,5
토스,토스 위젯 크기는 왜 바뀐건가요,1
토스,알람너무많아서못쓰겠음,1
토스,좋아요,5
토스,18살 개인사업자 운영하는 학생입니다 토스인컴이 미성년자는 안되어 불편합니다,2
토스,카드 실적 알림은 아예 없애버렸네?!! 좋은 건 없애고 왜 자꾸 쓸데없는 것만 늘지??,1
토스,"10초 상품 구경하고 1등 찾는거 안됨. 1분을 10번봐도 쇼핑 탭으로 넘어가 있을뿐..그리고, 일주일방문미션도 몇개는 아예 안됨. 날이갈수록 안되고 시간뺏는 버그만 만드는듯",1
토스,다른 어플보다 포인트 적게 주고 다른 사람 이랑 포인트 다르게 줌. 토스 자주 안쓰는 친구한테 포이트를 더 많이 줌. 예를들어 재물운 성공운 애정운. 나는 토스 5000만원 보유하고 자주 이용했는데 짜증나서 돈 다 빼고 어플 삭제함. 양아치 어플임.,1
토스,페이스페이 안쓴다고 쓰기.싫다고 강요하지마라 탈퇴해뿐다,1
토스,내 돈 돌려내. 로그인 안됨!!!,1
토스,백그라운드 배터리 사용량이 많다고 계속 경고가 뜨네요,1
토스,페이스페이 스캠앱,1
토스,포인트 모으기 부분에서 선정성 게임광고가 간헐적으로 튀어나옵니다. 사용자의 협조에만 의존하지마시고 대응 좀 부탁드립니다. 신고항목도 사진업로드도 안되서 제약이 많습니다.,1
토스,"고양이 키우기 혜택 좀 제발 신경 써주세요 보상내역은 너무 적고, 고양이를 레벨업하기 위해 경험치를 쌓게 할 장난감을 수급하기 너무 힘듭니다. 그리고, 구경하기 미션의 '5천원 상품 보기'의 10분 쿨타임 삭제해주세요. 그저 상품 구경하는건데 쿨타임은 왜 존재하는겁니까? 그리고, 구경하기 미션 보상 조건을 45초에서 20초로 줄여주세요. 45초 너무 깁니다. 그리고, 장난감 상자,레벨업 복권 확률 공개하세요. 공개하면서 공정위에 신고할겁니다.",1
토스,앱사용자관점에서 무엇이 편리하고 필요한지를 많이 고민하고 반영되는 앱이라 생각합니다,5
토스,토스쇼핑 툴팁 광고좀 그만쳐넣으라니까 뭔말인지 파악안된다고 멍청한척 못알아듣는척 하고있네. 너네들 잘하는거 담당부서 제품팀에 전달 어쩌고 그거라도 해라 ㅉㅉ 계속 모지리 흉내내는데 빨리 AI로 대체해서 인건비라도 아껴라,1
토스,토스간단하고사용하기편함,4
토스,티머니 기능 오류나는것좀 해결해주세요,4
토스,광고보다 화면돌아오니 폰트가 지지직거리면서 노이즈가 많이생김. 다른어플들은 이상없는데 이어플만 이러한증상이 생기네요? 이런버그좀 고치세요,1
토스,출석하기에서 진행이안되네요 이거왜이럴까요 ㅎㅎ 얼굴 등록도안하고 결제수단등록도안했는데 오늘 페이스페이성공햇습니다 고생들이많으시네요 감사합니다 내가적금이 일억가까이있는데 직업없다고 휴면계좌해제안되는 카카오뱅크꺼져라하고 토스뱅크써서 편의점atm수수료무료출금성공했어요 토스좋네요 감사함니다 페이스페이하러가서 라때한잔공짜로마셨어요 토스번창하세요 ㅎㅎㅎ감사합니다,5
토스,"3초 상품 구경 ▶ 네이버 보안확인이 계속 뜹니다. 답을 적어 통과하면 끝이 아니고 다음 상품에도 또 뜨는건 너무 심하네요. 이 부분은 꼭 해결해야 할 거 같네요. 네이버와 협의를 하든, 잘 모르지만 토스에 네이버 로그인이라도 하게 하면 그런 보안확인은 안 뜨지 않을까요? 【보안 확인을 완료해 주세요. 이 절차는 귀하가 실제 사용자임을 확인하여 계정을 안전하게 보호하고 스팸을 방지하는 데 도움이 됩니다. 가게 전화번호의 앞에서 1번째 숫자는 무엇입니까?】 / 너무 오래 한 상품에 막혀있으면 '지금은 구경할 수 없는 상품' 뜨면서 자동으로 넘어가게 할 수도 있지 않나요? 이미 그 기능이 있던데 네이버 보안확인에 막히면 시간이 너무 많이 소모돼요 / 근데 사실 토스에서 오늘 광고할 상품을 미리 정해놓으면 '구경할 수 없는 상품'에 우리 모두가 무의미한 시간낭비하지 않아도 될 거 같은데요 / 3초 후 다음상품 넘어가는데 7초나 걸리는데 너무 길어요. 3초 정도면 적당할 거 같습니다.",3
토스,좋았었는데 점점 불편해지네요 부동산 시세도 진짜 쌩뚱맞은 금액이 실거래가로 떠요 수동으로 자산 등록하는 기능도 없어졌어요,1
토스,좋고 편리하긴 함. 근데 제가 지금 청소년이라 토스 아이 통장으로 토스뱅크를 하고 있는데 친구한테 돈을 보낼 때 지문이 아니라 계속 비번으로 치라고 해서 너무 번거로움. 지문으로 송금은 유스만 되나? 어쨌든 아주 만족 중 24년도부터 사용 시작함😅,5
토스,토스 증권 MTS 쓰레기임. 호가창 수량도 안나오고 느려.다른 증권사 MTS 보고 배워라. 이러고도 월급은 꼬박꼬박 받겠지.ㅉㅉㅉ,1
토스,"가상자산 서비스도 연동, 신용카드 할부 결제는 매달 1달치 요금만 내역에 뜨게 하기, 어플내 글씨가 깨지네요;, 토스 알림 너무 많이 떠서 괴로워요!;;",4
토스,이거 쇼핑앱인줄 몰랐습니다.,1
토스,굉장히 좋습니당. 근데 만보기에서 연속 157일인가 만들어 놨는데 갑자기 하루아침에 3일이 됏습니다.,5
토스,오류 많아도 ui편해서 못 떠나고 있었는데 이젠 옮기기로 함.작년 미장 대금 천억 넘어가는데 협상 수수료 꼴랑 0.07이 끝..전화하니 고객님 보다 대금 많은 분들도 있어요~ㅋㅋ헤비트레이더 대우를 너무 안 해주는 거 아닙니까!! 유저가 늘어나니 불필요한 오류만 많아지고 상담 연결도 기본 20분에 배짱 장사도 정도껏이지 앞으론 커뮤만 보는 용도로 쓸 예정.,3
토스,쇼핑탭에 쿠폰 어쩌고 툴팁 그만 뜨게 해주세요 제발. 무슨말인지 알면서 왜 모른척하지.. 또 무슨말인지 알면서 모른척하네,2
토스,광고 진짜 너무 심해짐.... 광고 나오는건 이해하는데 5초만 보는 것도 아니고 X표시도 한참 후에 뜨고 심지어 이상한 광고들도 많이 나옴.. 광고 진짜 점점 심해짐...,2
토스,모임통장을 계좌순서변경으로 상위에 올려도 내계좌리스트 밑에 뜹니다. 원래 안이랬는데 수정된건가요? 너무불편해요,1
토스,계좌이제가안되요,5
토스,진짜 다~~~ 좋음. 편안함. 공과금도 한번에 내버리고. 상세하게 보여서 좋아요. 제일 중요한건. 381일째. 만보기 했지만. 제일 많이 받은게. 100원... 참... 하하.. 희망고문..ㅠㅠ,4
토스,페이스페이 가입 목적으로 포인트 주겠다고 낚시하듯 속이는 이벤트 하지마. 별 하나도 아깝다.,1
토스,갤럭시 워치랑은 연동이 자주 끊기는듯 해요 삼성헬쓰를 통해서 연동돠는걸로 알고 있는데 1만5천보 걸었는데 토스만보기는 8천보에서 더이상 안움직이네요 핸드폰을 들고 다니면 올라가고 워치는 8천보에서 끊겨요,2
토스,인앱 팝업 광고 좀 없애라 제발!!!!!! 쇼핑 지원금 5천원 지겨워 죽겠네 광고 하면 하는거지 왜 다른 기능 들어가지도 못하게 가려놓냐!!!!,1
토스,토스에서 뭘 해볼까요는 뭔데 너네 서비스 강요하냐? 토스뱅크 계좌 안 만든다고,1
토스,"위젯에 ""토스 증권 환율""도 만들어 주세요. 위젯 누르면 증권 환율 바꾸기로 바로 갈 수 있었으면 좋겠습니다",4
토스,증권은 어떻게 손댈때마다 역행 하나요... 이번엔 또 가격알림 창을 왜 손댔는지... 가격 알림 종 버튼만 누르면 딜레이 걸림 하.... WTS 아래에 지수 슬라이드 선택 옵션도 없고... 기본적인거 부터 개선 합시다,1
토스,악질이다 너네 광고 알림을 몇개를 쳐 보내는거냐 문구마다 차단을 하게 해놨네 +3월 27일 이후로 알림 차단을 못하게 해놨네 쓰레기네 이거,1
토스,홍신기 비밀번호,5
토스,s8+에 잘 사용해왔는데 3월25일이후경부터 토스 사용중에 기기 리셋이 되네요. 토스 사용중에만 그래요,3
토스,토스쇼핑 광고를 도대체 몇번을 띄우는 겁니까? 다른 알람은 끌 수라도 있게 되어있는데 쇼핑 알람은 끌 수도 없게 매번 들어올 때마다 똑같은 쿠폰 광고 또 보고 또보고 짜증나 죽겠네요 토스앱 이용자가 토스쇼핑만 쓰나요?? 유저가 느끼는 불쾌함과 불편함은 고려 안하고 도대체 뭐하는 짓거린지 모르겠네요. 빠른 시일 내에 시스템 개선 좀 하세요,1
토스,이번달 들어오면서 부터 엄청 느려짐,2
토스,농협 입금 내역이 불러오기를 해도 잘 안뜨네요;; 어제 입금 됐는데 안떠서 당황스럽습니다,3
토스,초기화면에서 계좌 및 투자를 한눈에 보는 게 힘들어요.,3
토스,"업뎃 할때마다 문제가 생기네요,, 지금 고양이장난감받기와 걷기에서 광고를 5번이상봐도 나갔다 돌아와도 계속 광고만 나옵니다,, 언제나 늘,,,,또또 진짜 업뎃하거나 하고나면 광고를 몇개봐도 제자리,,,그냥 늘리지를 마세요,, 손만대면 마이너스 신듯하니까??",2
토스,추가 260326 ㅡ 광고 보기가 힘들어지는 거 보니 엘포광고하는 자가 토스로 온듯~ ㅡ홈화면에서 접속할때 만보기만 되는거 별로임. 내가 원하는 토스화면으로 들어갈수 있겠금 해주면 별 상승 가능. 함께토스켜기는 사기 좀 그만 하면 좋겠음,2
토스,"토스 잘쓰고있습니다. 다만, 페이스페이 자꾸만 가입하라는데 그거좀 안하면 안됍니까?? 정보유출에 민감한 이시국에 꼭 그기능을 추가해야겠어요?",4
토스,토스 잘 사용하고 있어요! 그런데 최근 들어 앱 접속하면 모든 화면에서 글씨가 겹쳐보이거나 깨져 보이는 현상이 있어요. 최근 나온 업데이트까지 다 진행해봐도 계속 변함없이 글자가 지지직거리는 느낌이네요..? 글씨체가 변경되었나 싶었지만 확실히 글자가 이상하게 보입니다. 다른 앱에서는 그렇지 않구요. 현재 플립 7 사용중입니다.,2
토스,"데이터 통신, 휴대폰 용량 문제와 관계없이 증권 화면 전환시 최소 10초 이상 걸릴 때가 종종 생기는데, 동시 접속자 수가 늘어져서 어쩔 수 없는 건지가 궁금하네요..",5
토스,"다른 부분들에서 기능도 좋고 혜택을 받을 수 있게 하는 부분은 좋았습니다. 다만, 행운복권은 계속 되돌임표로 되는 경우도 많았습니다. 또한, 결제 시 혜택을 받고싶어서 진행을 하는데 어디에봐도 최초라는 문구가 없어서 기존에 사용하는 결제 혜택을 준다해도 해지 후 재가입 시 토스로 하였습니다. 그런데 혜택을 받지 못하여 문의를 남기니 기분 나쁘게 내뱉는 말투와 어디에 문구가 기재되었는지 사진 요청을 하여도 경로 직접가서 봐라해서 봐도 없어서 사진을 요청했는데 있으니 가서 보라고만하고 사진을 전달하니 내용이 거기 있다고 짜증만 냅니다. 실제 문구 확인시에는 최초가입.재가입에 대한 내용없이 그냥 현재 사용중일 경우만 기재가 되어있는데 최초가입이라고 우기시고, 재가입 부분에 대해 언급하니 제가 가입 후 만들어젔다고하더라구요. 혜택을 주실거면 문구는 혼돈 없게 기재 좀 부탁드리며, 상담을 하는 이유는 모르니까 해답을 위해서 문의를 하는건데 오히려 기분 나쁜티만 내시니 상담의 의미도 없습니다",1
토스,증권 커뮤니티에 주주만 글쓰게 하던지 주주글만 보기 옵션을 좀 만들어요 네이버에는 주주 인증해야 주주채팅방 들어갈수 있는데 토스는 주주 아닌것들도 글쓰니 개판입니다,1
토스,5000원 지원금 팝업 좀 그만 뜨게 해주세요,3
토스,간편하고 편리합니다.,5
토스,출자금도 자산에 포함 시킬수 있게 업데이트 좀 해주셈 ㅜㅜ,4
토스,작은 글씨들이 깨져보입니다.,1
토스,모든계좌가 한꺼번에 포인트 연결이 되길 바래요 🙏,4
토스,요즘 튕기는 현상이 자주 발생합니다. 이런적이 없었는데 삭제했다 다시 설치하는 것도 일이네요...,3
토스,기능은 많으나 불안정함,2
토스,농협 점검 관련 공지사항 없냐니까 새벽부터 해서 언제 끝날지 모른다고 헛소리만 하네여 새벽부터 문제 있고 아직까지 처리 안된거면 심각한 문제 아닌가여? 이상한 광고 팝업만 띄우지말고 중요한거 공지나 해주지,1
토스,토스증권 알림 현재 오류 난거 같은데 어째 처리가 됩니까 빠른 확인 바랍니다. 지정가 주식 지정가 알림이 아침에 최고가 에러 나다가 이제는 아예 오지도 않는데 빠른 처리 바랍니다.,1
토스,토스 오픈하면서 쭉 쓰고있는 유저입니다. 그동안 많은 발전이 있었습니다. 쓰면서 불편한점을 말하자면 내계좌 전체를 보면 업데이트를 밑으로 드래그해야 업데이트가 내역 업데이트가 가능한데 편하게 업데이트 아이콘을 상단에 만들어 배치해주시면 모든 사용자가 더욱 편하게 쓸거같아요. 의견 반영좀 부탁드려요.,5
토스,여전히 범죄자들이 좋아하는 최고의 앱,1
토스,토스 요새 일 똑바로 안하나요? 이상한 알림 이상한 짓거리 한두번이지 왜 계속 실수가 반복되나요? 환율 사건도 그렇고 한강 수온에 오늘은 최고가 최저가 알림까지 엉망이네요? 한두번은 그러려니하고 넘어가는데 한달사이에 계속 이러면 다른데로 넘어갑니다. 편의성 때문에 ISA 안되는데도 토스증권 남아있는건데 이따위 신뢰성이면 안쓰죠,1
토스,회원탈퇴하기는 없나요?,1
토스,❤️,5
토스,계좌내역 업데이트가 몇달전부터 잘 안되네요,1
토스,"일봉 주봉 월봉 년봉 차트 볼때는 문제가 없는데 몇일전부터 분봉 차트로 넘어가기만 하면 화면이 멈춘후 뜹니다 로딩이 느리다고 해야하나?? 그전이랑 똑같은 환경에서 계속 쓰고 있었는데 왜 그러는걸까요? 핸드폰이 3년정도 썼는데 오래써서 그런가싶어 진짜 핸드폰도 바꿨습니다 그런데 똑같습니다 ㅡㅡ 이거때문에 지금 손해가 이만저만이 아닙니다 토스 분봉만 아니면 핸드폰 전혀 안바꿔도 될 상태였고 저는 분봉 위주로 보고 매수 매도하고 주로 활발한 시간대에 합니다 토스캐시삭제,캔들스타일,안드로이드웹뷰캐시삭제 등 다해봤는데 안됩니다",1
토스,사람인 들어갔잖아 포인트 줘라 왜 안주는데 ? 한참을 기다려도 포인트 줄 생각을 안하네,1
토스,잘사용중인데 얼마전부터 풍선팝업 수시로 뜨는거 정말 스트레스네요. 개발자 도대체 무슨 생각으로..ㅠㅠ 그리고 토스증권 장시작할때 제발 렉걸리는거 해결좀.. 좋았던 토스 어플이 점점 산으로 가는 느낌이 듭니다.,2
토스,배당금내역 종목별로볼수있는거 수익율년별로나눠볼수있는거전부다아주맘에듭니다 근데 왜 완료된주문에서 내가 얼마를 샀는지는 합계가안나올까요? 종목별로매달 얼마를추매했는지 년별로 얼마를매수했는지도 볼수있으면 좋겠습니다 감사합니다 또 원하는거있으면 오겠습니다 더좋은 서비스가나오는곳으로 옮기고싶지않습니다,4
토스,요즘따라 버그가 심해진 거 같아요,3
토스,증권쪽 주식 주문이 너무 불편해졌어요..,2
토스,"토스적금 넣을때 잔액없으면 부족하다고 알림이라도 안알려줍니까? 미리적금 입금했는데 정작 입금당일에 돈이 없다고 아무알림도 없어서 놓쳤습니다.다른은행에 돈이 있었는데,,, 덕분에 만기5개월 남은 시점에 무려 40%의 이자가 공중으로 훨훨 날아갔네요. 날아간 40%이자로 토스 직원들 호의호식에 도움이 되서 아주 좋겠습니다. 빨리 만기가 돌아와서 60%이자나 받고 토스 어플 삭제할날만 기다립니다.",1
토스,앱이 리소스 사용량 높음으로 배터리 잇슈는 언제 해결되나요?,1
토스,왜 RIA계좌 개설이 안되나요? 다른 증권사는 벌써 개설 가능하던데. 이러다 토스증권에 있는 해외 주식 타증권사 RIA로 옮겨서 팔아야할 지경이네요,4
토스,요즘 토스 오류 자체가 너무 많아진 것 같습니다. 혜택 부분에서 포인트는 두채치고 오류가 너무 많아. 문의를 드려도 제때 해결이 안되고 전화도 안 받고 카톡을 해도 응답도 없고 어떻게 해결하라는 말이죠? 매번 전화를 할 때마다 항상 모든 상담사가 통화중이라고 말만 나오고 제가 근로자여서. 낮에는 전화하기가 힘든데 낮이든 밤이든 전화하기가 너무 힘들어요. 밤에 퇴근하고 카톡을 해도 다른 상담사 연결해 준다고 말만 해놓고 깜깜 무소식입니다... 그래 그리고 혜택마다 담당 부서가 다른 건 알겠지만 딱히 표시를 해놓은 게 아니면 고객 입장에서는 어디 부서에서 해결해 주는지 잘 모르죠. 명시가 돼 있으면 몰라도,1
토스,미션을 불리하게 많이 줄여 놓고 볼일보고 나서도 광고가 하나할때마 계속 뜨네요~다시 한번 말하지만 광고를 줄여 주시길 바랍니다,1
토스,미성년자 토스 증권계좌를 부모 기기에서 개설하고 자녀 기기에서 계좌를 사용하려고 하면 계좌가 잠겼다며 본인 신분증 인증을 하라고 합니다. 당연히 계좌개설에 청소년 측 신분증이 쓰이지 않았으니 자녀계좌 인증한 부모 신분증으로 하면 인증이 되지 않습니다. 계좌를 개설을 해도 자녀 기기에서 계좌를 사용할수 없게 막아놓았는데 어떻게 사용합니까? 아무리 서치와 시도를 해봐도 계좌 전환이라는 방법 자체가 없으며 자녀 기기에서 되도 않는 신분증 인증을 하라고 하고 신분증 인증을 하여도 이미 개설된 계좌라는 소리나 내뱉습니다. 이미 개설된 그 계좌라는건 인지를 하고 있으면서 왜 계좌 사용으로 연결되지 못하게 하는거죠? 자녀 계좌라며 자녀 기기에서 계좌를 로그인하지도 사용하지도 못하게 막아놓은 이유가 뭡니까?,1
토스,"입금은 빨간색, 출금은 파란색으로 설정에서 변경할수있게 해주세요! 토스 컨셉이 파란색이라고 입금을 파란색으로 표시하면 어떡합니까! 토스사용한지 몇년되었지만, 파란색 입금은 아직도 적응이 안됩니다! 통장내역에 파란색 보일때 마다 아직도 가슴이 철렁합니다!!",1
토스,"토스페이 가입하라면서 주는 쿠폰을 지원금인 것 마냥 홍보하고 그 쿠폰도 계속 쓰라면서 끊임없이 알람을 보냄 자기들 통장 상품이나 다른 것들 가입시키려고 ㅇㅇ게임, ㅁㅁ게임이라며 포인트를 준다는 식으로 앱 이용자들 우롱 문체만 '~했어요.', '~할게요!'처럼 예쁘게 하면 뭐함? 행동이 역겨운데",1
토스,가족인증할때 계속 로딩에서 멈춤,2
토스,광고 뜨는데 시간이 너무 많이걸림,1
토스,아니 결제 한적이 없는 것들이 결제 되어있고 환불도 못하고 업데이트도 안되고 뭔 앱이야,5
토스,지원금 5000원 알림을 꺼도 계속 뜨네요 빡치게.,1
토스,페이스등록하라고 그만좀 띄우세요 불편해죽겠고요 집에서 안씻고 편하게 폰만질때도 잊을만하면 신분증이랑 본인확인한다고 찍는것도 불쾌합니다 토스어플에 뱅크에 증권에 다쓰고있는데 적당히좀하세요,1
토스,앱은 좋은데 광고좀 그만 보내세요 제발. 돈벌어야 하는건 알겠는데 짜증나서 앱 지우고 싶습니다. 다른 동종 업계 앱이 이상하지만 않았으면 바로 지우고 다른걸로 갈아탔어요. 하긴 못 갈아타는걸 아니까 이렇게 만들었겠지.,2
토스,쇼핑 알림 그만 띄워,1
토스,이 앱은 업데이트하고 나면 안 되는 게 더 많은 것 같아요.,3
토스,클로버 이딴거 왜 넣는거야. 눈 아파서 하다까 껐네. 언젠가 토스증권에 투자 한 돈 다 다른 곳으로 옮긴다.,1
토스,그동안 잘썼는데 며칠전 업데이트 하더니 타증권(신한) 잔액?연동이 잘안되네요. 꼭 신한으로 다시 들어가서 확인을 해야하니 귀찬고 짜증납니다...ㅠ 고쳐주세요!!,1
토스,"5초광고면 5초후 자동으로 꺼져야죠. X버튼 잘못누르면 광고 또 10초넘게 낭비. 그X버튼 타점도 이상해서 높은확률로 시간낭비 유도 \ 틱톡은 광고후 X버튼 대신 뒤로가기 버튼만 써도 됨 \ 만보기▶(광고보고 1원받기) 중앙하단버튼 누르면 '바로' 광고라 좋은데 왜 X버튼은 우측 상단에 있나요. X버튼을 중앙하단에 둬야 편하죠. 굳이 이런걸로 불편하게 할 이유가 \ 고양이키우기 왼쪽상단 제작완료 버튼▶가운데하단 받기 버튼(짧은광고 보면주겠다냥)▶광고후 닫기버튼은 보통 우측상단. 이쪽저쪽 극단이라 손가락에 부담이 가네요. 애초에 가운데하단 받기버튼이 왜 필요하죠? 제작완료 버튼 누르면 '바로' 광고로 가야죠. 5초광고에 단계가 자꾸 추가되면 시간이 너무 소모됩니다. 굳이 있어야 한다면 주겠다냥 받기버튼을 제작완료버튼이 있는 좌측상단에 두거나, 반대로 제작완료버튼을 중앙하단으로 옮겨서 통일시켜야죠. (원래 중앙하단에 있는 사료,장난감 먹이는걸 좌측상단으로 서로 바꾸면 되겠네요)",2
토스,쇼핑 안써요 알림 팝업 광고 등 좀 과합니다,1
토스,별거 아닌것 같아도 그냥 편하게 쓰던게 위치가 바뀌어버리면 불편하게 되거든요... 업데이트를 그런걸 하지말고 필요한것만 하세요 제발... 진짜 별거 아닐 수 있는데 고양이 키우기 쇼핑으로 위치 왜 바꾼거에요.... 혜택에 있는게 편한데..,1
토스,새로 바꾼 s26 울트라에서 계속 배터리 사용량이 많다고 배터리 제한모드로 추천됨,4
토스,통장 잔액 불러오는게 너무 느립니다. 오전에 입금 된 내역이 오후가 되어도 내역이 반영이 안됩니다.,3
토스,쓰레기,1
토스,직접 깐 앱 악성앱이라고 알림 미친듯이 오질 않나 중요알림 껐더니 앱내 알림으로 계속 뜨질 않나 정작 악성앱 검사하면 나오지도 않고 되도 않는 권한 가지고 악성앱이라 우기지 좀 말았으면. 알림 봤으니까 좀 끌 수 있게 좀 합시다,1
토스,잘하자,1
토스,멀하든지금세탁팀 거기서는 무조건 거절이넼ㅋㅋㅋㅋ진짜답없다 멀더보여줘야대는데?? 소비자들 1도생각안하고 머하는거임 고객센터도 같은말만하고 답도없네,1
토스,사용하기 편하고 제일 좋은 것은 토스앱 하나면 여기저기 로그인 안해도 되서 좋아요~~~,5
토스,"고양이 키우기에서 사료랑 장난감 사용기한을 하루로 해두고 레벨업하거나 다 키우면 완전 리셋 시키는 건 좀 아니라고 생각합니다. 사라지기 전에 거의 600 가까이 에너지 모아뒀는데 고양이 다 키웠으니 아예 리셋이라니, 그럼 기간을 없애야하는 거 아닌가요...",3
토스,이 쓰레기 앱은 이제 결제도 안되네 ㅋㅋ,1
토스,이딴게 금융앱이냐 광고앱이지. 지들이 잘못해놓고 고객들 돈을 마음대로 건드려?,1
토스,업그래이드 후 증권거래편의성 면에서 매우 불편,1
토스,얼마전부터 글자가 깨져보입니다. 관련 문의를 하려고 해도 채팅으로는 할수가없네요; 꼭 해킹당하는것 같아서 불안하고 기분이 나쁜데 해결방법이 없나요? 어플 캐삭도 해봤는데도 똑같이 텍스트부분만 깨지네요..,1
토스,잘 쓰고있습니다 다만 요즘 친구와 함께 토스켜기 기능에서 분명 주변에 토스 켠 친구가 있다고 뜨는데 10번 누르면 실제로 친구가 뜨는 경우가 1번 될까말까 한것같아요,5
토스,잔렉이 많음 / 제공하는 서비스 이용하려 하면 접속이 불가능한 페이지가 자주 뜸 10번 하면 제대로 접속되는건 1번 뿐 쓰지마세요,1
토스,알리에서 토스로결제넘어갈때 토스홈피만뜨고 결제로안넘어감,1
토스,얼굴인식이 엄청 안되네요. 다른 방법으로 인증하려고 주민등록증을 촬영했는데 어차피 실물 얼굴이랑 맞춘다고 얼굴인식 과정이 또 있네요;;,1
토스,굿ᆢ,5
토스,"잘 쓰고 있지만 수정해줬으면 합니다. 공과금 즐겨찾기해서 지로번호 등록 가능하게 하거나 납부내역에서는 지로번호 없어서.. 불편합니다. 매달 내야하는 세금인데 등록하거나 지로번호, 전자납부번호는 저장되게 해주거나 납부내역에서 볼수있게 해줬으면 좋겠습니다.",3
토스,토스증권 기관투자현황에 가로횡스크롤 넣어주십시오. 자료 짤렸어요. 그리고 사용자 사용하기 쉽게 설명 꼭 넣어주시길 부탁 드릴께요.,5
토스,소비자를 사람으로도 안 보는 기업. 사상최악.,1
토스,잘하고 있는데 상품 구경하고 포인트받기에서 같은옵션선택하기? 그 메뉴에서 40개골라야되는데 '현재서비스접속이불가합니다.' 이게 너무 마니나오네요 그럼 오전은 11시59분까지 너무 촉박합니다 이게 수정될 수 있음 좋을거 같아요~~~,2
토스,"갑자기 기능 일부가 터치안됨, 오류",1
토스,좋습니다,5
토스,"내 연봉정보는 상위 몇% 일까요? 이런식으로 광고해서 들어갔더니 내 개인정보 제공 동의 받아서 연봉 조회하고 끝임. 내 연봉을 누가 몰라... 상위 몇% 인지 궁금하다는 건데 개인정보만 털어먹고, 연말정산 환급 서비스 이용하라고 광고하고 끝나네. 토스가 합리적인 서비스로 진짜 좋아하던 앱인데, 요즘 이런 사례가 종종 생겨요. 이제 토스에서 뭐 한다고 하면 걸러야 할 것 같네요..",1
토스,전에 카페 쓸때 세금내라고 알람와서 세금내려고 알람 눌렀더니 시스템 점검중이라 토스로 요금내면서 카페 머라했는데 이제 토스가 그 비슷한 짓 하고 있네요 알람을 보낼때 시스템 정상일때만 알람보네게 체크한번 하고 보내면될걸 왜그러나요? 에러체크 한번 안하니 그런 사고도 나는거지,1
토스,아니 돈 모으고 있는데 갑자기 돈도 안썼는데 갑자기 썼다고 돈 날라감,1
토스,"일주일방문미션. 저만 그런가요? 미션하러 갔다오면 로그인하라고 해서 2단계로 보안 낮췄더니, 계속 초기화 되고 하라는거야 말라는거야.. 주말 내내 짜증나네.. 잘 쓰고 있었는데 점점 탈퇴하라고 하는거 같네..",1
토스,진짜 그냥 최악이에요 신분증을 찍어서 인증해야만 계좌 사용이 가능한다해서 찍어서 인증하려고하니까 모서리 부분 조금 훼손 된게 ai가 인식을 못한다고 신분증을 새로 발급받아야하는게 맞나요? 신분증이 없는것도 아니고 고객센터에서는 할수있는게 없다는 말만 하시네요,1
토스,리뷰 다시 남깁니다 요즘 들어 토스 로딩속도가 느려지고 내역 불러오는게 느려졌네요? 오만 광고랑 패이스페이 써야 쿠폰가능하고 필요없는 알람만 엄청 보내고 금융앱이 금융 기능을 해야지 광고랑 뭐 쇼핑이나 키우기등 그런게 왜 필요한지 모르겠네요? 입출금 알림도 똑바로 안오고 잘한다 잘한다 하니까 다른거 시도 해볼려는거는 이해 하는데 금융앱에서 벗어나네요,3
토스,토스포인트 상품권 왜 안되냐 답변해라,1
토스,토스 비번 한번잠기고 그 다음부턴 틀리지 않고 써왔는데 어느날 비밀번호가 틀렸고 막혔다고 뜨네요. 처음에 5번 틀리고 인증한후로 틀린적이 없는데;;;;,1
토스,토스에서 포인트를 만포인트 정도에 출금하려고 하거나 만포인트를 넘게 모아서 출금하려고 해도 수수료를 붙이는데 수수료가 고정된것도 아니고 출금 포인트가 올라갈수록 수수로 금액도 같이 올려서 어떻게든 만원 안쪽으로 출금시키려고 발악하는데 이렇게 하면 누가 출금해요 기프티콘말고 돈으로 쓰고 싶은 사람은 어떻게해요? 출금할때 어떤 금액이든지 모아놓은 포인트가 만원이든 이만원이든 적든 많든 수수료를 붙이지를 말던가 아니면 5백원이나 백원정도까지만 수수료비용을 붙여서 출금할수 있게 해주세요 본인이 힘들게 모은 포인트 만원이만원삼만원 꼬깃꼬깃 모은 포인트 출금하려고하는데 무슨 토스쪽에서 발악하는것도 아니고 아주그냥 진절머리넌덜머리납니다,4
토스,이런 진짜 개빡치네. 갑자기 돈 많이 써서 그런진 모르겠는데 갑자기 계좌를 막으시면 어카나요ㅋㅋㅋㅋㅋㅋㅋ 상담 연결도 엉망이고 개짱즈나네 덕분에 오늘 약속 못나감~ 토스 안쓰고 농협으로 옮길게용,1
토스,"속도 느리고, UI 복잡하고. 여러모로 최악의 앱. 카카오톡이든 토스든 요즘따라 자꾸 수퍼앱 해보시려는 것 같은데 기존의 간단한 목적으로 사용하는 이용자를 억지로 불편하게 만들지 않는 선해서 해야죠. 이건 수퍼앱이 아니라 빌런앱.",1
토스,지금까지 유용하게 좋은 제품도 구매하고 포인트도 적립하면서 잘 쓰고있어요,5
토스,한강물,1
토스,"가장 중요한 은행업무는 잘 쓰고 있음 근데 짠테크니 뭐니 하는 부분에선, 노출되는 광고 시간과 횟수는 자꾸만 늘고, 새로운 혜택이니 뭐니 하면서 홍보성 알람이 계속 오는데 막상 들어가보면 이게 무슨 혜택이고 뭘 통해서 무슨 이득을 받는지에 대한 설명이 턱없이 부족함 그냥 냅다 동의부터 받는데 어이가 없음",3
토스,아니 무슨 카드 번호 틀렸다고 인증을 몇개나 하는거.. 번거롭고 시간 개오래걸림,1
토스,들어가자마자 메인화면에서 먹통돼서 송금이 안되네요..,2
토스,증권이 자꾸 멈춰요,1
토스,주식증권 병행하고싶음 제대로 작동하던가 해야지 수량 적을때 확인 빠르게 누르면 00추가돼서 말 그대로 ㅈ될뻔 했다 진짜 잃었으면 불 지를뻔 했다,1
토스,"광고에 미친 앱, 토스쇼핑 광고 알림 끄는 방법 없어서 국민신문고에 민원 넣음ㅋ",1
토스,이벤트성알림 아무리 끄기 해도 자꾸 새로운 옵션만들어서 그걸 또 다시 끄게만드는 수법 진짜 작작해라. 광고 알림 다 껐는데 또 와서 뭔사 들어가보면 또 새로운 옵션 켜져있는채로 추가되있는데 진짜 뭔 악성광고어플이 따로없네. 아딴식으로 사기치면 금융앱으로 쓰겠음?,1
토스,비밀번호 5본 틀려서 자동 로그아웃 되서 로그인 하는데 안됨 시스템도 장애여서 서비스가 원할지 않음,1
토스,하단 광고팝업창 좀 없애라고 오천원 안 받는다고요.,1
토스,잘쓰고 있습니다 아쉬운건 겔럭시워치와 연동이 됐으면 합니다,5
토스,토스인컴 환급세금도 없는데 마치있는거처럼 받으세요 란 문구 삭제 바라요 확인해보세요 라고 하세요 낚시 그만 하시길,1
토스,광고 보는 시간이 점점 길어짐,1
토스,주식 원하는 가격 알람 달러로도 설정 가능하게 해주세요,5
토스,코레일 점검을 몇주씩 해서 버스 무임승차 2번함. 고양이키우기 들어갈 때마다 랙걸림.,2
토스,잡스러운게 많아지면서 오류도 늘어나는 중. 처리속도 빠르고 ui도 직관적이라 메인으로 사용했는데 지금은 기존에 거래하던 은행어플이 더 빠르고 ui도 심플하게 개편되서 토스를 계속 사용해야할 이유를 모르겠음,1
토스,와이파이를 안키면 자체모바일데이터를 켜도 인터넷 연결이 안되서 사용자체가 안돼요. 입출금 내역도 바로바로정산이 안되는데 이게 무슨 은행앱인가요.,1
토스,광고알람 다껐는데 왜 계속오는건지 진짜 짜증나서 알람이란 알람 걍 다 끄고 서비스 다 철회했는데도 광고알람 계속옴,1
토스,광고 시간 은근슬쩍 늘려가네 ㅋㅋ,1
토스,그냥 두 말하면 잔소리입니다. 무조건 최~~(애)~~고! ^^ 👍,5
토스,토스 주식챠트 이상함,2
토스,한강물 온도 미쳣냐 토스??,1
토스,"버그 다시 리포팅합니다. 토스 앱에서 내 투자로 가서 투자 불러오기로 불러온 키움증권의 투자 내역이 틀리게 나와요. 키움증권에 TQQQ 가 현재 수량이 100주가 있다고 하면, 50주밖에 없다고 나옵니다. 예상되는 원인으로는 작년 11월20일에 진행되었던 TQQQ 액면 분할이 있는데, 1/2로 액면분할되었으니 같은날 같은시간에 ""액면분할병합입고(100주)"" 와 ""액면분할병합출고(50주)"" 가 동시에 일어났는데, 이게 처리가 제대로 안된 게 아닌가 합니다. 혹은 출고와 입고가 초단위로 같은 시간에 처리가 되어서 순서가 잘못 처리되었을 수도 있겠군요. 그것도 아니면 현재 보유 수량(100주)을 읽어오는게 아니라 구매내역(50주)을 보고 처리해서, 액분으로 인한 수량 변경이 적용 안되었을 수도 있구요. 댓글 달아주신 전화번호로 버그 신고해 보려 했으나 대기만 20분이 넘어가서 포기했습니다.",4
토스,자꾸 중국전기차 광고랑 페이스페이 쿠폰등록 독촉하는데 카카오로 갈아탈까고민중이네요 이러다 사용자들 많이 떠나요,1
토스,일괄매도가 여기만 없네요. 만들어주세요,4
토스,토스증권 너무 잘쓰고있습니다. 그런데 불편한점 몇가지 보완해주시면 좋겠습니다. 1.챠트에서 오른쪽 가격옆에 등락률도 같이 표시되면 좋겠습니다. 2.챠트에서 수평선 그을때 원하는 값을 지정할수있게 해주세요^^ 3.증권탭 첫화면 보유종목 보여줄때 현재가와 평가금 둘중하나 선택해서 봐야는데 같이볼수있는 선택권도 있으면 좋을듯 합니다. 4.챠트하단지표중 거래대금도 지원해주세요~~~~ 5.챠트볼때 윗쪽에 드롭다운 메뉴로 최근본 종목이라던지 관심종목이라던지 나오게해서 챠트내에서 종목을 바꿔가며 볼수있게해주세요~~ 6.챠트 들어가면 첫화면 위아래 폭이 좁아서 불편한데 아래쪽으로 넓힐수있게 아래선을 길게 눌러서 드래그해서 원하는만큼 늘리거 할수있으면 좋겠습니다 7.그리고 토스증권 앱을 따로 출시해도 좋을것 같습니다~~^^감사합니다~~~~,5
토스,최악입니다,1
토스,음 이번달 어느부턴가 갑자기 소비내역에 들어가면 삼성카드 사용내역이 안뜨고 총 거래대금만 뜨고 그날그날 사용한건 소비내역에서 안뜨는데 왜그럴까요 카드추가하기를 들어가봐도 삼성카드는 없고..전달 몇개월전까지도 내역이 사라지고 거래대금만 남아있어요.. 정말 모든 돈관리를 토스에서만 하고있었는데 갑자기 흠이 생겼슴다 어찌해야되나요,5
토스,해지하려고 하는데 19세 미만 사용자는 토스인컴 사용이 불가능하다고 해지를 계속 거부하네요. 19세 미만 사용자는 토스 탈퇴도 못합니다. ;;,1
토스,은행앱에다 광고를 넣는 정신나간짓을 해놨습니까. 이거 제거 안해주면 시간은 걸리겠지만 계좌 다 이동시킬겁니다,1
토스,2년 넘게 만보기 복권 긁는중 최대 20원 받음 리뷰도 이상하고 광고 보게끔 유도만 하는듯 싶네요,1
토스,아니 카드도 지맘데로 와서 사람없다고 가면은 어떡하라고 게속 2주일 기다렸는데 지금 1달 지났어,1
토스,"주식 수수료는 따박따박 비싸게 잘 받아가면 좀 렉은 안걸리게 만드세요 토스 주식 렉 너무 심합니다;;,",1
토스,너무 편해요,5
토스,맘대로 개인 통장 손대는 업체라니 정말 황당하네.. 뭘 모르는 척하는 지 ㅎ 만원 받고 떨어지라고.....,1
토스,배민 장부 왜 연동 안돼요?,3
토스,아니 토스 앱을 실행하지도 않았는데 왜 자꾸 지맘대로 실행되죠? 다른앱 열려고 핸폰 조작하면 토스가 갑자기 열림 지웠다 다시 깔아도 그대로네요,1
토스,앱 열 때마다 보안을 지문으로 하다 문득 비밀번호를 적어봤는데 왜 계속 틀렸다고 뜨나요? 처음엔 제가 까먹었나 싶어 비밀번호 바꾸고 따로 메모도 해놨는데 계속해서 틀렸다고 합니다. 비밀번호를 똑같은 걸로 바꾸고 바로 비밀번호를 적어도 틀렸다고 해요. 이 짓만 3번째인데 뭐하자는건지 모르겠네요.,1
토스,토스 정말 잘 쓰고 있고 만보기랑 행운 복권?으로 포인트를 계속 모으고 있었는데 포인트를 사용하지 않았음에도 불구하고 가지고 있던 포인트가 전부 사라졌습니다 해결 방법 아시나요,4
토스,굿굿,5
토스,주작도 정도것 해야지ㅋㅋㅋ 욕 쳐먹으니깐 꼴좋다 ㅋㅋㅋ 실력으로 돈 뿌리면 망하는거 느끼니깐 슬슬 주작질 하면서 유저 늘리고 돈 빨고 있에,1
토스,내 신분증인데 왜 멈추고 난리임 내 신분으로 인증한건데 반갈났다고 밖에서 밥 먹는중인데 이체도 안돼 뭐도 안되 나 설거지하고 집 가야함?,1
토스,배민 매출 연동 안되요,1
토스,"5000원쿠폰 사용하면서 토스 포인트 230원가량 있던거 사용을 눌렀더니, 튕기면서 포인트는 그냥 없어지고 결제는 안된 상태가 되었습니다. 230원 큰 돈은 아니지만 되게 기분 나쁘네요. 빠른 해결 바랍니다.",1
토스,토스 잘쓰고있긴한데 램 리소스를 너무 많이 잡아먹어서 배터리를 너무 빨리 닳게 만드는거 같아요! 해당 현상 좀 수정해주시면 좋겠어요!,3
토스,자꾸. 플레이스토어에서. 자기맘대로 뮐 다운받는데 한번 더 그러면 삭제시킬거임,1
토스,"전반적으로 좋은어플인데 알림이 문제입니다! 친구와함께토스켜기 알림 안받기해도 토스들어가기만하면 계속 알려주고 심지어 켜져있는친구도 없습니다... 행운퀴즈나 다른 알림은 느리게 알려줍니다,. 신경써주세요",3
토스,잘사용하고 있습니다. 한가지 바라는점은 자녀 유스 카드 결제 내역이나 거래내역을 제가 확인하고 알림을 받고싶은데 그게 안되는게 조금 불편합니다,3
토스,문제없음,5
토스,앱을 키면 비번을 적는 액티비티가 2개가 중복으로 뜨는 에러가 있습니다.,1
토스,오만 기능이 추가된탓에 느려지고 렉걸리고 광고는 봤는데도 또봐야되고. 게임하다 다른 토스프로그램 이용하려면 해당게임을 중단해야됨. 뒤로가기 기능이나 제다로 적용해줘라. 진심 화가난다.,1
토스,페이스페이 안 할 꺼 라 고,1
토스,토스인컴에서 환급해준다고 신청불가 항목 띄워줘서 큰일날뻔... 1가구 2주택은 주택이자납부액 환급 불가인데 수수료도 적지않은돈이라 하마터면 잘못신청해서 큰돈 나갈뻔 함 이런건 기초적으로 걸러야되지 않나 싶다. ai 한테 물어보길 망정이지,1
토스,정기적인 업데이트 부탁드립니다 미션을 다양한걸로 해주세여,5
토스,토스증권 고객센터 교육 좀 하세요. 응대태도가 다른 기업과 너무 차이나네요. 짜증 팍팍내고 한숨쉬고,1
토스,"카드 사용내역 누르면, 각 카드별 사용 금액과 내가 설정한 카드 실적 대비 얼마 부족한지 볼수있어서 편했는데, 이제 부족한 금액이 안떠서 본인이 계산해야되서 불편해졌어요.",3
토스,굿,5
토스,가계부 겸 통합 자산관리 느낌으로 잘쓰고있습니다. ui가 상당히 직관적인게 사람들이 토스토스 하던 이유가 있는거같습니다. 다만 몇가지 건의 및 문제들이 있는데 1. 카톡 송금을 누구에게 했는지도 나오면 좋겠습니다. 근데 이건 아마 카톡쪽에서 협조안하면 안될것같으니 큰 기대하지는 않겠습니다. 2. 지출내역은 카테고리를 지정해서 카테고리별로 금액종합까지 되는데 반해 소득내역의 경우 카테고리 지정은 되지만 금액 종합이 안됩니다. 예를들어 5명이 식당에서 밥을먹고 한사람이 결재하고 다른사람에게 돈을 받았을때 관련 내역들을 전부 식대로 설정했을때 5인분의 지출내역만 남아있어서 한달 소비내역이 실제보다 많이 크게잡힙니다. 3. 지출내역에서 아무리새로고침해도 내역이 최신화가 안되고 지출내역 아래에 카트내역으로 들어가면 바로 최신화가 됩니다. 그 이후에 지출내역 창으로 다시 나오면 반영이 되어있습니다. 지출내역에서 새로고침해도 카드들의 소비내역이 최신화 되면 좋겠습니다.,5
토스,부동산 실거래가 반영으로 바뀌면서 지멋대로 자산총액이 늘었다 줄었다 심지어는 마이너스로 변함.. 이거땜에 뱅크샐러드로 갈아탈까싶음..,1
토스,firefox에서는 온라인 토스 결제 시도 시 토스앱 리다이렉트가 작동 안함,1
토스,찾아보니 자주 발생하는 버그때문이라고 하네요 폰 껐다 키니까 고쳐졌습니다,3
토스,뱅크어플에 선구자 토스어플 잘 쓰고 있습니다. 뱅크어플에 증권을 분리하여 토스증권 어플을 출시 해주실 생각은 없으신가요?,5
토스,업데이트 해주세요,1
토스,쿠팡이츠 가격 표시가 정확하지않아요 가계부 확인 하는데 불편함,5
토스,무음모드 설정을 했는데도 '토스 복권' 긁을 때마다 광고 소리가 나오는 게 너무 불편합니다. '복권 긁기' 버튼 누를 때마다 매번 긴장돼요,5
토스,돈독이오른거에요? 광고가 미쳤어요! 사람들다도망가겠어요.,1
토스,언제부터토스가 쇼핑앱으로바꿨냐 가잖은쇼핑쿠폰유도하지마 모르쇠일관으로 개발자 댓글달지마라 짜증나니깐 니네가만들었는데 모른다 웃기고있네,1
토스,너무좋아요,5
토스,광고를 꺼도 꺼도 계속 나오네..광고가 한 80억개 됩니까,1
토스,최고에요,4
토스,탈퇴 좀 간단하게 해라 ㅡㅡ 진짜 드럽게 복잡하게 해놨네 원래대로라면 탈퇴땜에 소요된 시간이랑 정신적피해 돈으로 보상받을려고 했는데 내 시간이 아까워서 그만뒀다 앞으로 다시는 보지말자,1
토스,지들이 실수해서 엔화가격떨궈놓고 회수조치 ㅋㅋㅋ 어이없다 니들은 쳐망해라 걍ㅋㅋㅋ,1
토스,고양이 지금 화면에서 아예 아무것도 안눌러져요 간식도 다 날아갈듯,1
토스,뱅크앱을 이제 따로 만들던지 너무 앱이 번잡스러고 정신 없네요. 사용하기 불편합니다.,1
토스,이번주 미션좀 자주자주 바꿔주면 안되나요? 어째 미션이 항상 똑같아요? 옆에 NEW라고 되어있지만 자세히 보면 항상 똑같은 미션 그리고 미션 포인트가 너무 적어요 그런것도 좀 늘려주고 하면 안됩니까,1
토스,일리익스프레스 광고 관련 성적 광고로 식제 요청드려요.,3
토스,물건도 더럽게 늦게오면서 무슨 쿠폰알람이 계속옴?,1
토스,저렴하게 쇼핑도 가능해서 다른 데서 살 것을 토스에서 사서 좋아요,5
토스,업데이트 하면 할수록 인증 절차만 많아지고 번거로워 지는데 긍정적으로 평가를 할 수 있을까요? 보안이 좋다기엔 이번 엔화 환전 오류도 있는데 신뢰하기가 어렵네요,1
토스,사용하기편해요 그런데 토스만보기는 실제걸음하고 틀리네요 삼성헬스랑 연동되면좋겠네요,5
토스,pmmax contemts가 뭔데 제 돈 다 처먹어요,3
토스,모바일신분증 지원 안해줌,1
토스,폰을 바꿔서 앱다운받고 로그인 하려하니까 토스에서 뭘 먼저 해볼까요 라는 페이지에서 나갈수가 없어요 어떻게 해야하나요?,1
토스,토스 예전처럼 안나오고 초기화면이 무엇부터 시작할까요로 이거만 게속나옴 토스가 망하려고 어플을 이따위로 바뀌서 사용못하게 하네,1
토스,이봐요... 지금 저금통에 돈 넣었는데 이렇게 렉 심하면 돈 어떻게 쓰라는 거죠?? 지금 집에 가야 되는데 렉 걸리고 돈도 못 뽑고...,1
토스,10초 광고 보게 하는거 너무 과해요,1
토스,다양한 기능 잘 쓰고 있습니다. 하지만 해외에서 사용해보니 버그로 보이는게 생겼는데요. 고양이든 송금이든 투자든 화면에서 한번 들어가면 터치가 먹히지 않아 다음 단계로 넘어갈 수 없습니다. 문의조차 첫화면에서 넘어가지못해 남길 수 없어 리뷰에 남겨봅니다.,5
토스,"이자내역 가리기 처럼 나눠모으기로 카드캐시백 모을경우 원본 계좌에서 카드 캐시백 숨기기 기능 만들어 주세요, 통장이 너무 복잡해 집니다.",4
토스,쇼핑 했는데 불만족스럽네요,2
