Price,Close,High,Low,Open,Volume
Ticker,005930.KS,005930.KS,005930.KS,005930.KS,005930.KS
Date,,,,,
2020-01-02,47372.85546875,48059.418591485504,47201.214688066124,47630.31663977581,12993228
2020-01-03,47630.3125,48574.336711711716,47115.3902027027,48059.414414414416,15422255
2020-01-06,47630.3125,47716.132882882885,46857.92905405405,47115.3902027027,10278951
2020-01-07,47887.7734375,48402.69573252688,47716.13267249104,47801.953054995516,10009778
2020-01-08,48745.96484375,49260.88700759243,47973.581597986355,48231.042679907565,23501171
2020-01-09,50290.75390625,50290.75390625,49260.90911636093,50119.113107935154,24102579
2020-01-10,51063.1171875,51234.75791754202,50033.2728072479,50462.37463235294,16000170
2020-01-13,51492.2265625,51492.2265625,50719.8431640625,51148.945052083334,11359139
2020-01-14,51492.2265625,52350.430338541664,51406.40618489583,51835.508072916666,16906295
2020-01-15,50634.01953125,51148.94176377119,50548.19915916314,51063.12139168432,14300928
2020-01-16,52092.96875,52092.96875,50634.02234349259,50719.842720345965,14381774
2020-01-17,52607.89453125,53208.63720942088,52350.43338346248,53122.81682682504,16025661
2020-01-20,53551.91796875,53895.1994941907,52951.175299228766,53208.63644330929,12528855
2020-01-21,52693.70703125,53551.910728827366,52522.06629173453,53208.62924979642,11142693
2020-01-22,53466.08984375,53723.550950541736,51835.50283406902,51921.3232029996,15339565
2020-01-23,52178.79296875,53036.996800472865,52092.972585577714,53036.996800472865,14916555
2020-01-28,50462.375,50977.29719387755,50033.273171768706,50977.29719387755,23664541
2020-01-29,50719.84375,51234.7660215736,50462.382614213195,50719.84375,16446102
2020-01-30,49089.25390625,50462.37988964161,48745.9724104021,50462.37988964161,20821939
2020-01-31,48402.6875,50119.09485815603,48402.6875,49604.172650709224,19749457
2020-02-03,49089.25390625,49260.89465417395,47372.84642701049,47630.30754889642,23995260
2020-02-04,50548.19921875,50634.01959093803,48745.971402801355,49003.43251936545,21800192
2020-02-05,51063.1171875,51663.85974264706,50548.194997373954,51492.21901260504,19278165
2020-02-06,52436.24609375,52436.24609375,51234.76091320581,51578.0423933613,14727159
2020-02-07,51835.5078125,52522.070829884105,51234.765172288906,52436.25045271109,16402493
2020-02-10,51234.765625,51320.586002931326,50719.843357412065,50805.66373534338,13107121
2020-02-11,51406.40234375,52092.965313282555,51234.76160136686,51320.58197255843,11071231
2020-02-12,51921.328125,52092.96887913223,51234.765108471074,51749.68737086777,12904207
2020-02-13,52092.96875,52865.3521416804,51921.32799629325,52522.070634266885,18449775
2020-02-14,53036.9921875,53122.812563207925,51663.866176173135,52264.608806128635,13276067
2020-02-17,52779.52734375,53208.62919207317,52522.066234756094,52865.34771341463,8740596
2020-02-18,51320.59765625,52264.62202785326,51234.77725883152,52178.80163043478,16674266
2020-02-19,51663.87109375,51835.51186150332,50977.30802273671,51320.58955824336,12951496
2020-02-20,51492.2265625,52607.89147135417,51148.945052083334,52092.96920572917,14591924
2020-02-21,50805.66796875,51320.59027924409,50204.92527317356,50462.38642842061,13777393
2020-02-24,48745.96484375,49861.62953207526,48745.96484375,49260.88700759243,25627537
2020-02-25,49689.99609375,49775.816466968914,48231.0497490285,48231.0497490285,23885408
2020-02-26,48488.5,48917.601769911504,48059.398230088496,48059.398230088496,25483102
2020-02-27,47973.59375,48831.797573792486,47630.31222048301,48316.87527951699,23209541
2020-02-28,46514.64453125,47630.309436981086,46514.64453125,47201.20755016144,30054227
2020-03-02,47201.20703125,47630.30891335227,45999.72176136364,46600.464396306816,30403412
2020-03-03,47544.4921875,48831.79793264892,47287.03103847022,48660.15716662906,30330295
2020-03-04,49260.890625,49432.53135888502,46857.920350609755,47029.56108449477,24765728
2020-03-05,49604.16796875,49775.80868836505,48660.14401086721,49432.527249134946,21698990
2020-03-06,48488.5,49089.24247787611,48231.0389380531,48488.5,18716656
2020-03-09,48488.5,48488.5,48488.5,48488.5,0
2020-03-10,46857.92578125,47115.386911916205,46085.54238925137,46171.36276614011,32106554
2020-03-11,44712.40625,46686.2744721689,44626.58589251439,46600.4541146833,45707281
2020-03-12,44712.40625,44712.40625,44712.40625,44712.40625,0
2020-03-13,42867.28515625,44283.321602852855,40206.853044450705,40721.77538866992,59462933
2020-03-16,41966.16796875,43682.57565663344,41880.347584355826,42996.01258148006,33339821
2020-03-17,40593.04296875,42609.82205916358,40078.120647793345,40249.76142144556,51218151
2020-03-18,39134.08984375,41494.150086520014,39134.08984375,40979.22785173383,40152623
2020-03-19,36859.85546875,40035.20972333381,36302.02296456636,39820.65876018626,56925513
2020-03-20,38962.44921875,39048.26959147852,37374.7723232723,37889.694559643445,49730008
2020-03-23,36473.65625,37374.77011029412,36387.83588235294,36559.47661764706,41701626
2020-03-24,40292.671875,40292.671875,36945.676767172525,37632.23986621406,49801908
2020-03-25,41751.609375,42566.902877697845,40464.30384442446,42009.07048111511,52735922
2020-03-26,41022.140625,42309.44629314854,40936.32024712343,42051.98515951883,42185129
2020-03-27,41451.23828125,42652.723448822464,40206.842929121376,42566.903079710144,39896178
2020-03-30,41368.25390625,41800.52406201018,40244.35150127351,40676.6216570337,26797395
2020-03-31,41281.7890625,41930.1941263089,40763.06501145288,41497.924083769634,30654261
2020-04-01,39595.94140625,41411.47583754094,39595.94140625,41022.432745121456,27259532
2020-04-02,40460.48046875,40503.70747779781,39206.897206363516,39941.75636017628,21621076
2020-04-03,40633.3828125,41152.106848404255,40244.33978557181,40979.19883643617,22784682
2020-04-06,42103.09765625,42189.55165554415,40849.51466648486,41065.64966472022,23395726
2020-04-07,42881.1796875,43399.90363533266,42362.45573966733,42924.40668315272,31524034
2020-04-08,42016.6484375,43010.86954250257,42016.6484375,42881.18852880658,25010314
2020-04-09,42448.9140625,43054.092063391035,42103.09806199084,43010.865063327394,22628058
2020-04-10,42578.60546875,42578.60546875,42059.881341211934,42319.24340498097,17839111
2020-04-13,41757.2890625,42276.01315023292,41757.2890625,42059.878113677536,14431800
2020-04-14,42362.46875,42535.37678571429,41757.290625,42189.56071428572,14206216
2020-04-16,42362.46875,42665.0578125,41973.42566964286,42665.0578125,23349760
2020-04-17,44437.36328125,44956.087366245134,43486.36912542558,43918.639196254866,32041675
2020-04-20,43313.45703125,44437.35910990519,43227.0030251996,44437.35910990519,21866354
2020-04-21,42578.60546875,42967.64856440356,42103.10835184011,42708.28650063452,27407543
2020-04-22,43097.3125,43226.99348044132,41800.50269558676,42103.09164994985,18613864
2020-04-23,43097.3125,43486.35544132397,42794.72354563691,43399.90145436309,18754442
2020-04-24,42665.04296875,43010.85891986449,42362.454011524824,42924.40493208587,15618347
2020-04-27,43097.3125,43226.99348044132,42448.907597793375,42665.04256519559,14049471
2020-04-28,43313.45703125,43313.45703125,42621.8249828468,43097.322016124,16095399
2020-04-29,43227.01171875,43659.2818359375,42881.195625,43140.557695312506,15604533
2020-05-04,41930.1953125,42448.91937822165,41930.1953125,42276.01135631443,26083749
2020-05-06,42535.375,42535.375,41930.1969004065,42362.466971544716,18070225
2020-05-07,42189.5546875,42621.82471503586,42103.10068199282,42535.37070952869,13884411
2020-05-08,42189.5546875,42665.05171778944,42189.5546875,42448.91670402152,15319700
2020-05-11,41843.74609375,42578.60527101627,41757.29207289514,42276.01619802428,16357743
2020-05-12,41411.4765625,41930.20069480689,41108.887485320985,41843.74667275574,23433590
2020-05-13,41973.41796875,41973.41796875,40806.28894181256,40849.51594281025,20223277
2020-05-14,41497.93359375,41584.38762207032,41195.34449462891,41281.79852294922,19305974
2020-05-15,41368.25390625,41886.97809316222,41238.57285952194,41843.7510775862,18463118
2020-05-18,42189.5546875,42448.91670402152,41152.106621413935,41454.69564068903,20481981
2020-05-19,43486.37109375,43659.27912990805,42967.646985275846,43313.463057591944,25168295
2020-05-20,43227.01171875,43399.919765625,43054.103671875004,43227.01171875,14896899
2020-05-21,43183.78125,43572.82432432433,43097.327233483484,43486.37030780781,14949266
2020-05-22,42146.33203125,43054.099182692305,42016.65100961538,42881.19115384615,19706284
2020-05-25,42232.78125,42276.00825230297,41886.96523157625,42146.327245394066,14337913
2020-05-26,42578.60546875,42751.513511262696,42016.654330583755,42103.10835184011,15127490
2020-05-27,43140.5546875,43227.00870490982,42189.56049599199,42319.24152210671,19548479
2020-05-28,43572.828125,44264.46031746032,43140.5580047123,44178.006293402774,31309318
2020-05-29,43832.17578125,43832.17578125,42967.63582501232,43226.99781188363,27596961
2020-06-01,44264.453125,44264.453125,43745.729064941406,43918.63708496094,16949183
2020-06-02,44437.36328125,44523.81729541586,43918.639196254866,44091.547224586575,14247933
2020-06-03,47117.44140625,47549.71151089449,44696.72882024082,44783.18284116972,49257814
2020-06-04,47203.8984375,49278.79507211539,47203.8984375,48241.346754807695,40220334
2020-06-05,47981.9765625,48327.792609797296,46685.16638513514,47030.982432432436,22743629
2020-06-08,47463.25390625,48846.51813666894,47290.34587744764,48760.064122267766,25634965
2020-06-09,47981.9765625,48846.51668074325,47030.982432432436,48241.33859797297,23998831
2020-06-10,47895.52734375,48327.79744613042,47463.25724136959,47636.16528232175,16742493
2020-06-11,46944.51953125,47636.151494877995,45993.52558126151,47117.427522157,33815123
2020-06-12,45215.44921875,45647.719287762906,44523.81710832935,45042.54119114484,26976019
2020-06-15,43140.5546875,44956.08905310621,43140.5546875,44437.36494864729,28772921
2020-06-16,45042.53125,45042.53125,43745.72132917467,44264.445297504804,21808375
2020-06-17,45128.98828125,45734.16628502155,44350.90227640086,45042.53428071121,26672595
2020-06-18,45215.44921875,45215.44921875,44610.27112213193,45128.99520494742,15982926
2020-06-19,45734.171875,45734.171875,44610.26973062382,45474.80984168242,18157985
2020-06-22,44956.09375,45474.81790865385,44783.18569711539,44956.09375,13801350
2020-06-23,44437.36328125,45647.719479571984,44178.00123875243,45388.35743707442,18086152
2020-06-24,45734.171875,46598.7119860586,44610.26973062382,44869.631763941405,24519552
2020-06-25,44869.62890625,45820.62296784682,44869.62890625,45042.53691744942,18541624
2020-06-26,46079.98046875,46598.70445151266,45128.986500351784,45647.710483114446,21575360
2020-06-29,45604.796875,46301.053315839694,45256.66865458016,45691.828930104966,17776925
2020-06-30,45952.921875,46910.2744140625,45952.921875,46910.2744140625,21157172
2020-07-01,45778.8515625,46649.171934410646,45604.78748811787,46475.10786002852,16706143
2020-07-02,46039.953125,46039.953125,45343.69674503781,45343.69674503781,14142583
2020-07-03,46649.17578125,46649.17578125,45865.887381937966,46126.98351504198,11887868
2020-07-06,47867.62890625,47867.62890625,46823.244275568184,46997.30838068182,19856623
2020-07-07,46475.10546875,48650.90628657537,46475.10546875,48563.87425386236,30760032
2020-07-08,46126.9921875,46910.28073408019,46039.96012676887,46649.18455188679,19664652
2020-07-09,45952.921875,46649.178267045456,45952.921875,46301.05007102273,17054850
2020-07-10,45865.8984375,46301.0587642315,45517.770176114806,46214.0266988852,13714746
2020-07-13,46475.10546875,46823.23359960206,46214.009370610955,46388.07343603699,12240188
2020-07-14,46823.2421875,46823.2421875,46301.04989544609,46736.210138824346,14269484
2020-07-15,47606.53125,47867.62739945155,47258.403050731264,47345.43510054844,24051450
2020-07-16,46823.2421875,47693.5626742565,46823.2421875,47693.5626742565,16779127
2020-07-17,47345.421875,47606.517951516544,47084.325798483456,47171.357823988976,10096174
2020-07-20,47171.375,47693.56734317343,46997.31088560886,47693.56734317343,10507530
2020-07-21,48128.7265625,48215.75861776673,47693.566286166366,48041.694507233275,18297260
2020-07-22,47606.53125,48302.78764853748,47606.53125,48128.72354890311,12885057
2020-07-23,47084.34375,47606.5361021257,46823.24757393716,47606.5361021257,16214932
2020-07-24,47171.375,47345.43911439114,46736.21471402214,46997.31088560886,10994535
2020-07-27,48389.8125,48476.8445368705,47258.39602068345,47258.39602068345,21054421
2020-07-28,51000.7890625,51174.85318899318,49086.08367107509,49608.27605055461,48431566
2020-07-29,51348.90625,52567.35487288136,51000.7780720339,52480.322828389835,36476611
2020-07-30,51348.90625,52306.25873940678,51348.90625,51958.13056144068,19285354
2020-07-31,50391.55859375,51871.10349201209,50217.49448807211,51784.071439173145,21943345
2020-08-03,49434.19921875,50391.55166840889,49347.16717787192,50304.51962753081,21158940
2020-08-04,49869.37109375,50565.62758371509,49608.27491001309,49782.33903250436,19419694
2020-08-05,49521.23828125,50043.4306005602,48999.04596193981,49869.36649412347,17739706
2020-08-06,50478.58203125,50826.71018318965,49695.29368938578,49695.29368938578,21625874
2020-08-07,50043.421875,50826.71021739131,49695.29372282609,50391.550027173915,18751717
2020-08-10,50304.5234375,50739.68367484862,50043.42729509083,50130.459342560556,17774291
2020-08-11,50652.6484375,51784.06498335481,50304.52026954467,50478.58435352233,24907912
2020-08-12,51348.90625,51348.90625,50217.48967161017,50652.6498940678,18573934
2020-08-13,51087.80859375,51871.096970826235,50478.58430046849,51697.03288703152,22089460
2020-08-14,50478.58203125,50826.71018318965,50217.48591729526,50478.58203125,15672548
2020-08-18,50826.71484375,52132.19553322988,50478.5866598887,51261.87507357663,25307825
2020-08-19,50304.5234375,51522.97210207613,50304.5234375,51348.90800713668,16930719
2020-08-20,48215.7578125,50130.46299638989,48128.72575868682,50130.46299638989,30386029
2020-08-21,48650.91796875,49521.2385048636,48563.88591513864,48912.01412958408,21142288
2020-08-24,48824.984375,49260.14466354724,48215.75997103387,48563.88820187166,15055896
2020-08-25,49086.078125,49434.20633865248,48824.98196476064,49086.078125,14021705
2020-08-26,49086.078125,49173.110178413124,48476.85375110816,49086.078125,17651593
2020-08-27,48389.8125,48999.03675809352,48389.8125,48999.03675809352,16196568
2020-08-28,48215.7578125,48999.04629681859,48215.7578125,48824.98218919223,14619888
2020-08-31,46997.29296875,48824.96547309028,46997.29296875,48737.93344907407,32671367
2020-09-01,47171.375,47693.56734317343,47084.342942804426,47084.342942804426,19363117
2020-09-02,47345.421875,47954.64605353861,47084.325798483456,47519.48592601103,16905723
2020-09-03,49086.078125,49347.174285239365,48302.78964428192,48389.821697695035,28384920
2020-09-04,48389.8125,48563.87657374101,47954.65231564748,48041.68435251799,22139109
2020-09-07,49173.1015625,49869.35786780974,48563.87729535398,48824.97340984514,18685880
2020-09-08,51087.80859375,51087.80859375,49782.32796528961,49956.39204908433,31517520
2020-09-09,50826.71484375,51610.00325743793,50304.52256795805,50652.650751819354,30597399
2020-09-10,51522.96484375,52219.2211254223,51435.932808540965,52132.18909021326,29923293
2020-09-11,51348.90625,51697.03442796611,50652.6498940678,51610.00238347458,16017098
2020-09-14,52567.35546875,52915.48365066225,52132.19524135969,52393.291377793874,20648281
2020-09-15,53089.546875,53089.546875,52654.38665471311,53002.51483094262,17877075
2020-09-16,53089.546875,53350.643007172126,52741.41869877049,53176.57891905738,17041444
2020-09-17,51784.06640625,52915.48298319328,51610.002317489496,52828.450938813025,25108356
2020-09-18,51609.99609375,52132.188297059445,51435.93202598019,52045.15626317454,18884571
2020-09-21,51522.96484375,52219.2211254223,51348.90077333192,51435.932808540965,15140387
2020-09-22,50652.6484375,51958.12906733247,50304.52026954467,51435.93681539948,20830381
2020-09-23,51000.7890625,51174.85318899318,49956.404303540956,50826.72493600682,20111398
2020-09-24,50304.5234375,51000.77981725778,50130.459342560556,50217.49139003028,17564020
2020-09-25,50391.55859375,50652.65475226684,50217.49448807211,50217.49448807211,11444683
2020-09-28,50964.24609375,51489.65069265464,50701.543794297686,51051.813526900776,12614080
2020-09-29,50964.24609375,51664.78555895619,50964.24609375,51051.813526900776,15503563
2020-10-05,51402.08203125,51839.91918654174,50351.27285854983,50351.27285854983,20228289
2020-10-06,51664.78515625,52452.89204846398,51402.08285884534,52015.05488612288,14463826
2020-10-07,52452.8984375,52452.8984375,51226.95423361853,51402.089119887314,14861838
2020-10-08,52277.76171875,53153.43611939908,52102.626838620185,52978.30123926926,24589924
2020-10-12,52890.73046875,52890.73046875,52452.89329599545,52540.46073054636,16145837
2020-10-13,53328.56640625,53766.40356886289,52890.729243637106,53416.13383877258,19247631
2020-10-14,53328.56640625,53503.701271295155,52978.29667615968,53416.13383877258,16086716
2020-10-15,52540.4609375,53241.00041666666,52277.758632812496,53153.43298177083,17756232
2020-10-16,52102.62109375,52890.72796743697,51664.78394170168,52540.45824579831,16554190
2020-10-19,52540.4609375,52715.59580729166,52102.623763020834,52190.19119791666,14474985
2020-10-20,53328.56640625,53328.56640625,52628.026946069374,52803.16181111453,19326115
2020-10-21,53328.56640625,53853.971001385464,53065.86410868226,53591.26870381773,15703443
2020-10-22,52628.03125,52978.30100873544,52365.328930948424,52803.166129367724,14294095
2020-10-23,52715.58984375,52890.72469372924,52365.32014379153,52890.72469372924,9322232
2020-10-26,52890.73046875,53503.702510606374,52628.02816509727,52890.73046875,13268226
2020-10-27,52365.328125,52803.165316680606,52102.625809991645,52803.165316680606,17260416
2020-10-28,51664.78515625,52015.05488612288,51489.65029131356,52015.05488612288,14428882
2020-10-29,50876.68359375,51226.95336031626,50351.2789439006,50964.25103539157,22636966
2020-10-30,49563.16015625,50789.10404704064,49563.16015625,50789.10404704064,26907844
2020-11-02,50263.71484375,50351.28229121298,49037.7705792683,49388.04036912021,20489076
2020-11-03,51489.64453125,51577.21195392219,50438.83545918367,50701.53772720025,14950919
2020-11-04,51226.9453125,51664.78245192308,50613.9733173077,51577.215024038465,21718561
2020-11-05,52803.16015625,52803.16015625,51489.648709577115,51664.7835691335,20639475
2020-11-06,52628.03125,53241.003327787024,52190.1940515807,53153.435888103166,16910230
2020-11-09,52715.58984375,53328.56181867732,52628.02241876038,53153.426968698084,15892961
2020-11-10,52715.58984375,52978.292118718855,52102.61786882267,52978.292118718855,19073552
2020-11-11,53678.8359375,53766.4033696982,52890.729047716144,53153.43134431076,25628510
2020-11-12,53416.1328125,53766.40253586065,53153.430519979505,53416.1328125,19800573
2020-11-13,55342.625,55342.625,53416.14121835443,53678.84355221519,31508829
2020-11-16,58057.2109375,58407.480686745854,55955.592442024885,56043.15987933635,36354334
2020-11-17,57531.8046875,58670.18134037291,57444.237252663625,58670.18134037291,30204089
2020-11-18,56743.69921875,57969.64333767361,56656.131781684024,57531.80615234375,22963790
2020-11-19,56568.5625,56743.69736842105,55955.59046052632,56130.72532894737,16590290
2020-11-20,56656.12890625,57093.96606935858,55955.58944527627,55955.58944527627,15068682
2020-11-23,59108.01953125,59370.72184027778,56656.13131365741,56743.69875,27134398
2020-11-24,59283.15234375,60859.366143140694,58670.18031065362,59458.287210348964,32158235
2020-11-25,58319.91015625,59808.55651158972,58232.34272358296,59458.286780921546,32447065
2020-11-26,59545.85546875,59545.85546875,57794.50677849265,57882.074213005515,19023323
2020-11-27,59721.015625,59896.15056818182,59195.61079545455,59545.880681818184,14063434
2020-11-30,58407.48046875,60071.26177145802,58407.48046875,59896.12689748876,43811016
2020-12-01,59370.71484375,59808.55197386615,58757.74286158739,58757.74286158739,22327173
2020-12-02,60859.36328125,61209.632997976616,59808.554131070145,59896.1215602518,29703942
2020-12-03,61034.5078125,61735.047356976334,60684.238040261844,61384.77758473817,23677989
2020-12-04,62610.7265625,63136.13126092657,61384.78226617133,61647.484615384616,28130533
2020-12-07,63836.671875,64362.07658179013,62960.99736368313,63398.834619341564,28490496
2020-12-08,62785.859375,63836.66873692469,62698.29192817294,63223.69660913529,25000338
2020-12-09,64712.3359375,64712.3359375,63048.55463464141,63136.12207163397,24077996
2020-12-10,63836.671875,64624.77893518519,63486.402070473254,63661.53697273663,39882928
2020-12-11,64274.50390625,64624.77368230586,64011.801574208104,64362.07135026396,18486672
2020-12-14,64624.75390625,65237.72582676999,64099.349402947155,64449.619071815716,21510415
2020-12-15,64624.75390625,64887.45615790142,64186.9168201643,64624.75390625,20863671
2020-12-16,64624.75390625,65237.72582676999,64274.48423738143,64887.45615790142,17512081
2020-12-17,64186.9140625,64537.183716319916,63573.942168315145,64274.48147595498,24293214
2020-12-18,63924.21875,64537.190710616436,63924.21875,64186.921018835616,17613029
2020-12-21,63924.21875,64274.48844178082,63048.54452054794,64011.786172945205,20367355
2020-12-22,63311.25390625,64099.36080134855,63136.11904067255,63486.38877182746,16304910
2020-12-23,64712.3359375,64799.90337449256,63311.25694561908,63398.82438261164,19411326
2020-12-24,68127.453125,69003.12732969152,64799.89114717224,64887.458567641384,32502870
2020-12-28,68915.5625,70141.50643265565,68477.72538119441,69178.26477128336,40085044
2020-12-29,70290.8671875,70829.49452227012,69393.15496288314,70739.72329980844,30339449
2020-12-30,72714.6875,72984.00115740742,69393.15239197531,69482.92361111111,29417421
2021-01-04,74510.125,75766.92228915663,71996.53042168675,72714.70030120482,38655276
2021-01-05,75318.0546875,75318.0546875,73253.31659713945,73253.31659713945,35335669
2021-01-06,73791.9375,75856.67541058395,73702.16628649636,74779.42084854015,42089013
2021-01-07,74420.328125,75587.35377714114,74240.78571697828,74330.55692098914,32644642
2021-01-08,79716.84375,80794.09839527027,74510.11296452703,74779.4266258446,59013307
2021-01-11,81691.8203125,86898.55171703297,80345.25184581045,80794.10800137362,90306177
2021-01-12,81332.734375,82050.90421495585,78819.13993515453,81063.42068501656,48682416
2021-01-13,80524.7890625,81871.35744147157,79986.16171091137,80614.56028776478,36068848
2021-01-14,80524.7890625,80794.10273829431,79627.07680985228,79627.07680985228,26393970
2021-01-15,78998.6796875,82409.98631036932,78998.6796875,80614.56177201704,33431809
2021-01-18,76305.5234375,78370.2611305147,75497.58260110294,77741.86270220588,43227951
2021-01-19,78100.9765625,78998.6889367816,75048.75448994253,75856.69562679598,39895044
2021-01-20,78280.5078125,79896.38985450115,77652.10924061066,79896.38985450115,25211127
2021-01-21,79088.4375,79537.2935584563,77652.09811293984,78549.81022985245,25318011
2021-01-22,77921.421875,80524.78735239054,77921.421875,79896.38878888248,30861661
2021-01-25,80255.46875,80704.32483920582,77472.56099692393,78100.95952181208,27258534
2021-01-26,77831.671875,80075.95307093425,77652.12937932526,79716.86807958478,33178936
2021-01-27,76844.171875,78729.36768034463,76844.171875,77741.88416325934,26423070
2021-01-28,75138.53125,76844.1848864994,74689.67502986858,74689.67502986858,31859808
2021-01-29,73612.3984375,76305.53496570123,73612.3984375,75856.67887766768,39615978
2021-02-01,74510.125,74869.20993975904,72714.70030120482,73343.09894578313,28046832
2021-02-02,75766.921875,77562.34656398105,75138.52323385663,75497.60817165284,26302077
2021-02-03,75946.4453125,76664.61500812648,74869.19076906028,76125.98773640662,22112205
2021-02-04,74061.2734375,75228.29956439394,73702.18847537879,74958.98584280303,24171688
2021-02-05,74958.9609375,75407.81699101797,74061.24883046407,74599.87609468563,18036835
2021-02-08,74510.125,75587.3798192771,74510.125,75228.29487951807,15338765
2021-02-09,74240.796875,76125.99244256348,74240.796875,75407.8227025393,20898332
2021-02-10,73253.3046875,74151.01675474878,73253.3046875,74151.01675474878,23025766
2021-02-15,75587.3671875,75856.68084731295,74779.42620806117,75228.28230774941,23529706
2021-02-16,76215.7578125,77203.24112926974,75587.35933819199,75856.67297003829,20483100
2021-02-17,74689.6484375,75587.36055814303,74510.10601337139,75318.04692195012,18307735
2021-02-18,73702.171875,75048.74017965895,73702.171875,74689.65529841656,21327683
2021-02-19,74151.0234375,74330.56586713075,72714.684000454,73881.70979305387,25880879
2021-02-22,73791.9375,75587.361770073,73791.9375,75228.2769160584,25419886
2021-02-23,73612.3984375,74420.33939596037,72804.45747903964,72894.22869664634,20587314
2021-02-24,73612.3984375,75048.73791920731,72983.99991425306,73432.85600228659,26807651
2021-02-25,76574.859375,76664.63060521688,74510.12108001173,75407.83338218054,34155986
2021-02-26,74061.2734375,74869.21460227272,73612.41723484849,74330.58715909091,38520800
2021-03-02,75048.734375,76574.84500224282,74510.10709479665,76395.30257550837,33498180
2021-03-03,75407.8125,75407.8125,74330.55803571429,74958.95647321429,19882132
2021-03-04,73971.46875,74689.63834951457,73791.92635012136,74151.01114987864,24348331
2021-03-05,73702.171875,74151.02797655298,72804.45967189403,72804.45967189403,20508971
2021-03-08,73612.3984375,74510.11061356707,73253.31356707317,74420.33939596037,17641256
2021-03-09,73073.796875,73522.65312116094,72355.62688114251,73073.796875,25420764
2021-03-10,72624.9140625,74061.25352479913,72445.37162971261,73971.48230840544,20038422
2021-03-11,73612.3984375,74061.25452553354,72714.68626143293,72714.68626143293,23818297
2021-03-12,74330.578125,74958.97673233696,73971.49320652174,74599.8918138587,13530573
2021-03-15,73432.8671875,74420.35073158618,73432.8671875,74330.57950030563,13735798
2021-03-16,74330.578125,74510.12058423914,73702.17951766304,73791.95074728261,12293537
2021-03-17,73881.7109375,74420.33823473573,73612.39728888214,74330.56701852976,11625146
2021-03-18,74420.328125,75228.26896109771,74151.01451296743,74330.55692098914,18585244
2021-03-19,73522.625,74061.2522893773,73432.85378510378,73702.16742979243,15869700
2021-03-22,73612.3984375,73881.71209032013,73343.08478467989,73612.3984375,12670506
2021-03-23,73432.8671875,74420.35073158618,73432.8671875,74151.03703774449,13299907
2021-03-24,72714.6875,73253.31481481482,72445.3738425926,72714.6875,17926638
2021-03-25,72894.2421875,73702.18329548954,72535.15725061577,72714.69971905788,14758826
2021-03-26,73163.5546875,73253.3259202454,72714.69852377301,73073.78345475461,12845778
2021-03-29,73253.3046875,73343.07589422488,72714.67744715074,73343.07589422488,14952134
2021-03-30,74119.84375,74210.01387621654,73308.31261405109,73578.82299270073,13121698
2021-03-31,73398.5078125,74570.71985373157,73398.5078125,74300.20938267813,17240518
2021-04-01,74751.0234375,74841.1935502111,73939.49242310012,74390.34298665561,18676461
2021-04-02,76464.2890625,76824.96967128538,75652.7576927329,75742.92784492925,22997538
2021-04-05,77005.2890625,77546.30982874708,76464.26829625294,77365.96957333139,16255990
2021-04-06,77546.328125,77726.66842296511,76734.79678415698,77726.66842296511,19042023
2021-04-07,77185.6328125,77726.65360324182,77005.2925489194,77636.48347145152,17885538
2021-04-08,76374.109375,77275.81078438606,75833.08852936835,77275.81078438606,19244259
2021-04-09,75382.21875,76554.43028558612,75201.87851375598,76374.0900493421,18193707
2021-04-12,75021.5625,75833.09382512019,74931.39235276442,75833.09382512019,12915282
2021-04-13,75742.8984375,76193.7490234375,74660.85703125,74841.197265625,15238206
2021-04-14,75742.8984375,76013.4087890625,75201.877734375,75742.8984375,13794652
2021-04-15,75833.0859375,76193.76648892688,75201.89497250297,75472.40538607312,16377412
2021-04-16,75652.75,76374.1111442193,75382.23957091775,76374.1111442193,15429522
2021-04-19,75111.71875,75742.90966386555,75111.71875,75562.5694027611,15287311
2021-04-20,75652.75,75742.92014302741,74931.3888557807,75111.72914183552,15521965
2021-04-21,74480.5234375,75292.05456454298,74390.353312273,75111.71431408898,21636079
2021-04-22,74300.1796875,74841.20041337986,74300.1796875,74751.03029239988,13934746
2021-04-23,74660.8828125,74751.05296082428,73578.8410326087,73849.35147758153,17805080
2021-04-26,75292.0703125,75292.0703125,74480.53901571856,74751.04944797904,15489938
2021-04-27,74751.0234375,75111.70388834439,74390.34298665561,75021.53377563329,12941533
2021-04-28,74029.6796875,75021.55115712546,74029.6796875,75021.55115712546,15596759
2021-04-29,73669.0078125,74390.36896611078,73488.66752409731,74300.19882190942,20000973
2021-04-30,73488.6640625,74029.68490222392,73488.6640625,73849.34462231596,18673197
2021-05-03,73669.0078125,74300.19882190942,73037.81680309058,73037.81680309058,15710336
2021-05-04,74480.5234375,74480.5234375,73759.16243568402,73849.33256091102,12532550
2021-05-06,74210.03125,74210.03125,73669.01036603888,73669.01036603888,17047511
2021-05-07,73849.34375,74029.68402777778,73488.66319444444,73759.17361111111,14154882
2021-05-10,75021.5625,75292.07294170673,73759.18043870192,74210.03117487981,19385027
2021-05-11,73218.15625,74480.53825431035,73127.98610683497,74390.36811114532,28996680
2021-05-12,72136.1015625,73218.1430859375,71955.76130859375,72857.46257812499,35812268
2021-05-13,70783.5546875,71775.42615445859,70693.38455414012,71144.23522093949,31490096
2021-05-14,72226.265625,72406.60586376405,71144.22419241573,71234.39431179775,16450920
2021-05-17,71775.4140625,72947.62559869661,71414.73358982411,72857.45548052764,17740855
2021-05-18,71775.4140625,72136.09453517589,71324.56347165514,71775.4140625,17494407
2021-05-20,71685.265625,71865.6059158805,71324.58504323899,71595.09547955975,16541828
2021-05-21,72226.265625,73488.64729634831,71955.75526685393,72226.265625,20961714
2021-05-24,71865.59375,72496.78466122961,71685.25348964869,72226.27427070263,13398666
2021-05-25,72045.9375,72496.7881727159,71955.76736545682,72136.10763454318,13628942
2021-05-26,71955.78125,72586.97231359649,71865.61109805765,72496.80216165414,11984359
2021-05-27,71775.4140625,72136.09453517589,71324.56347165514,72136.09453517589,23198510
2021-05-28,72226.265625,72496.77598314607,71595.07478932584,71955.75526685393,12360199
2021-05-31,72586.9765625,72677.14671972049,71775.44514751552,72406.636248059,13321324
2021-06-01,72677.125,73308.31591191067,72226.27434863524,72586.95486972705,14058401
2021-06-02,72857.484375,73398.50529857673,72406.63360535272,72496.80375928218,16414644
2021-06-03,74660.8828125,74841.22310914856,73127.99029098732,73308.33058763588,29546007
2021-06-04,74119.84375,74570.69438108272,73488.65286648419,74570.69438108272,18112259
2021-06-07,73849.34375,74660.875,73578.83333333333,74570.70486111111,16496197
2021-06-08,73849.34375,74480.53472222222,73759.17361111111,74210.02430555555,12781226
2021-06-09,73127.9765625,73939.50774506782,73127.9765625,73488.6570880857,14908823
2021-06-10,73037.8125,73398.49305555555,72947.64236111111,73308.32291666666,17586995
2021-06-11,73037.8125,73669.00347222222,72767.30208333333,73218.15277777778,14087962
2021-06-14,72586.9765625,72947.657191382,72586.9765625,72857.48703416149,10550078
2021-06-15,72947.640625,73218.15103522867,72677.13021477133,72947.640625,10075685
2021-06-16,73759.1796875,73849.34983381724,73127.98866327934,73488.66924854829,14999855
2021-06-17,72947.640625,73308.32117197158,72767.30035151422,73127.98089848578,14007385
2021-06-18,72586.9765625,73127.99750582298,72586.9765625,73127.99750582298,14916721
2021-06-21,72045.9375,72136.10763454318,71775.42709637046,71865.59723091364,16063340
2021-06-22,72136.1015625,72406.61194335937,72045.93143554687,72316.44181640625,11773365
2021-06-23,72226.265625,72677.11622191011,72045.92538623596,72586.94610252809,13856548
2021-06-24,73218.15625,73398.49653633004,72226.28467518472,72496.7951046798,18771080
2021-06-25,73578.8203125,73849.33068129596,73218.13982077206,73488.65018956801,13481405
2021-06-28,73849.34375,73939.51388888889,73578.83333333333,73669.00347222222,11578529
2021-06-29,73361.1640625,74357.42678433642,73180.02538580247,74176.28810763889,15744317
2021-06-30,73089.46875,73723.45422862454,73089.46875,73451.74616635688,13288643
2021-07-01,72546.0390625,72998.8857482834,72455.46972534333,72908.31641112673,13382882
2021-07-02,72455.4921875,72817.7696484375,72364.92282226562,72455.4921875,8753097
2021-07-05,72817.7578125,73180.03521455223,72455.48041044777,72546.04976096081,8330969
2021-07-06,73542.3125,73542.3125,72908.32704741378,72998.89639778325,12131651
2021-07-07,73180.0390625,73632.88583887686,72727.19228612314,73542.31648360149,15992202
2021-07-08,72364.90625,73542.30772841051,72364.90625,73451.7383839174,16660998
2021-07-09,71912.0625,72274.3398929471,71549.7851070529,72093.20119647354,22720577
2021-07-12,72183.7734375,72455.48149309913,72002.63473376725,72364.91214123275,9768108
2021-07-13,72274.34375,72636.6211622807,72274.34375,72455.48245614035,9863450
2021-07-14,72002.625,72093.19433962264,71640.34764150943,71912.05566037736,11575636
2021-07-15,72998.8984375,72998.8984375,72002.63555559864,72274.34361429901,13766279
2021-07-16,72274.34375,72546.05180921053,72002.63569078948,72546.05180921053,10859399
2021-07-19,71549.796875,71730.93560126582,71368.65814873418,71640.36623813292,13155414
2021-07-20,71549.796875,71549.796875,71006.38069620254,71096.95005933545,12456646
2021-07-21,71096.921875,71640.3378383758,71096.921875,71549.7685111465,12355296
2021-07-22,72183.7734375,72274.34278936638,71459.21862256901,71549.78797443538,12618790
2021-07-23,71821.515625,72364.93188445775,71730.9462484237,72183.79313130517,9098910
2021-07-26,71368.640625,72002.62601126269,71368.640625,71912.05667036802,10040975
2021-07-27,71096.921875,71912.0458200637,71096.921875,71730.9071656051,11427693
2021-07-28,71730.9296875,71730.9296875,70734.66677517361,70915.80548650568,12743417
2021-07-29,71549.796875,71912.07432753165,71368.65814873418,71368.65814873418,14360453
2021-07-30,71096.921875,71459.1991839172,71096.921875,71459.1991839172,13823411
2021-08-02,71821.515625,72002.65437815258,71278.09936554225,71730.9462484237,11739124
2021-08-03,73723.453125,73723.453125,71821.49671759827,71912.0660703317,24339360
2021-08-04,75081.984375,75263.12305865501,74085.72161489747,74447.99898220747,25642368
2021-08-05,74357.4609375,75444.2934968788,74266.89155755177,75444.2934968788,18485469
2021-08-06,73814.0234375,74719.71697661043,73632.88472967791,74176.30085314417,13342623
2021-08-09,73814.0234375,74538.57826878835,73270.60731403374,73814.0234375,15522581
2021-08-10,72636.625,74629.15087281796,72546.05564214464,74538.5815149626,20362639
2021-08-11,71096.921875,72274.32312898089,71096.921875,72093.18447452229,30241137
2021-08-12,69738.40625,70825.23855519481,69647.83689123376,69828.97560876624,42365223
2021-08-13,67383.6015625,68832.7112735215,67111.89349168347,68651.57255964381,61270643
2021-08-17,67202.4765625,68017.60094129042,67021.33781165768,67021.33781165768,30944847
2021-08-18,66930.7578125,67564.74333981732,66206.20292413735,66930.7578125,29192631
2021-08-19,66206.1953125,67383.59687072503,66206.1953125,66568.47271503077,22166298
2021-08-20,65843.921875,66930.7541480399,65662.78316282669,66568.47672369325,22364803
2021-08-23,66387.3359375,67021.32141030014,66115.6278777285,66387.3359375,19384648
2021-08-24,68470.4375,68561.00686177248,66930.75834986773,66930.75834986773,21016913
2021-08-25,68561.0,69376.12417437253,67836.44517833553,69013.84676354029,22319664
2021-08-26,67564.7265625,69013.83597939009,67564.7265625,68923.26664083445,16671494
2021-08-27,67293.0234375,67927.00885346568,66840.17671181023,67293.0234375,15172748
2021-08-30,67564.7265625,68379.85060950067,67202.44920827748,68289.28127094504,12686999
2021-08-31,69466.6953125,69466.6953125,67293.0307916395,67836.44692185463,24630370
2021-09-01,69557.2578125,69828.96585083008,68742.13369750977,69466.68846638997,16114775
2021-09-02,68832.7109375,69557.26578947369,68561.00286800988,69557.26578947369,15347486
2021-09-03,69376.1328125,69466.70217648499,68832.71662859009,69194.99408453003,12096419
2021-09-06,70010.1171875,70281.82527490298,69376.1316502264,69557.27037516171,12861180
2021-09-07,68923.2578125,69828.95108204665,68742.11915859068,69828.95108204665,13239401
2021-09-08,69104.40625,69194.9755897772,68470.42087155963,68832.69823066841,11798147
2021-09-09,68198.71875,69376.12026892431,67927.01070717131,69194.98157370518,17600770
2021-09-10,68198.71875,68470.42679282869,67745.87201195219,68198.71875,10103212
2021-09-13,69104.40625,69104.40625,68017.57417267366,68108.14351245086,11397775
2021-09-14,69376.1328125,70372.39581633486,69376.1328125,69828.97963242493,18167057
2021-09-15,69738.40625,70100.68368506493,69194.9900974026,70100.68368506493,12829128
2021-09-16,68923.2578125,70100.65906291065,68923.2578125,70010.08973595599,13067622
2021-09-17,69919.546875,69919.546875,68742.14517891839,69104.42262386657,16289502
2021-09-23,70100.6640625,70281.80272932816,69557.2480620155,70191.23339591408,17055590
2021-09-24,70010.1171875,70372.39463737064,69828.97846256469,70281.82527490298,12247274
2021-09-27,70372.3828125,70372.3828125,69738.39738175676,70010.10542350386,11699798
2021-09-28,69104.40625,70462.94634665793,69013.8369102228,70372.37700688074,15406382
2021-09-29,67430.921875,68522.92060981781,67157.92219129555,68067.92113697706,23992458
2021-09-30,67430.921875,68067.92113697706,67066.9222967274,67612.9216641363,19919361
2021-10-01,66611.921875,67339.92102117486,66338.92219518442,67248.921127903,15803395
2021-10-05,65701.9296875,66429.92890841412,64973.93046658587,66429.92890841412,24013921
2021-10-06,64882.9375,66247.93618513325,64791.93758765779,66065.93636044882,18956962
2021-10-07,65155.9296875,65610.92919649092,64882.929982105445,65155.9296875,13683532
2021-10-08,65064.9140625,65883.91298076924,65064.9140625,65792.91310096154,14043287
2021-10-12,62789.921875,64518.91972373188,62516.92221467391,64336.91995018116,31001484
2021-10-13,62607.93359375,63335.932821584305,62152.93407635356,62516.933690270715,24172015
2021-10-14,63153.93359375,63517.93321100504,62607.93416786743,62789.933976494955,19520641
2021-10-15,63790.921875,64609.920871968614,63699.92198644793,63881.92176355207,18051612
2021-10-18,63881.94140625,63972.941322783125,62971.942240918805,63881.94140625,13486391
2021-10-19,64245.92578125,64609.92536074717,64063.92599150142,64427.92557099859,9507991
2021-10-20,63972.9375,64609.93687766714,63881.93758890469,64336.93714438122,10151638
2021-10-21,63881.94140625,64245.941072382484,63699.941573183765,63972.941322783125,10891094
2021-10-22,64063.9296875,64336.929387872864,63699.93008700284,63699.93008700284,8395448
2021-10-25,63881.94140625,64245.941072382484,63244.941990518164,63608.94165665064,10029621
2021-10-26,64700.93359375,65064.93322015647,64063.93424753868,64245.934060741914,10528252
2021-10-27,63790.921875,64609.920871968614,63699.92198644793,64609.920871968614,10295316
2021-10-28,64336.9296875,65701.92819572137,63244.93088092292,63244.93088092292,20644902
2021-10-29,63517.9375,65155.935888252156,63426.93758954155,64791.93624641834,17016151
2021-11-01,63608.90234375,64245.901365790414,63608.90234375,63881.901924624464,11503729
2021-11-02,65064.9140625,65701.91322115385,64336.91502403846,64427.914903846155,16812570
2021-11-03,64063.9296875,65246.92838911576,63790.92998712713,65246.92838911576,12770428
2021-11-04,64245.92578125,65155.92472999292,64154.92588637571,64791.92515049575,11818987
2021-11-05,63881.94140625,65155.94023771368,63881.94140625,65155.94023771368,12667743
2021-11-08,64245.92578125,64245.92578125,63517.92662225567,64063.92599150142,11121981
2021-11-09,64154.94140625,64609.94099069149,63790.941738696805,63972.941572473406,11159589
2021-11-10,63881.94140625,64518.94082198184,63881.94140625,63972.941322783125,9422009
2021-11-11,63608.90234375,63699.90220404149,63335.90276287554,63608.90234375,11489122
2021-11-12,64245.92578125,64518.925465872875,63608.926517129956,63881.92620175283,10087450
2021-11-15,64973.94140625,65428.94099592962,64518.941816570376,65246.94116005777,12420710
2021-11-16,64882.9375,65519.93688639552,64882.93750000001,65064.93732468443,10919239
2021-11-17,64336.9296875,65155.92879243282,64245.929786951914,64882.929090788544,11027606
2021-11-18,63881.94140625,64609.94073851496,63881.94140625,64336.9409889156,10144957
2021-11-19,64791.91796875,64973.917738325144,63790.91923608673,64063.918890449444,11954728
2021-11-22,68158.9296875,68431.9294058745,66429.93147112816,66702.93118950266,27506623
2021-11-23,68522.9296875,69159.92903386454,67794.93043451196,69159.92903386454,22029195
2021-11-24,68067.9296875,69341.92837149065,67430.93034550468,69159.92855949198,15652305
2021-11-25,67066.9296875,68340.9283518487,66975.92978290367,68340.9283518487,12559258
2021-11-26,65792.921875,67430.91992997925,65519.92219917013,66884.9205783195,13002242
2021-11-29,65792.921875,66429.92111860304,64973.922847510374,65246.922523340254,16682559
2021-11-30,64882.9375,67248.93522089762,64154.938201262274,66611.9358345021,30364841
2021-12-01,67703.921875,68067.92145497313,65155.92481518818,65519.924395161295,21954856
2021-12-02,68977.9375,68977.9375,67157.93914907653,67248.9390666227,23652940
2021-12-03,68795.921875,69159.92146164022,67430.92342509922,68795.921875,18330240
2021-12-06,69432.9140625,69796.91361197576,68158.91563933487,68340.91541407275,16391250
2021-12-07,70433.90625,70706.90588662791,68795.90843023255,69250.9078246124,19232453
2021-12-08,70433.90625,71525.90479651162,70160.90661337209,71252.90515988371,21558340
2021-12-09,71161.921875,71161.921875,70069.9230738491,70433.92267423273,21604528
2021-12-10,69978.9296875,70615.92904746425,69887.92977893369,70433.9292303316,9155219
2021-12-13,69887.921875,71252.9203491211,69614.92218017578,70251.92146809897,15038750
2021-12-14,70069.9296875,70251.92950487013,69341.93041801947,69614.93014407468,10976660
2021-12-15,70615.921875,70615.921875,69432.9231837951,69523.92308311856,9584939
2021-12-16,70797.9296875,71434.92905486825,70433.93004900386,71434.92905486825,11996128
2021-12-17,70979.921875,70979.921875,69887.92307692308,69887.92307692308,13108479
2021-12-20,70160.921875,70797.9211656939,69887.92217898833,70615.92136835279,11264375
2021-12-21,71070.9140625,71252.91384242957,70524.91472271127,70888.91428257042,14245298
2021-12-22,72253.9296875,72253.9296875,71707.93021882873,71798.93013027393,17105892
2021-12-23,72708.9140625,72799.91395494368,72162.91470783792,72617.91417005632,13577498
2021-12-24,73254.9296875,73527.92942546583,72981.92994953415,72981.92994953415,12086380
2021-12-27,72981.9296875,73345.92933681421,72617.93003818578,73345.92933681421,10783368
2021-12-28,73072.9296875,73163.92959993774,72526.9302128736,72981.92977506226,18226325
2021-12-29,72031.75,73311.5019035533,71757.51744923858,73311.5019035533,19794795
2021-12-30,71574.6953125,72671.62550886016,71391.87361310664,72123.16041068008,14236700
2022-01-04,71940.34375,72397.39803049555,71574.70032560355,72031.75460609912,12427416
2022-01-05,70751.984375,72214.55769541343,69837.87604974161,72031.73603036176,25470640
2022-01-06,70294.9453125,70934.8212776333,70020.7127560143,70112.1236081762,12931954
2022-01-07,71574.6953125,71666.10616219668,70751.9976652299,71391.87361310664,15163757
2022-01-10,71300.46875,71391.8796073718,70477.77103365384,71391.8796073718,9947422
2022-01-11,72123.171875,72214.58273922687,71300.47409695818,71666.11755386565,13221123
2022-01-12,72123.171875,72763.04792458809,71848.93928231939,72671.63706036122,11000502
2022-01-13,71209.046875,72488.79868019898,71209.046875,72488.79868019898,13889401
2022-01-14,70660.578125,71391.8648326326,70477.75644809185,71026.2214788163,10096725
2022-01-17,70843.40625,71117.63879032258,70294.94116935483,70934.81709677419,8785122
2022-01-18,70386.359375,71117.64622564935,70020.71594967533,70934.82451298702,9592788
2022-01-19,69746.4609375,70294.92589900066,69563.63928366645,69929.28259133355,10598290
2022-01-20,69929.3046875,70112.1263991013,69380.83955269608,69655.07212009803,9708168
2022-01-21,69106.6171875,69289.43892609127,68283.91936383929,69289.43892609127,15774888
2022-01-24,68649.5390625,69289.4149259321,68283.89571196737,68923.77157539947,13691134
2022-01-25,67644.03125,68558.1397804054,66912.74442567567,68375.31807432433,17766704
2022-01-26,67644.03125,67644.03125,67644.03125,67644.03125,0
2022-01-27,65175.9453125,67644.03861325386,65175.9453125,67461.2168872721,22274777
2022-01-28,67004.15625,67369.79966746249,65084.52830832197,65175.93916268759,21367447
2022-02-03,67004.15625,68466.72991984994,67004.15625,68466.72991984994,17744721
2022-02-04,67644.03125,68192.49636824324,67095.56613175676,67918.26380912162,12730034
2022-02-07,66729.9296875,67278.3948630137,66181.4645119863,67186.98400042808,14240838
2022-02-08,66729.9296875,66729.9296875,66729.9296875,66729.9296875,0
2022-02-09,66729.9296875,66729.9296875,66729.9296875,66729.9296875,0
2022-02-10,68923.78125,69289.42465185677,68283.90529675067,69106.60295092838,17746033
2022-02-11,68466.7109375,69015.17591163218,68192.4784504339,68558.12176652203,12205407
2022-02-14,67369.8046875,68101.09157691656,66821.33952043758,68009.68071573948,13993255
2022-02-15,67369.8046875,67826.85899338535,66821.33952043758,67735.44813220827,9320365
2022-02-16,68375.3359375,68466.74681442179,67826.87067596924,68192.51418365641,10767386
2022-02-17,68558.1328125,69106.597875,68101.07859375,68558.1328125,13605382
2022-02-18,67918.25,68375.30417227455,67369.78499327053,68192.48250336474,10122226
2022-02-21,67918.25,67918.25,67918.25,67918.25,0
2022-02-22,67918.25,67918.25,67918.25,67918.25,0
2022-02-23,67918.25,67918.25,67918.25,67918.25,0
2022-02-24,65358.75,66090.03671328671,65175.92832167832,66090.03671328671,15759283
2022-02-25,65724.4140625,66364.29013821279,65724.4140625,65907.23579841794,13168484
2022-02-28,65724.4140625,65724.4140625,65724.4140625,65724.4140625,0
2022-03-02,65541.5625,66181.43828451882,65358.74084728033,66090.02745815899,12481430
2022-03-03,66638.515625,66821.33734139231,65998.63961762688,66090.05047582304,13232638
2022-03-04,66638.515625,66638.515625,66638.515625,66638.515625,0
2022-03-07,64079.0078125,64536.06207649786,63896.18610690086,63987.59695970043,18617138
2022-03-08,63530.5390625,63987.59330035971,62799.25228192446,62890.6631294964,15828269
2022-03-10,63530.5390625,63530.5390625,63530.5390625,63530.5390625,0
2022-03-11,63987.58984375,64627.465742187494,63713.35731584821,64444.64405691964,15787655
2022-03-14,64170.4140625,64170.4140625,63621.948985042734,63987.592370014245,9040993
2022-03-15,64170.4140625,64170.4140625,64170.4140625,64170.4140625,0
2022-03-16,64353.24609375,64444.65695467863,63713.37006724965,64170.42437189276,10175750
2022-03-17,64353.24609375,64353.24609375,64353.24609375,64353.24609375,0
2022-03-18,64627.453125,64810.27477457568,64170.399001060825,64536.04230021217,14410038
2022-03-21,63896.16796875,64901.68706410944,63896.16796875,64810.276237258586,11169002
2022-03-22,64261.83203125,64444.65374399893,63896.18860575213,63896.18860575213,9402666
2022-03-23,64444.6484375,65084.52437943262,64261.826739804965,64536.05928634752,12398025
2022-03-24,63804.7734375,64261.827688484955,63621.951737106014,63621.951737106014,37943357
2022-03-25,63804.7734375,64170.416838287965,63621.951737106014,64079.00598809097,12986010
2022-03-28,63713.359375,63896.18106617647,63256.30514705882,63530.537683823524,12619289
2022-03-29,64170.4140625,64261.82490874288,63804.77067752849,63987.592370014245,13686208
2022-03-30,64226.44921875,64777.74921204399,64134.565886534336,64593.982547612664,12670187
2022-03-31,63950.8203125,64502.12048760775,63950.8203125,64226.47040005388,12510366
2022-04-01,63491.40234375,63858.935787129165,63399.51898290521,63858.935787129165,15916846
2022-04-04,63675.17578125,63675.17578125,63031.9921875,63307.64229910714,11107905
2022-04-05,63583.26171875,63950.79502348266,63491.37839256683,63767.02837111633,8467248
2022-04-06,62940.09375,63215.74379562044,62940.09375,63031.97709854014,15517308
2022-04-07,62480.6796875,62940.09644990809,62480.67968749999,62940.09644990809,20683327
2022-04-08,62296.9140625,62756.33083287242,62205.03070842552,62572.56412472345,15453191
2022-04-11,62388.79296875,62572.55966379787,61929.37623113034,62296.90962122607,12263735
2022-04-12,61561.84765625,62205.03113922575,61561.84765625,62113.14778451493,13924389
2022-04-13,63123.86328125,63399.513339246725,61745.61299126638,61837.496343931954,17378619
2022-04-14,62021.26171875,63123.86192708333,62021.26171875,63123.86192708333,16409494
2022-04-15,61194.31640625,61837.49991202139,61102.433048282655,61745.61655405405,13176415
2022-04-18,61286.19140625,61653.72478799662,60734.89133363006,61102.424715376685,10119203
2022-04-19,61837.5,62480.68350668647,61561.84992570579,61653.733283803864,12959434
2022-04-20,61929.37890625,61929.37890625,61102.42874281343,61561.84550027819,16693293
2022-04-21,62205.03125,62756.33137924668,62021.26454025111,62113.147895125556,12847448
2022-04-22,61561.84765625,61837.49772038246,61286.19759211754,61745.614365671645,11791478
2022-04-25,60918.6640625,61286.19748067496,60918.6640625,61102.43077158748,11016474
2022-04-26,60734.89453125,61286.19463289523,60734.89453125,61010.544582072616,12946923
2022-04-27,59724.1796875,60183.59645432692,59632.29633413461,60091.71310096153,18122084
2022-04-28,59540.4140625,60183.597547743055,59264.763997395836,60091.714192708336,16895527
2022-04-29,61929.37890625,62113.14560923591,59724.178470419145,59816.061821912095,26190390
2022-05-02,61837.5,62113.1500742942,61102.43313521545,61194.31649331352,14106184
2022-05-03,62021.26171875,62848.211875,61837.49501736111,61929.37836805556,14168875
2022-05-04,62388.79296875,62848.209706369664,62021.25957865427,62480.67631627394,11505248
2022-05-06,61102.4375,61653.73768796992,61102.4375,61561.85432330827,14356156
2022-05-10,60367.3671875,60918.66734446347,59999.833749524354,60551.13390648783,17235605
2022-05-11,60367.3671875,60918.66734446347,59907.95039003044,60183.60046851217,12330920
2022-05-12,59632.296875,60183.5970001926,59632.296875,59907.9469375963,16414188
2022-05-13,61102.4375,61286.2042293233,59907.95375939849,59999.83712406015,14551536
2022-05-16,60918.6640625,61929.38096248115,60734.89735341252,61653.73089884992,11937555
2022-05-17,62113.14453125,62388.794580944894,61194.31103226701,61194.31103226701,15680447
2022-05-18,62572.57421875,63123.87443213106,62113.157374265786,62756.34095654368,16486319
2022-05-19,62021.26171875,62113.14506944444,61102.428211805556,61102.428211805556,17073727
2022-05-20,62480.6796875,62848.213097426466,62205.02963005514,62296.91298253676,12109671
2022-05-23,62388.79296875,63215.74309646539,62113.1429261782,63215.74309646539,13684088
2022-05-24,61102.4375,62205.037875939845,61102.4375,62021.27114661654,15482576
2022-05-25,61010.5390625,61653.722456231175,60551.12235269202,61286.18908838479,15150490
2022-05-26,60551.125,61745.60849772383,60183.59161608498,60918.658383915026,15970890
2022-05-27,61102.4375,61469.97095864661,60826.787406015035,61286.2042293233,11405555
2022-05-30,62205.03125,62296.914604874444,61469.96441100443,62021.26454025111,14255484
2022-05-31,61929.37890625,62021.26225774296,61286.195445799334,62021.26225774296,24365002
2022-06-02,61286.19140625,61561.84144255997,61010.54136994003,61194.308060813346,14959443
2022-06-03,61378.08203125,61837.49881292103,61378.08203125,61745.61545658683,8222883
2022-06-07,60183.59375,61010.54389312977,60091.71040076336,60826.77719465649,19355755
2022-06-08,59999.8359375,60367.36938887826,59999.8359375,60091.719300344565,12483180
2022-06-09,59907.953125,59907.953125,59264.76957917945,59816.06976131135,25790725
2022-06-10,58621.58203125,59172.88217574452,58621.58203125,58805.34874608151,22193552
2022-06-13,57059.5703125,57702.75387479871,57059.5703125,57335.22041062802,22157816
2022-06-14,56875.79296875,57151.443015448305,56140.72617755452,56232.609526453954,24606419
2022-06-15,55773.19140625,56508.25817931425,55313.774673084845,56324.49148604819,26811224
2022-06-16,55956.96875,56783.919027093594,55589.435293513954,56324.50220648604,23394895
2022-06-17,54946.25,55038.13336120402,54578.71655518395,54578.71655518395,29053450
2022-06-20,53935.53125,55038.13154812606,53384.231100936966,54946.24818994889,34111306
2022-06-21,53751.75390625,54394.937286324785,53476.10388621795,53935.52058627136,25148109
2022-06-22,52924.80859375,54303.05881754558,52924.80859375,54211.17546929254,23334687
2022-06-23,52741.0390625,53292.33912238676,52189.73900261324,53016.68909244338,28338608
2022-06-24,53659.875,54303.05843321918,53016.69156678082,53200.4582619863,23256103
2022-06-27,54027.4140625,55038.13099224064,53567.997276254246,54211.1807769983,18122236
2022-06-28,54578.70703125,54670.590376420456,53935.523615056816,54394.94034090909,13540538
2022-06-29,53618.20703125,54357.76850754311,53618.20703125,54080.432953933196,14677138
2022-06-30,52693.7578125,53248.42894736842,52693.7578125,52878.64819078947,18915142
2022-07-01,51954.19921875,53155.986745162365,51676.86363573176,52601.31557912588,24982097
2022-07-04,52786.1953125,53063.5308395359,51491.962852999124,51861.743555713656,17807126
2022-07-05,52878.65234375,53803.10430780157,52878.65234375,53248.43312937063,14216539
2022-07-06,52139.0859375,52971.09262799202,52139.0859375,52971.09262799202,16820461
2022-07-07,53803.09765625,54265.323581131874,52046.639141698884,52139.084326675256,21322833
2022-07-08,54265.328125,54819.99928130324,53803.102161413975,54172.882932282795,15339271
2022-07-11,54357.7734375,55097.334980867345,54265.328244579076,54819.999402104586,13042624
2022-07-12,53710.65234375,54265.323452291304,53710.65234375,54172.87826753442,9336061
2022-07-13,53618.20703125,54172.87813846983,53618.20703125,53895.54258485992,10841315
2022-07-14,53155.98828125,53803.104660326084,53063.54308423913,53155.98828125,15067012
2022-07-15,55467.1171875,55467.1171875,53710.658476562494,53987.994062499994,18685583
2022-07-18,57223.56640625,57316.01158622779,55929.333886560984,56021.77906653877,20832517
2022-07-19,56299.125,56853.79618226601,55652.00862068965,56761.350985221674,15248261
2022-07-20,55929.33984375,57408.46288094008,55929.33984375,57131.127311466946,16782238
2022-07-21,57131.12890625,57223.574098654935,56114.23178979571,56484.01255941545,12291374
2022-07-22,56668.90625,57500.91303017944,56576.461052202285,57131.13223898858,10261310
2022-07-25,56484.00390625,57223.56533219108,56206.6683715221,56299.113549764734,9193681
2022-07-26,57038.671875,57223.56222143436,56206.66531604538,56206.66531604538,6597211
2022-07-27,57131.12890625,57223.574098654935,56576.45775182039,56668.90294422532,7320997
2022-07-28,57223.56640625,57870.68266609451,56946.23086631664,57593.34712616115,10745302
2022-07-29,56761.3515625,57870.69393831433,56668.90636451547,57685.803542345275,15093120
2022-08-01,56668.90625,57038.68704119087,55744.45427202284,56391.570656606855,13154816
2022-08-02,57038.671875,57223.56222143436,56391.55566247974,56576.4460089141,13614895
2022-08-03,56668.90625,56946.241843393145,56391.570656606855,56946.241843393145,10053861
2022-08-04,56853.78515625,57131.120693597564,56576.44961890244,57038.67551448171,9125439
2022-08-05,56853.78515625,57223.565872713414,56576.44961890244,57038.67551448171,9567620
2022-08-08,56206.66796875,56761.33903423109,56021.77761358964,56761.33903423109,11313150
2022-08-09,55467.1171875,56114.2335546875,55097.33640625,56021.788359374994,18251170
2022-08-10,54635.09765625,54727.54282994924,54172.87178775381,54450.207308851524,18084349
2022-08-11,55374.6640625,55467.10924457429,54819.992970054256,55097.32851627713,15141941
2022-08-12,55652.00390625,56114.2298523152,54912.44239254568,55004.887581758725,10786658
2022-08-16,56391.5703125,56946.24149590164,55744.45393186475,55929.344326331964,15036727
2022-08-17,55836.89453125,56576.4560482202,55744.44934162873,56484.01085859892,9061518
2022-08-18,56853.78515625,57223.565872713414,55467.10746951219,55744.44300685976,16372754
2022-08-19,56299.125,56946.24137931034,56021.78940886699,56761.350985221674,6923679
2022-08-22,55467.1171875,55836.897968749996,55282.226796874995,55744.45277343749,8259865
2022-08-23,54635.09765625,55097.32352474619,54542.652482550766,54542.652482550766,9041629
2022-08-24,54542.6640625,55004.89002913136,54542.6640625,54727.55444915254,8888486
2022-08-25,55189.78125,55189.78125,54542.664886934675,54727.555276381914,5767902
2022-08-26,55467.1171875,56299.123945312494,55374.6719921875,55744.45277343749,9499995
2022-08-29,54172.8828125,54450.2183900384,54172.8828125,54265.3280050128,9841329
2022-08-30,54357.7734375,54542.663823341834,53895.54747289541,54265.328244579076,9690044
2022-08-31,55189.78125,55374.67163944724,53803.103329145735,53803.103329145735,14203512
2022-09-01,53987.984375,54450.21026862157,53895.539196275684,54265.31991117295,14905777
2022-09-02,53155.98828125,54172.88544836956,53155.98828125,53895.549857336955,15040310
2022-09-05,52786.1953125,53433.311542250434,52508.8597854641,53063.5308395359,11425977
2022-09-06,52786.1953125,53248.42119089317,52601.304961142734,52878.64048817863,7503086
2022-09-07,51769.3046875,52416.42099609375,51676.859500558036,52416.42099609375,17384854
2022-09-08,51399.5234375,52139.08492580936,51399.5234375,51954.19455373201,18000016
2022-09-13,53710.65234375,54080.43308277754,52508.8649419105,52693.75531142427,17166581
2022-09-14,52508.85546875,52878.636141065144,51861.7392921985,51954.18446027729,12524961
2022-09-15,51769.3046875,52786.20174386161,51769.3046875,52693.756556919645,11664819
2022-09-16,51954.19921875,52139.089607428825,51307.08285837411,51399.52805271352,13456503
2022-09-19,52139.0859375,52693.75706449468,51769.30518617021,52046.64074966755,12278653
2022-09-20,51584.41015625,52693.752310147844,51584.41015625,52139.08123319892,14041465
2022-09-21,51122.19140625,51307.08179108273,50844.85582900091,51214.636598666366,11863700
2022-09-22,50290.1875,50567.52309283088,50197.742302389706,50475.07789522059,12786510
2022-09-23,50382.6171875,50752.39786410551,50105.281680045875,50290.172018348625,10555964
2022-09-26,49827.9609375,50105.29652713358,49550.625347866415,49643.07054441094,15008449
2022-09-27,50105.29296875,50105.29296875,49458.1766388953,49735.51220883303,16631289
2022-09-28,48903.5078125,50290.18572778828,48533.72703508979,49827.95975602552,19991129
2022-09-29,48960.28125,49984.16545865019,48960.28125,49611.84392823194,13882080
2022-09-30,49425.6875,49891.089453860644,48215.642419962336,48681.04437382298,22503249
2022-10-04,51380.36328125,51566.52401777627,50728.800703408066,51473.44364951314,19148435
2022-10-05,52125.015625,53241.98024553571,51566.53331473214,52962.73909040178,22458970
2022-10-06,52404.2578125,53335.0616812833,52404.2578125,52776.57936001332,14944446
2022-10-07,52311.18359375,52962.74637872553,51380.379615213526,52031.94240018906,16886813
2022-10-11,51566.5234375,51845.764539147116,50263.39829648015,50635.71976534296,21437877
2022-10-12,51938.85546875,53055.820102486556,51380.373151881715,51845.77508260529,18408910
2022-10-13,51380.36328125,52218.08659561821,51380.36328125,51566.52401777627,13784602
2022-10-14,52404.2578125,52590.41858625666,51938.85587810835,52311.17742562167,12924326
2022-10-17,52683.4921875,53055.813687058304,51845.768813493814,51938.84918838339,13641878
2022-10-18,52590.41796875,53148.90028346239,51938.85526825221,52776.5787403208,14820702
2022-10-19,51938.85546875,52962.73971634184,51845.77508260529,52776.57894405242,12660652
2022-10-20,51659.61328125,52125.0152027027,51287.29174408784,51380.37212837838,17107653
2022-10-21,52031.9296875,52404.25118794723,51287.28668660555,51287.28668660555,11456060
2022-10-24,53521.21875,53521.21875,52776.57570652174,53055.816847826085,16944503
2022-10-25,53707.3828125,54545.10628791161,53055.82010940208,53055.82010940208,17405678
2022-10-26,55289.7421875,55475.90293560606,53707.37582859848,53986.616950757576,20824967
2022-10-27,55382.83203125,55941.31437106093,54824.34969143908,55568.992811186974,21756712
2022-10-28,53335.05859375,55103.585842059336,53241.97821226003,54824.34469758944,20924937
2022-10-31,55289.7421875,55755.14405776515,53986.616950757576,54079.69732481061,18999514
2022-11-01,55848.2265625,56127.4676953125,55382.82467447917,55755.146184895835,17201647
2022-11-02,55475.91015625,55848.23170092282,55196.668997745386,55568.99054241821,13202919
2022-11-03,55103.5859375,55662.06822740709,54079.70173933699,54545.10364759291,17492162
2022-11-04,55289.7421875,55382.82256155303,54358.938446969696,55010.50106534091,12445841
2022-11-07,56034.390625,56127.47100809801,55289.74756021595,55568.98870950997,12437246
2022-11-08,57523.6875,57616.76790048544,56313.64229368932,56313.64229368932,18273898
2022-11-09,57709.84765625,57896.008455141135,57058.284860131054,57709.84765625,14045592
2022-11-10,56220.55859375,57244.442939000415,56220.55859375,57151.36254397765,21087633
2022-11-11,58547.56640625,58826.80758147854,57989.084055792926,58733.72718973569,20037163
2022-11-14,57616.765625,58547.5695930937,57430.60483138126,58547.5695930937,15973416
2022-11-15,58082.16015625,58175.24054111579,57337.51707732372,57895.99938651843,12310986
2022-11-16,58361.40625,58361.40625,57430.602322567785,58082.16507177034,12909260
2022-11-17,57151.359375,57709.84171416938,57058.27898513844,57709.84171416938,13298296
2022-11-18,57523.6875,58082.169902912625,57151.365898058255,57523.6875,12236503
2022-11-21,57151.359375,57523.68093444625,56592.87703583062,57151.359375,9378097
2022-11-22,56406.71875,56965.20111386139,56127.477568069306,56685.959931930694,9411289
2022-11-23,56779.0390625,57058.28023821721,56499.797886782784,56965.19984631147,8765050
2022-11-24,57151.359375,57430.60054458469,56685.957425692184,56965.198595276874,8125010
2022-11-25,56779.0390625,57430.60180584016,56592.87827868852,57151.36063012295,6677933
2022-11-28,55941.30859375,56313.63011517263,55662.067452683026,56313.63011517263,8589032
2022-11-29,56406.71875,56406.71875,55662.07559818482,55755.155992161715,7014160
2022-11-30,57895.9921875,57895.9921875,56034.38472166399,56220.54546824759,19768903
2022-12-01,58268.3203125,58826.8026158147,57989.07916084265,58733.722231928914,16631445
2022-12-02,56220.55859375,58175.24688922807,56220.55859375,58175.24688922807,15331184
2022-12-05,56127.47265625,56872.11574290008,55848.23149875621,56685.95497123756,13767787
2022-12-06,55103.5859375,55941.30937236064,55103.5859375,55662.06822740709,13888300
2022-12-07,54824.34375,55475.90640916808,54452.02223047538,54731.263370118846,12100662
2022-12-08,55103.5859375,55103.5859375,54545.10364759291,54638.18402924409,12986815
2022-12-09,56220.55859375,56406.719383795535,55196.67424849959,55196.67424849959,10529632
2022-12-12,55382.83203125,55848.23398109244,55289.75164128152,55755.15359112395,9036472
2022-12-13,55568.98828125,56127.470575533924,55289.747134108045,55475.90789886935,9040873
2022-12-14,56313.6328125,56406.71319731405,55662.070118801654,55662.070118801654,8207485
2022-12-15,55196.66796875,56034.39142864671,55196.66796875,55662.069890914834,8716039
2022-12-16,55382.83203125,55382.83203125,54265.867351628156,54265.867351628156,13033596
2022-12-19,55382.83203125,55755.15359112395,55010.51047137605,55382.83203125,7696187
2022-12-20,54545.11328125,55010.51527170435,54452.03288315913,54917.434873613485,9284761
2022-12-21,53986.62109375,55010.505286907326,53986.62109375,54638.18376212284,10356971
2022-12-22,55010.5078125,55010.5078125,54079.703957804566,54079.703957804566,10720630
2022-12-23,54079.70703125,54358.9482035284,53707.38546821213,54172.78742200947,9829407
2022-12-26,53893.54296875,54079.70373893567,53707.38219856434,53986.623353842835,6756411
2022-12-27,54079.70703125,54358.9482035284,53893.546249731065,53986.62664049053,10667027
2022-12-28,53012.8828125,53949.50618374558,52825.55813825088,53949.50618374558,14665410
2022-12-29,51795.28515625,52638.24639749096,51795.28515625,52450.92167721519,11295935
2023-01-02,51982.60546875,52544.579581925675,51701.61841216216,51982.60546875,10031448
2023-01-03,51888.9375,52450.91155234657,51045.97642148015,51888.9375,13547030
2023-01-04,54136.8359375,54324.16062932526,52076.26432742215,52169.926673334776,20188071
2023-01-05,54511.48828125,55073.46238724227,53949.51417525773,54511.48828125,15682826
2023-01-06,55260.78515625,55635.434547139834,54230.49933130297,54605.1487221928,17334989
2023-01-09,56853.04296875,56853.04296875,55822.7571818369,55916.41952610173,18640107
2023-01-10,56572.0625,57227.69898592715,56103.75072433775,56384.737789735096,14859797
2023-01-11,56665.72265625,57321.35911673553,56478.397953254134,57134.03441373967,12310751
2023-01-12,56665.72265625,57321.35911673553,56103.748547262396,57227.696765237604,16102561
2023-01-13,56946.7109375,57321.3603515625,56572.0615234375,56665.723876953125,12510328
2023-01-16,57227.69140625,57696.003119885434,56946.70437806874,57415.01609170417,10039972
2023-01-17,57134.03515625,57602.34691982582,56759.38574538934,57321.35986168033,9831456
2023-01-18,56572.0625,57134.0366307947,56103.75072433775,56853.04956539735,11584041
2023-01-19,57602.34375,57602.34375,56572.05792682927,56665.720274390245,12808490
2023-01-20,57883.33203125,58351.64377907565,57227.695584294095,58164.31907994539,9646327
2023-01-25,59288.26171875,59662.91108190166,59007.27469638625,59475.586400325825,39217
2023-01-26,59756.58203125,59850.24438553096,59288.27025984522,59756.58203125,54188
2023-01-27,60505.8828125,60880.53224167957,59850.24631143576,60318.558097910216,44282
2023-01-30,59288.26171875,60786.859171356635,59100.93703717417,60786.859171356635,59628
2023-01-31,57508.6875,59662.9217223127,57134.03807003257,59475.59700732899,163847
2023-02-01,57134.03515625,58726.29515240779,57134.03515625,58632.63279969262,98585
2023-02-02,59475.59375,59850.24315944882,58632.63257874016,59194.60669291339,65992
2023-02-03,59475.59375,59943.90551181103,59007.28198818898,59850.24315944882,47567
2023-02-06,57696.0078125,59007.28071732955,57696.0078125,58819.95601663961,144104
2023-02-07,58070.66015625,58538.97193170363,57696.010735887096,57976.99780115927,32873
2023-02-08,59100.9375,59288.26218304279,58445.301109350235,58819.95047543581,42558
2023-02-09,59288.26171875,59288.26171875,58351.638310870854,59007.27469638625,48035
2023-02-10,58913.625,59007.2873608903,58445.313195548486,58632.63791732909,44786
2023-02-13,58913.625,59007.2873608903,58351.65083465818,58913.625,59395
2023-02-14,59194.60546875,59850.24192172666,59194.60546875,59569.254870450946,70606
2023-02-15,58257.97265625,59850.232359073554,58070.64798532958,59850.232359073554,58370
2023-02-16,59662.92578125,59662.92578125,58445.31505102041,58538.977414884226,41448
2023-02-17,58632.62890625,59288.26533171925,58445.30421325879,58913.61594573682,28613
2023-02-20,58726.296875,59007.28394138756,57883.33567583733,58913.621585925044,29846
2023-02-21,58164.31640625,58819.95282306764,58070.65406099034,58726.290477807976,60971
2023-02-22,57227.69140625,57883.327805339606,57134.02906352292,57602.34077715835,39178
2023-02-23,58070.66015625,58538.97193170363,57602.34838079637,57789.67309097782,37145
2023-02-24,57415.0234375,58632.63404873572,57415.0234375,58351.646984604406,50792
2023-02-27,56665.72265625,56946.7097107438,56384.7356017562,56946.7097107438,11155697
2023-02-28,56759.38671875,57508.68555332095,56665.72436442863,56946.71142739274,13715861
2023-03-02,56946.7109375,57883.33447265625,56665.723876953125,57040.373291015625,13095682
2023-03-03,56665.72265625,57321.35911673553,56665.72265625,57134.03441373967,10711405
2023-03-06,57602.34375,57696.006097560974,56946.707317073175,57227.6943597561,13630602
2023-03-07,56853.04296875,57508.67937860379,56853.04296875,57508.67937860379,11473280
2023-03-08,56478.3984375,56665.72314210199,56103.74902829602,56291.07373289801,14161857
2023-03-09,56291.0703125,56946.70673876872,56103.745619280366,56665.71969893927,14334499
2023-03-10,55729.10546875,55916.430193014705,55354.45602022059,55729.10546875,11902471
2023-03-13,56197.3984375,56384.72309895833,55541.762122395834,56103.73610677083,12779724
2023-03-14,55260.78515625,55729.09689486229,55260.78515625,55635.434547139834,12147346
2023-03-15,56010.08984375,56478.401631741224,55822.76512855351,56197.41455894649,10482149
2023-03-16,56103.74609375,56384.73313595576,55354.44731453464,55448.10966193656,10611939
2023-03-17,57415.0234375,57415.0234375,56759.38695452691,56946.7116639478,14090110
2023-03-20,56384.73046875,57321.35389846346,56384.73046875,57227.69155549211,9618009
2023-03-21,56478.3984375,56853.04784670398,56291.07373289801,56665.72314210199,8318514
2023-03-22,57227.69140625,57321.35374897709,56665.71734988748,57134.02906352292,8978591
2023-03-23,58351.640625,58351.640625,56759.380768459065,56759.380768459065,15381057
2023-03-24,59007.28125,59288.26830357143,58351.644791666666,58726.29419642857,18278602
2023-03-27,58164.31640625,58819.95282306764,58070.65406099034,58632.628132548314,11039331
2023-03-28,58913.625,58913.625,58164.326112877585,58445.313195548486,11614118
2023-03-29,58726.296875,58726.296875,58257.9850976874,58538.97216407496,11216008
2023-03-30,59537.39453125,60008.41822216179,59443.18979306764,60008.41822216179,15684377
2023-03-31,60291.03515625,60291.03515625,60008.42092895508,60291.03515625,14094479
2023-04-03,59443.19140625,60291.03407290016,59348.9866655111,60291.03407290016,11973133
2023-04-04,59914.21875,60102.62824292453,59160.58077830189,59725.809257075474,11120514
2023-04-05,60196.828125,60291.03286384977,59725.804430751174,60008.41864730047,9176149
2023-04-06,58689.55078125,59914.21235453451,58689.55078125,59820.00761812801,14992747
2023-04-07,61233.08203125,61421.491514423076,60102.62513221154,60102.62513221154,27476120
2023-04-10,61892.515625,62457.744078196345,60950.46820300609,61044.67294520548,18777166
2023-04-11,62080.9296875,62363.5439349393,61609.90594176783,62363.5439349393,16323183
2023-04-12,62175.125,62363.53446969697,61515.69185606061,61986.71553030303,15021313
2023-04-13,62269.33984375,62269.33984375,61609.90659275719,61798.31609304085,15091022
2023-04-14,61327.2890625,62740.3602390553,61233.084317396315,62740.3602390553,16176490
2023-04-17,61515.6953125,61798.30953292496,60950.46687165008,61233.08109207504,13486618
2023-04-18,61798.3046875,62175.12361852134,61044.666825457316,62080.918885766005,14802060
2023-04-19,61704.10546875,61986.71969227099,61515.69598640267,61704.10546875,10255985
2023-04-20,61515.6953125,61515.6953125,60856.262131508425,61327.285832216694,9501169
2023-04-21,61892.515625,62080.92510939878,61609.901398401824,61986.720367199385,10538622
2023-04-24,61421.4921875,61892.51590059433,61044.673217024545,61515.696930118866,12986581
2023-04-25,59914.21875,61609.90418632076,59725.809257075474,61515.699439858494,16193271
2023-04-26,60385.23828125,60573.64776106669,59631.60036198323,59914.21458170827,12664541
2023-04-27,60856.265625,61233.08460719814,59631.60393285604,60385.24189725232,14779601
2023-04-28,61704.10546875,62080.924433444656,61233.08176288168,61421.49124522901,19699481
2023-05-02,61892.515625,62457.744078196345,61327.28717180365,62175.12985159817,14396948
2023-05-03,61609.90234375,61798.311831039755,61138.87862552561,61327.28811281537,8876749
2023-05-04,61327.2890625,61892.51753312212,60950.47008208525,61798.31278801843,9791064
2023-05-08,62080.9296875,62457.74868408573,61609.90594176783,62457.74868408573,9405365
2023-05-09,61515.6953125,61986.71901320827,61327.285832216694,61986.71901320827,9366861
2023-05-10,60856.265625,61704.10833494582,60573.6513883514,61704.10833494582,13057727
2023-05-11,60479.4375,61327.2800817757,60479.4375,60950.46115654206,11648905
2023-05-12,60385.23828125,60856.261980791736,59914.21458170827,60008.41932161662,8693913
2023-05-15,60762.0546875,60856.259423449614,60196.826271802325,60385.23574370155,8172021
2023-05-16,61609.90234375,62080.92606197439,61515.69760010512,61986.72131832951,12334657
2023-05-17,61233.08203125,62080.92470552885,61044.672548076924,62080.92470552885,10745504
2023-05-18,62363.53515625,62363.53515625,61892.51147682213,62175.12568447885,14431704
2023-05-19,64436.03515625,64436.03515625,63588.19258840461,63870.806777686405,20349345
2023-05-22,64530.23828125,65001.26191833942,64059.21464416059,64436.03355383212,14470308
2023-05-23,64436.03515625,64718.6493455318,64153.4209669682,64530.2398860106,8561643
2023-05-24,64530.23828125,64718.64773608577,64059.21464416059,64153.41937157847,8192896
2023-05-25,64812.859375,65943.31622456395,64718.65463753634,65849.1114871003,14231160
2023-05-26,66225.921875,66320.1266002845,65472.28407272404,65754.89824857752,19549511
2023-05-30,68110.046875,68110.046875,67073.7944329184,67167.99920038035,27476897
2023-05-31,67262.1796875,68298.4317555147,66885.36075367648,68204.22702205883,25666087
2023-06-01,66791.1640625,67450.59727609309,66508.54982810296,66791.1640625,14669296
2023-06-02,68015.8125,68015.8125,67450.58414127424,67544.78886772854,12161798
2023-06-05,67544.796875,68486.84425122036,67262.18266213388,68486.84425122036,12686829
2023-06-07,66885.359375,67450.5877640845,66696.94991197182,67167.97356954226,14796613
2023-06-08,66791.1640625,66791.1640625,65943.32135930889,66320.14033850493,19165568
2023-06-09,67827.40625,68110.02044270834,66696.94947916667,66979.563671875,15050209
2023-06-12,66885.359375,68204.22561619719,66696.94991197182,67921.61142165493,12064287
2023-06-13,67827.40625,68015.81571180555,67450.5873263889,67544.79205729166,13227285
2023-06-14,67733.203125,68015.81732440891,66979.5652599096,67921.6125912726,12541046
2023-06-15,67356.390625,68110.02856206294,67167.98114073426,67921.61907779721,13614994
2023-06-16,67639.0078125,67733.21255875696,66791.16509618732,67639.0078125,15373696
2023-06-19,67073.78125,67544.80499473315,66791.16700316011,67167.98599894663,11100887
2023-06-20,67262.1796875,67262.1796875,66320.13235294117,66602.74655330883,11557883
2023-06-21,66414.3359375,67073.7690602837,66320.13120567377,66602.74540115248,10626603
2023-06-22,67167.96875,67356.37819950911,66037.5120529453,66131.71677769985,11411007
2023-06-23,67450.6015625,68015.83006721368,67450.6015625,67827.42056564246,12329484
2023-06-26,68204.21875,68298.4234720304,67356.37625172653,67544.7856957873,10541901
2023-06-27,68392.640625,68392.640625,67827.41219008264,68298.43588584711,9442997
2023-06-28,68486.84375,68486.84375,67827.4105914718,68392.6390130674,8783093
2023-06-29,68544.59375,69491.34228245856,68544.59375,69207.317722721,12229967
2023-06-30,68355.2421875,68828.61644087604,67881.86793412396,68639.26673952563,11694765
2023-07-03,69112.6328125,69301.98249143836,68733.93345462329,68828.60829409247,10722181
2023-07-04,69112.6328125,69680.68184931506,69017.95797303082,69491.33217037671,10214350
2023-07-05,68165.890625,69396.6636501736,68071.21577690972,69112.63910590278,12310610
2023-07-06,67787.2109375,68544.60994238827,67692.53606188897,68071.2355643331,14777667
2023-07-07,66177.71875,67597.84146995709,66083.04390200286,67313.81692596566,17308877
2023-07-10,65799.0234375,66651.09712230216,65514.99887589928,66272.39770683453,11713926
2023-07-11,67692.53125,67692.53125,66367.08308566433,66461.75795454545,12177392
2023-07-12,68071.2109375,68165.88577885952,67313.81220662378,67408.4870479833,10375581
2023-07-13,68071.2109375,68733.93482701668,68071.2109375,68544.58514429763,14417279
2023-07-14,69491.3515625,69491.3515625,68544.60290361036,68639.27776949931,15882519
2023-07-17,69396.671875,69586.02159362209,68923.29757844475,69301.99701568895,10060049
2023-07-18,68165.890625,69586.01334635417,68165.890625,69301.98880208333,11697900
2023-07-19,67881.875,68923.29846582984,67503.17555788005,68828.62360529986,10896412
2023-07-20,67219.1484375,67692.52272227113,67029.79872359155,67313.82329445423,9732730
2023-07-21,66556.4140625,66651.08890469417,65704.3404827525,66651.08890469417,16528926
2023-07-24,66651.1015625,67124.47586337003,66177.72726162997,66367.07698197798,13418597
2023-07-25,66272.390625,66745.76484375,66083.0409375,66272.390625,14314945
2023-07-26,66083.0625,66840.46149713466,64473.58963108882,66083.0625,30016221
2023-07-27,67881.875,67881.875,65609.67834728034,66177.72751046024,24261179
2023-07-28,66840.4609375,68544.6086667847,66367.08656825425,67976.5594236898,19420683
2023-07-31,66083.0625,67219.160995702,66083.0625,67124.48612106017,13035420
2023-08-01,67313.8359375,67408.51081223629,66272.41231540084,66367.08719013713,12299254
2023-08-02,66177.71875,67219.14207796853,66083.04390200286,66935.11753397711,13835020
2023-08-03,65136.29296875,66461.74079078852,64852.268435456026,66177.71625749454,20087090
2023-08-04,64662.92578125,65420.32461909774,64568.25092651904,65136.30005490484,12360193
2023-08-07,64852.2734375,65514.99739963503,64000.19977189781,64094.87462363138,10968505
2023-08-08,64000.203125,65420.325975406806,63810.85341161242,65325.651118713016,14664709
2023-08-09,65230.96875,65893.69267053701,64284.22029208999,64378.89513788099,17259673
2023-08-10,64378.90625,64852.28056066177,64189.556525735294,64662.93083639706,10227311
2023-08-11,63905.52734375,65136.30046296296,63905.52734375,64757.60104166666,9781038
2023-08-14,63716.1796875,64284.228837760034,63337.480253993315,63905.52940425334,9352343
2023-08-16,63432.1484375,63526.82328591418,62769.42449860075,63148.12389225746,13174578
2023-08-17,63148.1171875,63242.79202586207,62485.39331896552,62769.417834051725,10778652
2023-08-18,62769.43359375,63148.13304227941,62296.05928308824,62485.409007352944,11745006
2023-08-21,63053.45703125,63526.83133328641,62769.43245002815,63053.45703125,9720067
2023-08-22,63053.45703125,64094.8804957301,62769.43245002815,63621.50619369369,10500242
2023-08-23,63526.82421875,63526.82421875,62864.10027011923,63148.124819532415,9549352
2023-08-24,64568.25,65041.62426686217,64284.2254398827,64662.92485337244,15044463
2023-08-25,63526.82421875,63810.84876816319,63337.47451914121,63526.82421875,7032462
2023-08-28,63242.81640625,63432.16615596931,62958.79178167103,63242.81640625,5824628
2023-08-29,63242.81640625,63621.515905688626,63053.46665653069,63337.49128110966,9114352
2023-08-30,63526.82421875,64094.87331757638,63526.82421875,63716.17391835879,9181223
2023-08-31,63337.4765625,63621.50112107623,62864.10229820628,63526.82626821749,15964630
2023-09-01,67219.1484375,67219.1484375,63148.129588468306,63242.80444542253,29738235
2023-09-04,67408.5078125,69017.98061139396,66935.13345988413,69017.98061139396,26286495
2023-09-05,66935.125,67692.52386845827,66461.75070721358,67124.47471711457,12330239
2023-09-06,66272.390625,67029.78937500001,65988.36609375001,66935.11453125,11414620
2023-09-07,66651.1015625,66840.45128284801,65893.70268110796,66272.40212180397,13741241
2023-09-08,66556.4140625,66556.4140625,65893.69016714083,66461.73922030583,10688118
2023-09-11,67029.8046875,67029.8046875,66272.4057644774,66651.1052259887,11785462
2023-09-12,66745.7734375,67219.14771719858,66651.09858156028,67029.79800531914,11688599
2023-09-13,67124.4765625,67787.20059062059,66556.42739553949,67313.82628482017,15955797
2023-09-14,67881.875,67976.54986052998,67029.80125523012,67408.50069735007,21041407
2023-09-15,68165.890625,68449.91516927083,67597.84153645833,67881.86608072916,17823512
2023-09-18,66461.75,67881.87286324786,66461.75,67503.17343304843,16040727
2023-09-19,66083.0625,67029.81124641834,65893.71275071632,66651.111747851,11820188
2023-09-20,65893.6875,66556.41136853448,65799.01266163793,66272.38685344828,10873015
2023-09-21,65230.96875,66083.04236211901,65136.293904209,65514.99328737301,10796336
2023-09-22,65136.29296875,65230.96781318132,64662.91874659339,64662.91874659339,9897840
2023-09-25,65704.3359375,65988.36044443444,64852.262416696685,64852.262416696685,13582516
2023-09-26,65286.5546875,66618.93335459183,65096.21487791545,66618.93335459183,13143470
2023-09-27,65096.2109375,65762.40023072003,64905.871139437135,65286.550735562865,14886491
2023-10-04,64239.6875,64430.02731481481,63478.32824074074,64144.517592592594,23361149
2023-10-05,63478.31640625,64144.5056339018,63478.31640625,64049.33574423726,16108313
2023-10-06,62812.12890625,64049.33750591856,62812.12890625,63858.997721354164,14386527
2023-10-10,63192.81640625,64334.85525696536,63002.47659779744,63002.47659779744,19889202
2023-10-11,64905.87890625,66047.91783128666,64620.36917499083,65286.558547928886,25209349
2023-10-12,65572.0546875,66333.41381304426,64905.865452648766,65286.545015420896,19311380
2023-10-13,64715.5390625,65191.38861443014,64430.02933134191,64715.5390625,9724086
2023-10-16,64049.34765625,65191.386544622954,63573.49811942793,64620.36710043648,12599299
2023-10-17,66047.921875,66523.77145623199,64144.523550072045,64430.033298811235,17299253
2023-10-18,67094.78125,67094.78125,65476.89290780142,65572.06281028369,16493184
2023-10-19,66143.09375,66618.94334532374,66047.92383093525,66333.4335881295,13985012
2023-10-20,65476.8984375,65857.57807957848,64810.70906386265,65572.06834801962,15204495
2023-10-23,65096.2109375,65762.40023072003,64905.871139437135,65381.7206345943,11625959
2023-10-24,65191.390625,65476.900364963505,64430.03131843066,65381.73045164234,12791710
2023-10-25,64715.5390625,65476.89834558823,64620.36915211397,65476.89834558823,10610703
2023-10-26,63478.31640625,64620.355082224516,63478.31640625,63763.826075243625,15517624
2023-10-27,64049.34765625,64049.34765625,63478.32821206352,63859.007841521176,11334726
2023-10-30,64049.34765625,64525.19719307207,63478.32821206352,63573.49811942793,10139270
2023-10-31,63668.6640625,65001.042682642,63668.6640625,64334.853372571,14488892
2023-11-01,65286.5546875,65572.06440187682,64049.34592520044,64239.68573478499,13775256
2023-11-02,66333.4296875,66618.93942790531,66047.91994709469,66618.93942790531,16350031
2023-11-03,66238.25,66809.26939655172,66143.0801005747,66333.41989942528,10322234
2023-11-06,67475.46875,67475.46875,65952.7501322285,66428.5997002821,22228489
2023-11-07,67475.46875,67475.46875,66618.93952750353,67189.95900916784,17228731
2023-11-08,66523.7578125,67951.30626341201,66333.41801904506,67856.13636668454,12901310
2023-11-09,66904.4296875,67380.27911628735,66238.24048719772,66523.75014447013,12301373
2023-11-10,67094.78125,67094.78125,66143.0822251773,66618.93173758866,9684347
2023-11-13,66999.625,67856.154296875,66904.455078125,67856.154296875,9246919
2023-11-14,67380.2890625,67665.79876191737,67189.94926288842,67570.62886211158,9567984
2023-11-15,68712.671875,68712.671875,68046.48253549168,68141.65244113572,20148677
2023-11-16,69283.6875,69474.02730082418,68807.83799793957,68998.17779876373,15860451
2023-11-17,68998.1875,69474.03706896551,68807.84767241379,68807.84767241379,11494644
2023-11-20,69188.5234375,69474.03316282669,68617.50398684663,68617.50398684663,10610157
2023-11-21,69283.6875,69854.70690247254,69188.51759958791,69569.19720123627,9712881
2023-11-22,69283.6875,69474.02730082418,68427.15839629121,68712.66809752748,11105143
2023-11-23,68903.015625,69664.37491367404,68712.6758028315,69474.03509150553,6775614
2023-11-24,68236.8203125,69093.3494377615,68236.8203125,68903.00963214783,6676685
2023-11-27,67856.1484375,68617.50774675666,67665.80861018584,68046.48826481416,9113857
2023-11-28,69188.5234375,69188.5234375,67856.14471930881,67951.31462775102,13283081
2023-11-29,69188.5234375,69283.69334594223,68712.67389528886,68903.01371217331,9283933
2023-11-30,69283.6875,69283.6875,68712.66809752748,69188.51759958791,15783714
2023-12-01,68522.328125,68998.17762586806,68236.81842447916,68903.00772569445,9871284
2023-12-04,69093.3515625,69378.86127970042,68903.01175103306,69283.69137396694,10229267
2023-12-05,67760.9921875,68903.03138167135,67760.9921875,68807.86144882374,12129682
2023-12-06,68236.8203125,68617.49992372733,68141.65040969316,68331.99021530683,8123087
2023-12-07,68046.4921875,68427.17186407342,67665.81251092657,68332.00194493007,8862017
2023-12-08,69093.3515625,69283.69137396694,68427.1622223657,68617.50203383264,10859463
2023-12-11,69474.03125,69474.03125,68712.67200342465,69283.69143835617,9861960
2023-12-12,69949.859375,69949.859375,69569.17986819727,69759.51962159864,13758646
2023-12-13,69283.6875,69949.87680288462,69283.6875,69759.53700206045,13116766
2023-12-14,69569.21875,70711.25790868673,68998.19917065663,70520.91804890562,27567593
2023-12-15,69759.546875,70425.73627216918,69664.37696111869,70235.39644440655,15419815
2023-12-18,69378.859375,69854.70889060356,69283.68947187929,69759.53898748285,9690551
2023-12-19,69854.7265625,69854.7265625,69283.7069993188,69474.04685371254,8907632
2023-12-20,71187.09375,71282.26366143048,70235.39463569518,70616.07428141711,16870156
2023-12-21,71377.4453125,71377.4453125,70711.25582291668,70996.76560416668,13478766
2023-12-22,72233.9609375,72614.64057353426,71758.11139245718,72138.79102849144,14515608
2023-12-26,72900.15625,72995.32616677546,72043.62699902088,72424.30666612272,13164909
2023-12-27,74584.03125,74584.03125,73149.72295673077,73340.9640625,20651042
2023-12-28,75062.125,75062.125,74105.91958598726,74297.1606687898,17797536
2024-01-02,76113.9609375,76305.20204538316,74775.27318231785,74775.27318231785,17142847
2024-01-03,73627.8125,75348.98214285714,73627.8125,75062.12053571429,21753644
2024-01-04,73245.34375,73914.68762238903,72767.24098400783,72767.24098400783,15324439
2024-01-05,73245.34375,73723.44651599217,73054.10264360314,73340.96430319843,11304316
2024-01-08,73149.7265625,74105.93213848039,73054.10600490196,73627.8293504902,11088724
2024-01-09,71428.5625,74297.1794678715,71046.08023761713,74010.31777108434,26019249
2024-01-10,70376.734375,71906.66338315218,69994.25212296196,71715.42225713315,20259529
2024-01-11,69994.2421875,70376.7243852459,69516.13944031762,69707.38053919058,57691266
2024-01-12,69898.6328125,70854.83845972983,69611.77111833105,69803.01224777702,13038939
2024-01-15,70663.5859375,70759.20648680649,69994.24209235453,69994.24209235453,2957915
2024-01-16,69420.515625,70472.34161931818,69324.89508006198,70281.10052944215,14760415
2024-01-17,67890.59375,70089.8665052817,67890.59375,69898.62539612676,22683660
2024-01-18,68559.9375,68846.79916317991,67603.73195606694,68464.3169456067,17853397
2024-01-19,71428.5625,71428.5625,69803.01288487282,70281.1157128514,23363427
2024-01-22,71811.03125,72671.61617842875,71715.41070239681,72575.99563082556,19673375
2024-01-23,71906.6484375,72480.37169630984,71046.06354928523,72384.75115317486,14786224
2024-01-24,70759.203125,71906.64966216216,70281.10040118244,71906.64966216216,12860661
2024-01-25,70854.828125,71524.17198043186,70472.34592189609,70950.44867577597,11737747
2024-01-26,70185.4921875,71237.31836469687,70089.87162593665,70472.35387219005,11160062
2024-01-29,71141.6953125,71906.6597782258,70281.11028855847,70567.97196320564,13976521
2024-01-30,71046.0703125,72002.2758348755,70472.3469990747,71715.41417816286,12244418
2024-01-31,69516.1328125,70759.1998366575,69324.89173186038,70185.47659473865,15703560
2024-02-01,70376.734375,70950.45775305707,69707.39043393343,69803.01099694293,19881033
2024-02-02,71906.6484375,71906.6484375,70472.3402904754,70759.20191988032,14955881
2024-02-05,71046.0703125,71524.17307368775,70281.10589459959,70950.44976026245,19026021
2024-02-06,71141.6953125,71428.55698714718,70089.86917212702,71046.07475428427,14559254
2024-02-07,71715.4296875,72193.53255208333,71046.08567708333,71332.94739583334,16566445
2024-02-08,70854.828125,71906.65418353576,70376.7253711201,71715.4130819838,20810708
2024-02-13,71906.6484375,71906.6484375,71141.68409242021,71524.1662649601,21966745
2024-02-14,70759.203125,71046.06475929054,70472.34149070946,70472.34149070946,12434945
2024-02-15,69994.2421875,71141.6887807377,69803.00108862705,70950.44768186475,14120600
2024-02-16,69611.7578125,70185.48109117446,69324.89617316278,70089.86054472871,13444781
2024-02-19,70567.953125,70663.5736576897,69611.74779810298,69611.74779810298,12726404
2024-02-20,70089.8671875,70472.34940953273,69611.76440995907,70472.34940953273,14681477
2024-02-21,69803.0,70472.34383561644,69707.3794520548,70185.48219178083,11503495
2024-02-22,69898.6328125,70663.59733028385,69516.15055360807,70567.97676556087,15208934
2024-02-23,69707.3828125,70950.44999571331,69707.3828125,70376.72668038409,16225166
2024-02-26,69611.7578125,69994.23999828297,69038.03453382556,69133.65508027129,14669352
2024-02-27,69707.3828125,70185.48557527435,69516.14170739026,69898.62391760974,13201981
2024-02-28,69994.2421875,70663.58603355533,69611.7599897541,69707.38053919058,11795859
2024-02-29,70185.4921875,70185.4921875,68846.80432561308,69420.52769499319,21176403
2024-03-04,71619.7890625,71715.40960864486,70759.20414719626,71046.06578563084,23210474
2024-03-05,70472.34375,71524.16977611941,70472.34375,71332.92868046134,19505125
2024-03-06,69707.3828125,70281.10612782922,69516.14170739026,69994.24447016462,21547905
2024-03-07,69038.0390625,70089.86514239959,69038.0390625,69898.6240369633,14516963
2024-03-08,70089.8671875,70185.48774300818,69420.5232989427,69611.76440995907,19271349
2024-03-11,69229.265625,69898.6093534185,69133.64509236878,69707.36828815608,9740504
2024-03-12,70089.8671875,70281.10829851637,68942.42052140177,69420.5232989427,13011654
2024-03-13,70854.828125,70854.828125,70281.10482034413,70472.34592189609,15243134
2024-03-14,71046.0703125,71237.3114169751,70376.72644683714,71141.69086473755,22545539
2024-03-15,69133.6640625,70472.35188667012,69133.6640625,70185.49021006224,22580555
2024-03-18,69611.7578125,69802.99890539149,69324.89617316278,69420.51671960852,11520348
2024-03-19,69611.7578125,69802.99890539149,68559.93180159685,69133.65508027129,15376066
2024-03-20,73532.1875,73819.04908972692,70185.46895318596,70472.33054291288,50106297
2024-03-21,75827.1015625,75827.1015625,74297.17265329444,75731.48100567465,44569799
2024-03-22,75444.6171875,76400.82272853295,74392.79109236375,76113.96106622307,26724761
2024-03-25,74775.28125,76305.21027813299,74392.79899296675,76113.96914961637,18703996
2024-03-26,76400.8203125,76592.06141465895,75731.47645494368,76209.57921034105,30551494
2024-03-27,76305.1953125,76496.43640350878,75731.47203947368,75731.47203947368,17424595
2024-03-28,77612.5078125,77804.61798035272,76075.62646967822,76267.73663753094,25084812
2024-03-29,79149.3828125,79245.43788872876,77708.55666906857,77996.72189775486,27126366
2024-04-01,78765.1796875,80013.89595083841,78765.1796875,79917.84085365853,20116513
2024-04-02,81646.8203125,81646.8203125,79629.66357536765,79629.66357536765,37077944
2024-04-03,80782.3359375,81646.83180365636,80206.00536006242,80974.44612997919,30493347
2024-04-04,81934.9921875,82127.1023684789,80974.4412826055,81838.93709701055,25248934
2024-04-05,81166.5390625,81646.81444156804,80494.15353180474,81166.5390625,18883752
2024-04-08,81166.5390625,82607.36519970415,81166.5390625,81838.92459319526,18953232
2024-04-09,80302.0546875,81550.77084890849,79821.77924080442,81166.55049155203,23725956
2024-04-11,80782.3359375,81358.66651493758,79245.45439766647,79917.84007134364,25538009
2024-04-12,80398.1171875,81550.77836581541,79917.84169653525,81358.66816942951,17061770
2024-04-15,78957.28125,79917.83211678831,77996.73038321167,79629.66685675182,26663772
2024-04-16,76844.078125,78092.79439453124,76267.7475390625,77996.739296875,31949845
2024-04-17,75787.46875,77612.51552598226,75787.46875,77516.46043250951,22611631
2024-04-18,76459.8515625,76940.1270120132,75211.1353937657,75691.41084327889,21370190
2024-04-19,74538.75,75595.35599226804,73290.03382731958,75211.13563144329,31317563
2024-04-22,73097.9140625,74442.68514906373,72137.36328638304,74346.63007145203,30469477
2024-04-23,72521.6015625,73770.3178807947,72521.6015625,73386.09747516556,18717699
2024-04-24,75499.3046875,75691.41487754454,74154.5333571883,74442.6986422551,22166150
2024-04-25,73290.03125,74442.69229193972,73290.03125,74250.5821182831,15549134
2024-04-26,73674.25,74826.91101694915,73482.13983050847,74730.85593220338,12755629
2024-04-29,73674.25,74538.74576271186,73193.97457627118,74346.63559322033,14664474
2024-04-30,74442.6875,75403.23830645162,73578.19177419355,73962.41209677419,19007007
2024-05-02,74922.9765625,75499.3071514423,74250.59087540064,74538.75616987179,18900640
2024-05-03,74538.75,75883.5212628866,74442.69490979382,75883.5212628866,13151889
2024-05-07,78092.7890625,78092.7890625,76267.74233164208,76459.85251383764,26238868
2024-05-08,78092.7890625,78188.84415359779,77324.34833371772,77612.51360701107,13089576
2024-05-09,76555.90625,78284.89785915935,76555.90625,77900.67750156838,18759935
2024-05-10,76075.6171875,77900.66355942235,75787.45197088068,77228.27805397728,16976124
2024-05-13,75307.1875,76748.01379145408,74538.7468112245,76267.7383609694,18652344
2024-05-14,75211.125,75691.40038314176,74826.90469348659,75499.29022988505,11763992
2024-05-16,75115.0703125,77132.22693214513,75019.01523537404,77036.17185501917,20989778
2024-05-17,74346.6328125,75691.4039486434,74154.5226501938,75499.2937863372,15918201
2024-05-20,75787.46875,75979.5789369455,74826.91781527249,75019.028002218,19456783
2024-05-21,75307.1875,75883.51801658164,75115.07732780612,75403.24258609694,13690583
2024-05-22,74634.8046875,75595.35558437902,74250.58432874839,75019.02504625161,19521506
2024-05-23,75211.125,75979.56561302682,74058.46408045977,74634.79454022988,18728087
2024-05-24,72905.8125,73962.41847826086,72713.70232213438,73770.30830039525,27891278
2024-05-27,74154.53125,75115.08217292746,71080.76829663213,72329.48449643783,43825202
2024-05-28,74538.75,74922.97036082474,73193.9787371134,73482.14400773196,18539072
2024-05-29,72233.4296875,75115.08246758643,72233.4296875,74634.8070042387,30244875
2024-05-30,70600.484375,72233.42074829932,70600.484375,71849.20042517007,28551273
2024-05-31,70600.484375,71753.14534438775,70600.484375,71561.03518282314,26198776
2024-06-03,72713.6953125,73386.08087021137,71272.86911740423,71464.97927675034,15706268
2024-06-04,72329.4765625,73097.91721655047,71945.25623547476,71945.25623547476,14098053
2024-06-05,74346.6328125,74922.96329941861,73770.30232558139,74922.96329941861,23177968
2024-06-07,74250.59375,75499.3100743855,74058.48354624838,75307.19987063389,21189349
2024-06-10,72713.6953125,73578.19102955746,72617.64023282695,73097.91563119221,14598755
2024-06-11,72233.4296875,73001.87042885637,72137.37459483046,72905.81533618683,16971175
2024-06-12,73482.140625,74058.47113970589,72233.42450980392,72329.47959558823,19246725
2024-06-13,75499.3046875,75883.52506758906,74730.86392732189,75307.19449745548,33763804
2024-06-14,76459.8515625,77324.34737162375,75883.52102308418,76555.90665240264,22926612
2024-06-17,75019.0078125,76363.77875920295,74922.95274487836,76075.61355633802,16123051
2024-06-18,76651.9609375,77036.18129307644,75499.29987077067,75595.35495966478,18207598
2024-06-19,77996.734375,79245.45056573277,77324.34873383622,77900.67928340517,24168863
2024-06-20,78380.953125,78957.28366268383,77996.73276654413,78284.89803538602,20288913
2024-06-21,76844.078125,77612.51890625,76844.078125,77516.46380859375,17907523
2024-06-24,77420.390625,77708.55585065136,76363.78479761166,76555.89494804591,15454227
2024-06-25,77612.5078125,78573.05865176361,76940.12222501547,77420.39764464728,19088458
2024-06-26,78092.7890625,78188.84415359779,76748.017787131,76940.12796932657,17783242
2024-06-27,78730.546875,78730.546875,77669.22822840074,78441.09633501839,11739720
2024-06-28,78634.0546875,79019.9886982362,77958.67016871166,79019.9886982362,9455929
2024-07-01,78923.5078125,79212.95833014975,78441.09028308374,78634.05729485024,11317202
2024-07-02,78923.5078125,79695.37585956602,78634.05729485024,79598.89235368276,14471904
2024-07-03,78923.5078125,79405.92534191626,78151.63976543398,79405.92534191626,11440328
2024-07-04,81625.0546875,81721.53820367907,79502.41733156028,79984.83491245567,43857229
2024-07-05,84037.1328125,84037.1328125,82203.9462184271,82589.88023823191,45791193
2024-07-08,84326.5859375,85484.38803275171,83844.16839781178,84809.00347718822,24035809
2024-07-09,84712.53125,85098.46533314351,83844.17956292711,84712.53125,21336201
2024-07-10,84712.53125,84905.49829157176,84037.14660449886,84519.56420842824,17813847
2024-07-11,84519.5625,85677.36472602739,83651.21083047945,85387.91416952055,24677608
2024-07-12,81432.0859375,83072.30567794728,81142.63539506814,82879.33864965936,26344386
2024-07-15,83651.203125,84230.10418468858,81142.63186634949,81721.53292603807,25193080
2024-07-16,84616.0390625,84905.48959521095,83651.20395346351,83844.17097527081,16166688
2024-07-17,83651.203125,84905.48875432527,83361.75259515572,84037.1371647924,18186490
2024-07-18,83844.1640625,83844.1640625,80853.17547108745,80853.17547108745,24721790
2024-07-19,81432.0859375,83072.30567794728,81142.63539506814,82589.8881072275,18569122
2024-07-22,80081.3203125,81914.50716302711,79695.38623870481,81432.08957078314,18987560
2024-07-23,80949.65625,81721.52424761621,80467.23875148987,81239.10674910608,15766389
2024-07-24,79116.4765625,80370.76216653963,79019.99305449695,79984.82813452744,16939083
2024-07-25,77572.734375,78151.6353777985,77283.28387360075,77572.734375,20323811
2024-07-26,78055.171875,78441.10597574165,77572.75424907292,77862.20482462917,14508334
2024-07-29,78344.609375,79116.4774476601,78248.1258659175,78730.54341133006,12797136
2024-07-30,78151.6328125,78151.6328125,77186.79783950617,77572.7318287037,13169636
2024-07-31,80949.65625,80949.65625,78055.15125893921,78344.60175804529,20744323
2024-08-01,80177.796875,83072.30217734657,80177.796875,82975.81866726835,20900338
2024-08-02,76800.875,78537.5782035176,76704.39148869347,78151.64415829146,25800275
2024-08-05,68889.2265625,74195.81964504551,67731.42443539917,74002.85262386205,54608790
2024-08-06,69950.5390625,72652.07712284483,69757.57205818966,72266.14311422413,47295226
2024-08-07,72073.1796875,73327.46527777778,70239.99305555555,70432.96006944444,32710428
2024-08-08,70818.8984375,71301.31600178815,69950.54682178133,70625.93141178474,28414729
2024-08-09,72073.1796875,73134.49826388889,71590.76215277778,73038.01475694444,16388222
2024-08-12,72845.046875,73230.98089817881,72169.66233443709,72555.5963576159,9839259
2024-08-13,73423.953125,73906.37068823916,72845.05204911302,73809.88717559133,10716261
2024-08-14,74485.265625,75064.16665317358,74292.29861560882,74678.2326343912,13246168
2024-08-16,77379.765625,77379.765625,75932.51315071696,76607.89763871572,22061478
2024-08-19,75546.5859375,77283.2890625,75257.13541666667,77283.2890625,14146565
2024-08-20,76125.484375,76993.83590779468,75932.5173677123,76704.38539686312,10683836
2024-08-21,75546.5859375,75836.03645833333,75064.16840277778,75160.65190972222,7805598
2024-08-22,75546.5859375,76125.48697916667,75064.16840277778,75932.51996527778,8149101
2024-08-23,74967.6875,75643.07207207207,74774.72047940799,74967.6875,9420306
2024-08-26,73423.953125,75450.10689060447,73327.46961235217,75353.62337795664,15655938
2024-08-27,73134.5,73809.8845646438,72941.53298153034,73038.01649076516,11130145
2024-08-28,73713.40625,73713.40625,72748.57108965969,73134.5051537958,9794514
2024-08-29,71397.7890625,72073.17355363176,70915.37156883445,71011.85506756757,16884479
2024-08-30,71687.234375,72362.61881729476,71494.26739148721,71783.7178667564,16358520
2024-09-02,71783.7265625,72073.17707283267,70915.37503150202,71880.21006594422,12641376
2024-09-03,69950.5390625,71687.2421012931,69950.5390625,71494.27509698276,16314599
2024-09-04,67538.4609375,68599.77960937501,67345.49390625,67345.49390625,27366563
2024-09-05,66573.6171875,68696.25425724637,66573.6171875,67634.9357223732,25686769
2024-09-06,66477.1328125,67249.00082773948,65608.78129535558,66670.09981630987,19022299
2024-09-09,65126.36328125,65801.74778935185,64258.01177083333,64547.46227430555,23263298
2024-09-10,63872.078125,64933.396643693355,63679.11112160121,64643.946138595165,30651376
2024-09-11,62617.796875,63196.697924691834,61942.412317026196,62810.76389156394,35809707
2024-09-12,63968.56640625,64258.016932975115,62907.24780825792,63679.115879524885,35884106
2024-09-13,62135.3828125,63196.70146302407,62038.89929881599,62714.283894604036,25045135
2024-09-19,60881.08984375,62135.37537143423,60012.738324583996,61749.44136291601,49402713
2024-09-20,60784.60546875,62424.824981398815,60784.60546875,61556.47347470238,32746056
2024-09-23,60398.671875,61267.02338757987,60012.73786940895,60109.221370806714,28542376
2024-09-24,60977.5703125,61170.537307159815,60205.70233386076,60591.636323180384,26957500
2024-09-25,60012.7421875,61942.41235430064,60012.7421875,61556.478320940514,28652438
2024-09-26,62424.828125,62617.79513620556,61459.99306897218,61652.96008017774,37566015
2024-09-27,62289.9609375,63454.25927278037,62289.9609375,62775.08524386682,28433030
2024-09-30,59670.29296875,62386.9892339939,59670.29296875,62289.964367378045,32694163
2024-10-02,59476.2421875,60058.391376937194,58117.89407881322,58700.04326825041,28473536
2024-10-04,58797.0703125,59864.34386602723,58700.04544399752,59185.1697865099,24247578
2024-10-07,59185.17578125,60058.39968621926,57729.80260630123,58408.97675461065,35066533
2024-10-08,58505.99609375,59185.17017775705,58117.89661717454,58214.92148631841,27411786
2024-10-10,57147.6484375,58408.971747665535,57147.6484375,58311.9468776528,45262214
2024-10-11,57535.74609375,58311.945029247465,57244.67149293845,57341.69635987563,29623969
2024-10-14,57535.74609375,59379.21856555649,57632.77096068718,57729.795827624366,20886249
2024-10-15,59185.17578125,59573.27529456967,58311.951876280735,59282.20065957992,22715239
2024-10-16,57729.79296875,58214.91727941176,57438.71838235294,57632.768106617645,23303268
2024-10-17,57923.84375,58311.94320561139,57341.69456658291,57632.769158291456,23372873
2024-10-18,57438.71875,58311.94251478041,57341.69388724663,58117.892789273654,14420260
2024-10-21,57244.66796875,57826.8171345339,56759.54366393008,57244.66796875,18514905
2024-10-22,55983.34765625,57147.64604771447,55983.34765625,57050.6211817591,27582527
2024-10-23,57341.69921875,58214.92306472081,55401.201783259305,55789.30127035744,27300780
2024-10-24,54916.07421875,56759.54667485645,54916.07421875,56468.47207652385,31499922
2024-10-25,54236.90234375,55207.151043995975,54139.877473725406,54333.9272137746,25829315
2024-10-28,56371.4453125,56759.54476387694,54042.84860423838,54042.84860423838,27775009
2024-10-29,57826.8203125,57826.8203125,55595.24838768876,56274.42245176175,28369314
2024-10-30,57341.69921875,58020.87332117174,56856.57485987732,57341.69921875,19838511
2024-10-31,57438.71875,59379.21600506757,56565.4949852196,56759.54471072635,35809196
2024-11-01,56565.49609375,57826.819334262436,56371.446364440395,57244.67014633362,19083180
2024-11-04,56953.59765625,57632.771733922484,56662.523051533215,56856.57278801107,15586947
2024-11-05,55886.32421875,56371.44856092665,55498.22474500868,56080.37395562066,17484474
2024-11-06,55595.24609375,56274.420129799306,54624.997470822425,55886.320680628276,22092218
2024-11-07,55595.24609375,56371.44499209206,55110.121782286216,55207.14664457897,17043102
2024-11-08,55304.17578125,56565.49908854167,55304.17578125,56274.424479166664,13877396
2024-11-11,53363.67578125,55110.12335227273,53363.67578125,55013.09848721591,29811326
2024-11-12,51423.18359375,52975.58158903302,51423.18359375,52975.58158903302,37962881
2024-11-13,49094.5859375,51423.18289896245,48997.56106410573,50452.93416501976,52527995
2024-11-14,48415.41015625,50258.8826872495,48415.41015625,48706.48476640781,48510715
2024-11-15,51908.30078125,52587.47481016355,48803.50522050233,48803.50522050233,46774485
2024-11-18,55013.09765625,55789.296564980155,54236.89874751984,55304.17224702381,48095234
2024-11-19,54625.0,55789.29840142096,54236.90053285968,54819.049733570166,31539632
2024-11-20,53654.75390625,54819.05236352848,53169.62954905063,54430.952877768985,20864667
2024-11-21,54722.02734375,55207.15169963431,53072.60453374335,53266.65427609708,19096850
2024-11-22,54333.92578125,55013.099853515625,54236.90091378349,54333.92578125,15281543
2024-11-25,56177.3984375,56177.3984375,55013.10002428757,55692.27409866149,36237325
2024-11-26,56565.49609375,57147.645281678815,55789.29717651158,56177.39663513079,23209405
2024-11-27,54625.0,56080.3730017762,54333.925399644766,55983.34813499112,21808387
2024-11-28,53848.8046875,54722.0285472973,53557.730067567565,54333.92905405405,20001134
2024-11-29,52587.4765625,53654.75007207103,52199.377104474166,53460.70034305812,24513531
2024-12-02,52005.328125,52781.5270522388,51520.20379547575,52684.50218633396,22044867
2024-12-03,52005.328125,52781.5270522388,51520.20379547575,51520.20379547575,23374603
2024-12-04,51520.20703125,51811.28164724576,50452.93343926554,50452.93343926554,29004766
2024-12-05,52102.35546875,52781.529562383614,51617.231116154566,51617.231116154566,23588277
2024-12-06,52490.453125,52781.527726432534,51132.10498498152,52296.403390711646,22861874
2024-12-09,51811.27734375,52975.57571102528,51617.22761587079,51908.30220768961,26227680
2024-12-10,52393.43359375,52878.55797887732,52102.358962673614,52878.55797887732,20783970
2024-12-11,52393.43359375,52587.483347800924,51811.28433159722,52005.33408564815,14565947
2024-12-12,54236.90234375,54819.051563897585,52296.40494325805,52393.42981328265,33476698
2024-12-13,54430.953125,54625.00286876114,53848.80389371658,54139.878509358285,15908823
2024-12-16,53945.8203125,54916.06887927159,53557.72088579137,54624.99430924011,15277277
2024-12-17,52587.4765625,53557.725207564574,52393.42683348709,53072.60088503229,20215230
2024-12-18,53266.6484375,53751.772740209475,52393.42469262295,52490.44955316484,13698937
2024-12-19,51520.20703125,52199.38113524011,51520.20703125,51908.30651924435,22481925
2024-12-20,51423.18359375,51520.20846845519,50355.90997199292,51132.108969634435,24674774
2024-12-23,51908.30078125,52393.42508761682,51714.25105870327,51811.27591997664,13672650
2024-12-24,52781.5234375,52878.54829676011,52005.32456341912,52102.34942267923,11634677
2024-12-26,52005.328125,52975.576784048506,51908.30325909515,52878.551918143654,10517075
2024-12-27,52457.6171875,52848.362939362196,51969.18499767225,52262.2443115689,10747196
2024-12-30,51969.1875,52750.67904135338,51871.50105733083,52066.873942669175,12624702
2025-01-02,52164.55859375,52359.93147237827,51090.00776129447,51480.75351855103,16630538
2025-01-03,53141.421875,53825.226935891544,51578.43887867647,51578.43887867647,19318046
2025-01-06,54606.71875,54899.77806350626,53043.735744633275,53141.42218246869,19034284
2025-01-07,54118.28515625,55974.32742695172,54118.28515625,55485.89525045126,17030235
2025-01-08,55974.328125,56169.70099803665,53434.48077552356,53532.16721204188,26593553
2025-01-09,54802.09375,56365.07681595365,54802.09375,56267.390374331546,24490592
2025-01-10,54020.60546875,55192.84283877713,53922.91902124774,54802.09704876808,16059223
2025-01-13,52848.36328125,53727.54122862754,52848.36328125,53336.79547423752,16868600
2025-01-14,52652.9921875,53336.797280844155,52457.61930368738,52946.051513218925,17465926
2025-01-15,52457.6171875,53434.48156715549,52262.2443115689,52848.362939362196,18625025
2025-01-16,53043.73828125,53727.54337879834,52848.365396236186,52946.05183874309,18627298
2025-01-17,52457.6171875,52848.362939362196,51969.18499767225,52555.303625465545,18805344
2025-01-20,52164.55859375,52652.99079032069,52066.87215443586,52359.93147237827,11822531
2025-01-21,52262.24609375,53043.73762412383,52066.87321115655,52457.61897634346,13535702
2025-01-22,53043.73828125,53141.42472375691,51871.50097116713,52164.560298687844,18341991
2025-01-23,52457.6171875,52848.362939362196,52262.2443115689,52457.6171875,15588067
2025-01-24,52457.6171875,52555.303625465545,51969.18499767225,52359.93074953445,11867631
2025-01-31,51187.6953125,51773.813961116415,50503.89022244752,50992.322429627864,42186279
2025-02-03,49820.0859375,50210.83170955882,49624.713051470586,49917.7723805147,32344897
2025-02-04,51480.75390625,52359.93186669829,50308.51662565227,50406.20306570209,27214851
2025-02-05,51676.12890625,52555.30690276465,51578.44246219282,52359.93401465028,15974885
2025-02-06,52750.6796875,52750.6796875,51969.18813657407,52164.561024305556,16466025
2025-02-07,52457.6171875,52946.04937732774,52359.93074953445,52652.9900634311,14476866
2025-02-10,54313.66015625,54606.71947363984,51676.12629974146,51773.812738871406,27577591
2025-02-11,54411.34765625,54997.46630245736,53727.54256900808,54215.97477418088,24596196
2025-02-12,54509.03125,54606.7176859319,53239.107582885306,53825.2261984767,26428596
2025-02-13,54509.03125,55095.1498655914,54313.6583781362,54802.090557795695,22448377
2025-02-14,54704.40625,55974.32996651786,54704.40625,54704.40625,23979779
2025-02-17,54704.40625,55192.83844866072,54411.34693080357,54802.09268973215,11916027
2025-02-18,55583.58984375,55876.64919266257,54606.72534737478,54899.784696287345,22131007
2025-02-19,57341.9375,57537.31037052811,55974.32740630324,56072.01384156729,25395151
2025-02-20,57048.87890625,57732.683961633134,56755.81959680009,57732.683961633134,21589059
2025-02-21,56853.5078125,57146.56713112113,55778.95697755584,57048.88069158076,22198428
2025-02-24,55974.328125,56365.0738710733,55876.64168848167,55974.328125,14138471
2025-02-25,55876.64453125,56462.7631801792,55192.839440832606,55290.525882320806,14625181
2025-02-26,55290.51953125,55778.95168258613,54802.087379913864,55681.2652523189,18117091
2025-02-27,54997.46484375,55778.956351298846,54899.778405306395,55192.83772063721,14975356
2025-02-28,53239.109375,54411.3466456422,53239.109375,54118.28732798165,28036698
2025-03-04,53239.109375,53727.54157110092,52555.304300458716,52652.9907396789,18553933
2025-03-05,52750.6796875,54118.28990162037,52750.6796875,53825.230570023145,16578817
2025-03-06,53043.73828125,53239.111166263814,52750.678953729286,52848.365396236186,12258101
2025-03-07,52457.6171875,52946.04937732774,52164.55787360335,52262.2443115689,14274992
2025-03-10,52457.6171875,53532.16800512104,52262.2443115689,52262.2443115689,12921670
2025-03-11,52359.93359375,52848.36581010961,51285.38271775886,51285.38271775886,17740891
2025-03-12,53629.8515625,54020.59729337432,52359.92793715847,52555.30080259562,17973221
2025-03-13,53434.484375,54606.72169218464,52946.0521595064,54509.03524908592,24132151
2025-03-14,53434.484375,53825.230147394876,53141.425045703836,53239.111488802555,10845154
2025-03-17,56267.38671875,56462.75958930122,54118.28514268663,54215.97157796224,35559021
2025-03-18,56267.38671875,57634.99681260851,55974.32741292318,57439.6239420573,28138594
2025-03-19,57146.5625,57830.36752136752,56072.01175213675,56072.01175213675,29421759
2025-03-20,58807.234375,58904.92081083887,57146.564965739206,57830.3700166113,34989004
2025-03-21,60272.52734375,60272.52734375,59002.60375303889,59491.0359033124,40155612
2025-03-24,59100.296875,60174.84772727273,59100.296875,59784.10196280992,14088094
2025-03-25,58416.4921875,59686.41593070653,58123.432862144655,59491.04304713629,17259455
2025-03-26,59979.47265625,59979.47265625,58318.80321788477,58416.48965543567,16431645
2025-03-27,60370.21875,60565.591626213594,59393.354368932036,59491.04080703884,20389790
2025-03-28,59156.625,60041.02637043189,58960.091362126244,59647.95909468438,16282514
2025-03-31,56798.22265625,58665.29225913711,56798.22265625,58468.758616727944,17633494
2025-04-01,57780.890625,58567.02519132653,56896.48923788265,57682.62380420918,13841706
2025-04-02,57780.890625,58370.4915497449,57289.55652104592,57780.890625,14402297
2025-04-03,56601.6875,56798.22113715278,55913.81976996528,55913.81976996528,19508076
2025-04-04,55127.6875,57191.29077540107,54734.620209447414,55225.95432263814,23527139
2025-04-07,52277.94921875,53162.3506153078,52179.68239691024,52376.21604058975,31998883
2025-04-08,52572.75,54341.55280373832,52376.21635514019,54046.7523364486,25532845
2025-04-09,52081.41796875,53358.88671137972,51983.151142393865,52376.2184478184,20576960
2025-04-10,55422.48828125,55717.28875083112,54046.752756538124,55619.02192763741,22948172
2025-04-11,54243.28515625,54734.61926092618,53850.217872509056,54636.352439990944,13930480
2025-04-14,55225.953125,55717.287227535584,54832.88584297153,55324.21994550712,12852613
2025-04-15,55619.015625,56110.34968529152,55225.948376766784,55324.21518882509,8998640
2025-04-16,53751.953125,55225.95549588666,53555.41947554845,55029.4218464351,14437025
2025-04-17,54145.015625,54341.54925703267,53555.414728902,53751.948360934664,10867069
2025-04-18,54341.5546875,54636.35516500904,53948.48738415461,54341.5546875,5848342
2025-04-21,54439.81640625,55029.41730595668,54145.01595639666,54243.28277301444,5941847
2025-04-22,54046.75,54538.08409090909,53751.94954545455,53948.483181818185,9532469
2025-04-23,54734.62109375,55127.68839065305,54538.08744529847,55029.42156642729,11148692
2025-04-24,54734.62109375,54832.887917975764,54243.28697262119,54636.354269524236,10580377
2025-04-25,54734.62109375,55422.48886333034,54636.354269524236,55422.48886333034,12183303
2025-04-28,54832.8828125,54931.14962757616,54538.082367271505,54832.8828125,9341518
2025-04-29,54832.8828125,55520.75051803315,54636.349182347665,54734.61599742383,10295518
2025-04-30,54538.0859375,55029.420045045044,54341.55229448198,54931.153223536036,13014189
2025-05-02,53358.8828125,54538.08464261049,53260.61599332412,54046.75054673112,22454204
2025-05-07,53653.68359375,54046.75087282509,53358.883134443684,53555.416773981226,17136991
2025-05-08,53653.68359375,54538.084971668955,53555.416773981226,54145.017692593865,16320532
2025-05-09,53850.21875,54046.75239507299,53457.15145985401,53751.9519274635,7814322
2025-05-12,56601.6875,56601.6875,54046.75021701389,54243.28385416667,15414702
2025-05-13,55913.82421875,57191.29296188489,55815.55739235501,56699.95882990993,16842801
2025-05-14,56405.15625,56896.490363675955,56012.088959059234,56503.42307273519,12468089
2025-05-15,56306.88671875,57584.35535285777,56110.35308273342,56405.15353675829,13139736
2025-05-16,55815.55078125,56503.41848454005,55717.28396649428,56405.15166978433,10385352
2025-05-19,54832.8828125,55422.48370295699,54538.082367271505,55422.48370295699,9802105
2025-05-20,54931.15234375,55717.286903231216,54734.6187038797,55225.95280355546,9080577
2025-05-21,54734.62109375,55619.02251178187,54734.62109375,55225.95521487881,7794181
2025-05-22,53751.953125,54538.087722806216,53555.41947554845,54341.554073354666,15254278
2025-05-23,53260.6171875,54243.28540129151,53162.35036612085,54046.75175853321,11247115
2025-05-26,53751.953125,54046.75359917733,52769.28487774223,52965.818527193784,10901337
2025-05-27,52965.81640625,53555.4173309949,52867.54958545918,53260.61686862245,13439520
2025-05-28,54931.15234375,55127.68598362031,53260.616404852415,53358.88322478757,17516283
2025-05-29,55127.6875,55422.487967914436,54636.35338680927,55225.95432263814,12936810
2025-05-30,55225.953125,56208.621330071175,54832.88584297153,55225.953125,26219683
2025-06-02,55815.55078125,56306.88485502861,55225.94989271567,55324.216707471394,12870515
2025-06-04,56798.22265625,56896.48947745458,55815.55444420415,56208.62172902249,19649983
2025-06-05,58075.6875,58861.82201776649,56896.48572335025,57093.019352791875,23266027
2025-06-09,58763.55859375,59353.15951609532,58468.75813257734,59353.15951609532,19609659
2025-06-10,58173.953125,59058.35443940033,57780.8858741554,58960.08762668919,15305760
2025-06-11,58861.82421875,59058.35785554049,58370.49012677379,58468.756945169036,13610734
2025-06-12,58468.7578125,58960.091911764706,58272.22417279412,58665.291452205885,17755115
2025-06-13,57289.55078125,59156.62018921527,56699.949915576755,59156.62018921527,20705979
2025-06-16,56208.62109375,57093.02247459572,55913.820633468094,56994.75565450175,22200872
2025-06-17,57093.0234375,58763.55940727195,56405.15568524096,56798.22297224613,28637003
2025-06-18,58763.55859375,58763.55859375,56896.48900632316,56994.75582671405,17620705
2025-06-19,58173.953125,59549.68850295608,57977.4194995777,59451.421690244926,16876278
2025-06-20,58468.7578125,58763.55827205883,58075.69053308824,58370.49099264706,18072251
2025-06-23,56994.75390625,57486.0879916487,56601.68663793103,57387.82117456896,16551694
2025-06-24,59451.42578125,59549.692600723145,58272.22394757232,58370.490767045456,23737899
2025-06-25,60237.55859375,60532.35904363784,59254.890427457176,60434.092227008565,23933612
2025-06-26,59156.625,60237.56000830565,58861.82454318937,60237.56000830565,19402300
2025-06-27,60112.6953125,60903.65182976973,59321.73879523026,59420.608359888975,17340470
2025-06-30,59124.0,60508.17391304348,59124.0,60508.17391304348,17110294
2025-07-01,59519.4765625,60409.30262406561,59519.4765625,59717.21568729236,13650991
2025-07-02,60112.6953125,60211.564877158715,59123.99966591283,59519.4779245477,15047951
2025-07-03,63078.78125,63078.78125,60409.30304663009,60607.04217280564,32040639
2025-07-04,62584.43359375,63968.6074804996,62287.82490373223,63968.6074804996,23748959
2025-07-07,61002.51953125,62584.432517473666,61002.51953125,62188.95427091775,17164708
2025-07-08,60705.91015625,61694.60576140065,60310.43191418974,60903.64927728013,20213724
2025-07-09,59717.21875,60705.914424668874,59519.47961506623,60705.914424668874,17533415
2025-07-10,60310.4375,60508.17663934427,59717.220081967214,59914.95922131148,14768473
2025-07-11,61892.34375,62090.082867412144,60508.16992811502,60607.039486821086,19140650
2025-07-14,61793.4765625,61892.346125,61101.389624999996,61595.7374375,13563846
2025-07-15,62979.9140625,63078.78362931711,61299.13142660911,61595.740127060446,18442202
2025-07-16,63968.609375,63968.609375,62386.69631472179,62979.91371232612,23042660
2025-07-17,65946.0,66044.86956521739,63672.0,65155.04347826087,39448683
2025-07-18,66341.46875,67033.55560730254,65550.51234165425,66242.59919895678,23951531
2025-07-21,67033.5625,68022.2581120944,66440.34513274336,66638.08425516225,17723148
2025-07-22,65253.91015625,67725.64917732007,64858.43191287878,67330.17093394886,20829006
2025-07-23,65649.390625,65748.26018919428,64166.34716208584,65451.65149661144,15687058
2025-07-24,65253.91015625,66044.86664299242,65155.0405954072,65748.25796046402,12660193
2025-07-25,65155.046875,65550.5251564871,64759.5685935129,64957.30773425645,8080910
2025-07-28,69604.171875,69604.171875,66440.34588068182,67429.04150390625,35332500
2025-07-29,69801.9140625,69999.65319582153,68022.26186260623,69999.65319582153,28190940
2025-07-30,71779.3046875,72866.86991003787,69801.91337379477,70197.39163653582,34761444
2025-07-31,70592.8671875,73163.47579656863,70197.38893995098,72174.78017769607,26568072
2025-08-01,68121.1328125,71186.08944121916,68022.26324383164,69406.43720518867,24038534
2025-08-04,68912.0859375,69406.43375627689,67923.3902999462,68714.34680998923,14780072
2025-08-05,69109.8203125,70691.73322380186,68912.08119858727,70197.38543902003,14392903
2025-08-06,68022.2578125,68615.47517714389,67527.91000863009,68417.73605559593,12542415
2025-08-07,69703.046875,70197.3947251773,68912.09031471632,69999.65558510639,15008213
2025-08-08,70988.34375,71581.56110724233,69900.77859505572,70197.38727367688,22241128
2025-08-11,70197.3828125,71284.94789832746,69999.64370598592,71186.07834507042,11354253
2025-08-12,70296.265625,71581.57005977497,70296.265625,70296.265625,15797656
2025-08-13,71087.2109375,71284.95004998261,70592.86315629346,71087.2109375,12305742
2025-08-14,70790.609375,71087.2180734986,70395.13111033519,71087.2180734986,11946122
2025-08-18,69208.6953125,70395.13008928571,69208.6953125,70296.26052455357,13595591
2025-08-19,69208.6953125,69900.782265625,68912.08661830357,69604.17357142858,10533082
2025-08-20,69703.046875,69900.78601507093,68615.48160460993,69307.56859485815,17445516
2025-08-21,69801.9140625,71087.21842908995,69801.9140625,70691.74016244689,18843833
2025-08-22,70592.8671875,70988.34543504902,69999.64981617646,70889.47587316176,9277432
2025-08-25,70691.734375,70988.3430506993,70197.38658216783,70889.47349213286,10345178
2025-08-26,69505.296875,70296.25331169985,69505.296875,69999.64464793741,14712519
2025-08-27,69801.9140625,70098.5227624823,69010.95752921388,69307.56622919618,10523405
2025-08-28,68813.2265625,69604.18318965517,68813.2265625,69307.57445447198,11578024
2025-08-29,68912.0859375,69703.04244754303,68912.0859375,69307.56419252152,11682267
2025-09-01,66835.8203125,67824.51587925295,66736.9507558247,67626.77676590237,12002343
2025-09-02,68318.8671875,68714.34543460564,67033.56288440665,67033.56288440665,10604028
2025-09-03,69010.9609375,69010.9609375,68022.26522206304,68417.74350823782,10283009
2025-09-04,69307.5625,69307.5625,68516.60600927247,68714.34513195435,12284414
2025-09-05,68714.34375,69604.16978417267,68714.34375,69505.30022482015,11526724
2025-09-08,69307.5625,69703.04074536377,68813.21469329529,69010.95381597718,9263135
2025-09-09,70691.734375,70691.734375,69208.6909965035,69307.56055506993,14870245
2025-09-10,71779.3046875,71977.04381887052,70790.60903064738,70988.34816201791,21928565
2025-09-11,72570.2578125,72767.9969346049,71284.95351881812,72372.5186903951,20793501
2025-09-12,74547.6484375,74745.38755802387,73361.21371435677,73756.69195540452,28219678
2025-09-15,75635.21875,76722.7839869281,75042.00134803922,76327.30571895425,19908805
2025-09-16,78502.4375,78601.3070686398,75832.95914672544,76030.69828400503,28218265
2025-09-17,77316.0,78205.82608695653,76228.4347826087,78205.82608695653,20856317
2025-09-18,79392.265625,79590.00476727895,77711.48291562889,78205.83077132628,25619035
2025-09-22,82556.0859375,83050.43375748502,80183.21640157186,80578.69465755987,27529656
2025-09-23,83742.5234375,84928.9582441706,82654.95819805196,84830.08867694806,23610263
2025-09-24,84434.609375,84533.47894101287,82753.82675278102,83248.17458284543,18300997
2025-09-25,85126.6953125,85225.56487732287,83149.3040160424,83445.91271051104,19665151
2025-09-26,82358.34375,84335.7349564826,81468.51770708284,84039.1262755102,24071193
2025-09-29,83619.59375,84414.0792013064,82626.48693586698,82725.79761728029,13069094
2025-09-30,83321.6640625,84314.77090472289,82825.11064138856,84016.83885205601,16319061
2025-10-01,85407.1875,85605.80886627907,84116.14861918605,84314.76998546511,22039361
2025-10-02,89131.3359375,89677.54468140668,88088.57379004179,88684.43787430362,49883028
2025-10-10,93749.2890625,93848.5997500662,92061.00737387447,93352.04631223516,35269748
2025-10-13,92656.8671875,92756.17787044481,90074.78943093515,90670.65352860397,23883308
2025-10-14,90968.5859375,95338.25600436682,89578.23637076965,94643.08122100164,35545235
2025-10-15,94345.1484375,94643.08048519737,91465.13864309211,91663.76000822369,21050111
2025-10-16,97026.53125,97026.53125,94345.14297594677,94643.07500639714,28141060
2025-10-17,97225.15625,98416.88441649642,96033.42808350358,96529.98148621042,22730809
2025-10-20,97423.7734375,97622.3947900739,95338.24923547401,97225.1520849261,17589756
2025-10-21,96827.9140625,99211.37040865385,96629.29270032051,97821.02087339744,22803830
2025-10-22,97920.328125,97920.328125,94841.6971190416,96430.66796082657,15937611
2025-10-23,95834.8046875,97821.01825615285,95636.18333063471,96132.73672279793,18488581
2025-10-24,98118.953125,98317.57448760122,97026.53563069331,97225.15699329453,18801925
2025-10-27,101296.890625,101296.890625,99906.54114583333,100601.71588541666,22169970
2025-10-28,98814.125,100303.7851758794,98416.88228643216,100204.47449748743,20002282
2025-10-29,99807.234375,100303.78777985075,98416.88484141791,99509.30233208956,20899788
2025-10-30,103382.421875,105070.70350024015,101296.89751440923,101694.14024975985,34570017
2025-10-31,106758.984375,107851.40188953489,102587.93568313954,104276.21729651163,54824564
2025-11-03,110334.1640625,110731.40677739649,105765.87284119037,106163.11555608686,30110066
2025-11-04,104176.90625,111625.20745948522,104176.90625,111029.3433627264,30450281
2025-11-05,99906.5390625,101296.88851267395,96033.4227370154,100303.7817625497,44843020
2025-11-06,98516.203125,103084.49480216735,98118.96037046371,102985.18411353327,28655689
2025-11-07,97225.15625,99608.61258299285,95636.1853613381,95735.49604187947,22908083
2025-11-10,99906.5390625,100303.7817625497,97225.1508371645,97920.32556225148,23842327
2025-11-11,102786.5546875,105269.32170893719,101296.89447463768,102985.17604921498,27742542
2025-11-12,102389.3125,103183.79795101842,100899.65227934044,102290.0018186227,19413497
2025-11-13,102091.3828125,103481.73238387646,101594.82939415127,101793.45076149076,20838741
2025-11-14,96529.9765625,98913.43277391975,96529.9765625,98317.5687210648,21806342
2025-11-17,99906.5390625,100303.7817625497,98814.12163736332,99112.05366240059,17192584
2025-11-18,97125.8515625,100204.4828492459,96827.91950249232,99112.06529588446,18684068
2025-11-19,95834.8046875,96827.91147182642,93947.90179727979,96430.66875809585,18993346
2025-11-20,99906.5390625,102190.68458778578,98814.12163736332,100204.47108753727,25360435
2025-11-21,94146.5234375,96132.7370121308,93848.59140130537,94941.00886735231,23103574
2025-11-24,96033.4296875,98317.57537810238,95536.87627649949,97125.84719170115,29831172
2025-11-25,98615.5078125,100701.03214690332,97125.84757364048,100701.03214690332,16110054
2025-11-26,102091.3828125,102190.69349616974,98615.50888405884,99807.23708809582,21314975
2025-11-27,102786.5546875,104772.76830464976,101992.06924064009,103382.41877264493,16453004
2025-11-28,99807.234375,103084.48684701492,99807.234375,103084.48684701492,15292277
2025-12-01,100105.171875,102091.38560267857,99211.37569754464,101296.90011160714,10905526
2025-12-02,102687.2421875,102786.55286659817,100303.7858891441,100502.40724734042,13649487
2025-12-03,103779.65625,104772.76300837321,103283.1028708134,103978.27760167464,14697927
2025-12-04,104375.53125,104375.53125,102488.6282112274,103183.80301498572,11931145
2025-12-05,107652.78125,107652.78125,103878.9752652214,104574.15005189113,19755571
2025-12-08,108745.1953125,109241.74871575343,107255.53510273973,108943.81667380137,15527762
2025-12-09,107652.78125,108645.88808809963,106560.36372809041,108149.33466904981,13671800
2025-12-10,107255.5390625,109043.13138020833,106659.67495659721,107553.4711154514,12365092
2025-12-11,106560.359375,109738.30112709693,106560.359375,108447.26229030755,22994507
2025-12-12,108149.3359375,108149.3359375,106063.8115530303,106361.74360795454,14210314
2025-12-15,104077.59375,105070.7005605916,103878.97238788169,104574.14715529581,20594654
2025-12-16,102091.3828125,104872.08195525291,101992.07212883024,104176.90716956469,18852079
2025-12-17,107156.2265625,107354.84792776876,102687.24584395273,102786.55652658711,22297611
2025-12-18,106858.296875,107454.16098396841,104971.39386326673,105666.56865706321,20445631
2025-12-19,105567.25,108943.81302916275,105467.93932267168,108943.81302916275,25917098
2025-12-22,109738.3046875,109738.3046875,108546.57649179864,108943.81922369909,24859171
2025-12-23,110731.4140625,111724.52091507846,109638.99652466367,110135.54995095292,20419187
2025-12-24,110334.1640625,111625.20288591359,110135.54270505176,111625.20288591359,12492939
2025-12-26,116193.4921875,116193.4921875,111625.20104166666,111625.20104166666,34018174
2025-12-29,119253.171875,119452.75877353556,117955.85703451883,119153.37842573223,19676004
2025-12-30,119652.34375,120949.65856964137,118454.82237802335,118853.99616868224,19746349
