Price,Close,High,Low,Open,Volume
Ticker,000660.KS,000660.KS,000660.KS,000660.KS,000660.KS
Date,,,,,
2020-01-02,88883.953125,90291.8298904435,88320.8024188226,90104.11298838438,2342070
2020-01-03,88696.2578125,91887.44592427248,88508.54086474868,90573.42729001322,3021380
2020-01-06,88508.5390625,89447.12378214474,87100.66198303287,87288.37892696183,2577573
2020-01-07,88226.9609375,89540.97950465426,88226.9609375,88696.25328291224,2489429
2020-01-08,91418.140625,93389.16829761294,89353.25449178644,90479.55601899384,7014748
2020-01-09,92919.859375,92919.859375,91418.12427398989,92826.00093118686,3586413
2020-01-10,92826.03125,93576.8990457533,91887.4465053084,93013.74819893832,2867925
2020-01-13,94327.765625,94797.05799129354,91981.30379353234,92919.8885261194,2242008
2020-01-14,94327.765625,97143.5198227612,93764.61478544776,95266.35035758706,2913343
2020-01-15,92169.0078125,93764.60163410132,91981.2908923116,93764.60163410132,2745625
2020-01-16,93107.59375,93295.31067288306,91418.14144405242,91418.14144405242,2824804
2020-01-17,92919.859375,95266.32047032828,92732.14248737373,94327.73603219696,2246394
2020-01-20,93764.59375,94797.03672422422,93483.01839339339,93858.4522022022,1781639
2020-01-21,93201.4609375,94327.76258024925,92919.8855268127,94327.76258024925,1483291
2020-01-22,94797.0546875,94797.0546875,92919.88528774753,92919.88528774753,2257478
2020-01-23,92638.3046875,94797.04937626647,92169.01236385512,94797.04937626647,2780104
2020-01-28,90385.7109375,90948.86178446261,89165.550769081,89634.84314154985,3630362
2020-01-29,91887.4453125,92919.88851825842,90761.1436334908,90948.86057999234,2741459
2020-01-30,88226.9609375,91793.58276263297,88039.2439993351,91793.58276263297,3223436
2020-01-31,87757.65625,91511.99448529411,87757.65625,88696.24080882352,4597139
2020-02-03,88883.953125,89728.6791842661,85880.48269205386,86162.05804514256,3725535
2020-02-04,91136.5625,91511.99633110197,88696.24259783728,88977.81797116375,3169743
2020-02-05,91699.7421875,93201.47798586234,90948.87428831882,93201.47798586234,2911995
2020-02-06,94327.765625,94797.05799129354,92262.87921330845,92826.03005286069,2861441
2020-02-07,93201.4609375,94327.76258024925,92356.73470543807,93858.47022910372,1827393
2020-02-10,92732.171875,93107.60576923078,91418.15324519231,91981.30408653847,1825648
2020-02-11,93670.7421875,94327.75140123998,92919.87451465431,93764.60064660572,1820578
2020-02-12,93858.453125,94797.03765625,93013.72704687499,94327.745390625,2616573
2020-02-13,95735.6484375,97143.52562040441,94327.77125459559,94797.06364889705,3519491
2020-02-14,98082.1015625,98551.39391447368,94797.0550986842,95266.3474506579,1893163
2020-02-17,98551.3828125,99489.9674107143,97143.50591517857,98082.09051339286,1190162
2020-02-18,95735.6484375,98082.11040900735,95266.35604319852,97612.81801470587,2789667
2020-02-19,97143.515625,97143.515625,94797.05389492754,96204.93093297102,2315634
2020-02-20,97612.7890625,99489.95808293269,96204.91229717548,98082.08131760817,3093782
2020-02-21,96674.2265625,97143.51892445389,94797.05711468447,95266.34947663835,4064719
2020-02-24,93389.1875,94327.77229899497,92826.03662060302,94327.77229899497,5550758
2020-02-25,91981.296875,93013.74000318878,90479.56141581634,91793.57994260204,6594059
2020-02-26,88790.109375,90197.9863735465,88602.39244186046,89634.83557412791,6405409
2020-02-27,87100.6484375,89447.10987169988,86537.49769329203,88883.95912749191,4644449
2020-02-28,82501.578125,86537.49150312856,82313.8612236917,85411.19009527873,8171939
2020-03-02,86443.6328125,87382.21731643594,82877.01169754344,84472.60535423453,6382279
2020-03-03,87100.6484375,89259.3929569639,86725.214608028,89165.5344995959,5573006
2020-03-04,88508.5390625,89165.54836625133,85692.78490356574,85692.78490356574,4984561
2020-03-05,89071.6953125,90010.28008923867,88039.25205808746,89353.2707455216,4028776
2020-03-06,86912.9453125,88508.53934091523,86349.7944789417,87569.95461831804,3281612
2020-03-09,86912.9453125,86912.9453125,86912.9453125,86912.9453125,0
2020-03-10,83627.8828125,83909.45817550506,81281.42145412459,81562.99681712964,6579153
2020-03-11,80248.9921875,83064.7462993421,79873.55830592105,82783.1708881579,5226251
2020-03-12,77714.8125,79404.26494565218,74711.34148550725,78653.39719202899,8191818
2020-03-13,77433.2421875,79498.12864583333,71332.44128787878,72177.16756628787,8160758
2020-03-16,75649.921875,79591.9773573201,75462.20494727047,78559.53425480769,5097762
2020-03-17,75462.2109375,77996.38966301306,72271.02291277985,72740.31526935635,7107436
2020-03-18,68610.546875,77433.2437371751,68516.68839774281,76588.51744186046,7949482
2020-03-19,64762.35546875,71144.7325294384,61758.88391077898,70863.15707087862,11140367
2020-03-20,70206.1171875,71520.13542362968,65794.77025192179,67390.36382436498,8750101
2020-03-23,65137.77734375,67202.66365724063,63823.758780619595,65419.35275013508,8192363
2020-03-24,73866.609375,73960.46783672173,67671.95090136594,68516.6770568615,7247345
2020-03-25,79310.4140625,79498.13101886095,74899.06558801775,76963.95210798817,8787217
2020-03-26,75743.7890625,82501.59923907992,75462.21363847583,79779.70347351301,7895289
2020-03-27,78184.09375,80436.69669117648,75556.05698529411,80436.69669117648,8085695
2020-03-30,78559.5390625,79685.84069780467,75086.7756869773,76025.36038306452,5270037
2020-03-31,78184.09375,80248.97977941176,76963.93382352941,78841.10294117648,5333479
2020-04-01,73585.046875,78090.25382653062,73585.046875,77057.81056680485,6845675
2020-04-02,75086.765625,75086.765625,71801.71962890624,73960.464140625,5394371
2020-04-03,74711.328125,75837.6295540201,73678.88514839824,75086.76193467337,3755301
2020-04-06,77996.3828125,78184.0997386432,75274.48738342359,76025.35508799639,5784159
2020-04-07,80530.5625,81375.28868006993,78559.5347465035,81281.43021561771,6188649
2020-04-08,79310.4140625,81187.58362610947,79310.4140625,80530.57427884615,3749575
2020-04-09,79779.703125,81187.5802389706,79310.41075367646,80906.00481617647,3555538
2020-04-10,78934.9765625,79216.55198424494,77902.5333494352,78841.11808858502,3675338
2020-04-13,76400.7890625,78277.9583269349,76119.21367283477,78090.2414004914,3615318
2020-04-14,77245.53125,78559.55000759417,76213.08794046173,77151.67276731471,3344109
2020-04-16,76306.9296875,77245.51430850246,75649.92045279828,75649.92045279828,4470072
2020-04-17,78934.9765625,80624.42909296969,78090.25029726516,78465.6841929251,6205624
2020-04-20,76963.9453125,78747.25624047256,76963.9453125,78747.25624047256,5027876
2020-04-21,76306.9296875,77151.65584640221,75274.48660439729,75649.92045279828,5090721
2020-04-22,78747.25,78747.25,75086.76996424315,75649.92073897498,5335787
2020-04-23,77527.09375,79967.41389225182,76963.94294794189,79967.41389225182,6519481
2020-04-24,76400.7890625,77433.23215793919,75837.63828316954,76963.93984183046,3193144
2020-04-27,77527.09375,78090.24455205811,76213.0752118644,76682.36754691284,3235430
2020-04-28,78277.9453125,78747.23755058453,77339.36083633093,77433.21928394784,3205535
2020-04-29,78559.5390625,79591.98222819594,77808.67130563023,78371.82212328256,3750568
2020-05-04,76025.3515625,77808.66227816358,75837.63464506173,77808.66227816358,5280026
2020-05-06,77339.3828125,77433.24128678702,75931.50569819479,76963.94891535194,3351424
2020-05-07,77339.3828125,78277.96755537014,76776.23196677791,77339.3828125,2660512
2020-05-08,79779.703125,80248.99549632354,77902.53363970589,77902.53363970589,5039635
2020-05-11,79310.4140625,79967.42340976332,78934.9801497781,79310.4140625,2800047
2020-05-12,80436.6953125,81187.56294668902,78090.23395565928,79310.39386121645,3574409
2020-05-13,78465.6796875,78934.9720301286,77902.52887634569,78371.82121897429,5371416
2020-05-14,75649.921875,77433.23268843052,75649.921875,77151.65729683623,6409652
2020-05-15,76870.1015625,77245.5355139652,75743.7997081044,76494.6676110348,4168866
2020-05-18,76119.2265625,76776.23591630702,74335.91545930949,75462.21720869296,5294177
2020-05-19,77620.9453125,78090.23760580411,76682.36072589178,77339.36993651754,4620614
2020-05-20,78934.9765625,79028.83503641498,76776.23166245541,76870.09013637039,3924403
2020-05-21,78277.9453125,79685.8220267536,78090.22841726619,79685.8220267536,2678953
2020-05-22,76306.9296875,78184.09892950492,76025.35430119926,77996.38200530442,3471700
2020-05-25,76400.7890625,76776.22291538697,75556.06289350429,76494.64752572174,2850294
2020-05-26,76870.1015625,77057.8185382326,75649.94122023809,75649.94122023809,3040122
2020-05-27,76400.7890625,77620.94908438268,76025.35520961302,76119.21367283477,2946278
2020-05-28,78747.25,80155.12693682956,77339.37306317044,78934.96692491061,9227823
2020-05-29,76494.6484375,77620.9500095859,76306.93150881902,77527.0915452454,6815185
2020-06-01,78465.6796875,78559.53815602572,77057.80265961424,77057.80265961424,4205357
2020-06-02,78184.09375,78465.66911764706,77620.94301470589,77620.94301470589,3114162
2020-06-03,83252.4609375,83721.7532764938,78277.96214416572,78277.96214416572,11642239
2020-06-04,82313.875,85974.35518814139,81750.7242018244,84472.61972633979,6678244
2020-06-05,84848.0625,85223.49640486726,82313.88364214601,83064.75145188053,4000557
2020-06-08,85411.1875,87288.35645604396,85035.7537087912,87288.35645604396,3789382
2020-06-09,84284.9140625,86349.80059855233,83627.9047101197,85411.21580943764,3410081
2020-06-10,85223.484375,85505.05976390418,83909.46589344714,84284.89974531939,3045250
2020-06-11,83064.7421875,84754.19457097458,82126.15753001413,83815.6099134887,5467344
2020-06-12,79967.40625,80530.55699823944,79310.39704372066,79310.39704372066,4742329
2020-06-15,76963.9453125,81187.57645769817,76963.9453125,78934.97318025914,4710114
2020-06-16,80155.140625,80436.71606045082,78184.11257684426,78277.97105532787,3518785
2020-06-17,81469.1484375,82032.29923315093,78371.81906141993,79591.9791186636,4160612
2020-06-18,80906.0,81469.15081206497,80155.13225058005,80812.1415313225,2484147
2020-06-19,80155.140625,81656.8762807377,79310.41431864754,81187.58388831967,3216102
2020-06-22,79685.84375,80624.42848203769,79122.69291077739,79216.55138398116,2167216
2020-06-23,78934.9765625,80906.00451471463,78747.25961467004,80342.85367122473,2955819
2020-06-24,80718.2578125,82032.27596293605,78841.0890261628,79028.8059047965,4079834
2020-06-25,79122.6796875,80342.83963523131,78841.10431494661,79122.6796875,3397112
2020-06-26,79404.28125,80812.15857712766,79310.42276152482,80718.30008865248,2889494
2020-06-29,78465.6796875,80061.2736524372,78371.82121897429,78841.11356160288,2932433
2020-06-30,79873.546875,81938.43292817273,79779.6884180376,80905.98990158636,4983607
2020-07-01,80061.265625,81938.43480729777,79685.83178854044,81469.14251172333,2382552
2020-07-02,79216.5546875,79967.42250444312,78841.12077902844,79591.98859597156,3295340
2020-07-03,80155.140625,80342.85758196721,79310.41431864754,79779.70671106558,2195897
2020-07-06,80718.2578125,81656.84220566861,80530.54093386627,80718.2578125,2561766
2020-07-07,79591.9921875,81938.45422132961,79404.27522479363,81938.45422132961,3196352
2020-07-08,78559.5390625,79685.84069780467,78465.68059289128,78653.39753210872,3523620
2020-07-09,77902.5234375,79404.25882906627,77902.5234375,79028.82498117471,4002365
2020-07-10,77714.8125,78371.82178442029,77339.37862318842,78184.1048460145,2201557
2020-07-13,77902.5234375,78371.81574736447,77433.23112763555,77996.3818994729,2080934
2020-07-14,77808.671875,77808.671875,76963.94564234017,77527.09646411339,2048671
2020-07-15,77902.5234375,78747.24959525603,77808.6649755271,77996.3818994729,3024429
2020-07-16,77620.9453125,77996.37914714329,77245.51147785671,77902.52068848247,2312310
2020-07-17,77808.671875,78371.82269677322,77527.09646411339,77620.95493440892,1579078
2020-07-20,77151.6640625,77902.53183926399,77057.8055904045,77714.814895073,2008624
2020-07-21,78934.9765625,79498.1274059899,77902.5333494352,78277.96724509513,4181015
2020-07-22,78090.2265625,79028.8110163762,77808.65122633714,78934.95257098858,2876295
2020-07-23,77339.3828125,78841.11840109223,77245.52433821298,78841.11840109223,3591647
2020-07-24,78559.5390625,78559.5390625,77151.66201836918,77245.5204879779,3667416
2020-07-27,77714.8125,78841.11413043478,77714.8125,77996.3879076087,2784652
2020-07-28,77996.3828125,78747.25051707281,77620.9489602136,78747.25051707281,4538720
2020-07-29,78090.2265625,78653.37723482572,77527.07589017428,77808.65122633714,3719681
2020-07-30,80061.265625,81093.70867526377,77902.52106535756,78184.09644270223,6870841
2020-07-31,77714.8125,80718.28351449275,77714.8125,80436.70810688406,4848989
2020-08-03,76776.2109375,77527.0785261308,76494.63559176345,77339.3616289731,3483106
2020-08-04,76588.5234375,77433.24979894301,76400.80646829044,76776.24040670956,3005937
2020-08-05,75743.7890625,76306.93991054833,75556.07211315056,76213.08143587361,4537005
2020-08-06,76119.2265625,76870.09439542232,75743.79264603884,75743.79264603884,3391939
2020-08-07,75649.921875,76306.93112205334,75086.77109181142,76213.07265818858,4946631
2020-08-10,76400.7890625,76870.08137860872,74899.05365095209,75180.62904061732,3277238
2020-08-11,76306.9296875,76963.93892220172,76025.35430119926,76682.36353590098,3234013
2020-08-12,76025.3515625,76306.92693865742,75274.48389274691,76119.21002121914,3595828
2020-08-13,75743.7890625,76963.94923327139,75368.35516380111,76870.09075859666,4049387
2020-08-14,75274.4765625,76119.2026087126,75180.61811292083,75274.4765625,2589552
2020-08-18,73303.453125,75274.48067381562,73209.5946702945,75086.76376440462,4946279
2020-08-19,70393.8515625,73209.605625,70393.8515625,72552.59634375,8028305
2020-08-20,67390.375,69830.69498607243,66921.08269498608,69830.69498607243,7260223
2020-08-21,69924.546875,72271.0081795302,68047.37783137584,68328.95318791945,7700029
2020-08-24,70863.140625,72458.73451986755,69173.68826572847,70018.41444536424,4298619
2020-08-25,72271.015625,72928.02485795454,70769.28023538961,71614.00639204546,3473488
2020-08-26,73960.4765625,74242.05198088515,72364.88252498413,73209.60878013959,4741965
2020-08-27,74242.0390625,75274.48208359671,73960.46369310998,75274.48208359671,4223450
2020-08-28,73021.8984375,74711.35110057841,72928.03995621786,74617.49261929627,2511956
2020-08-31,70487.703125,73960.46612849535,70487.703125,73397.31537117178,5113128
2020-09-01,70581.5546875,71801.71454247009,70581.5546875,70581.5546875,2538676
2020-09-02,70863.140625,71707.86680463576,70299.98983857616,71238.57448261589,2369360
2020-09-03,73866.609375,74805.19399221728,72458.73244917407,72928.02475778272,7002529
2020-09-04,73866.609375,74523.61860705209,71426.28937023507,71707.86475540025,4582566
2020-09-07,73585.046875,74617.49013472577,72834.1790497449,73772.76383131377,2786930
2020-09-08,74523.6171875,75086.76794710328,73397.31566829345,73866.60796796285,3380355
2020-09-09,72552.59375,73585.03686934024,72458.73528460544,73115.7445423674,3918435
2020-09-10,71895.609375,73397.34534105744,71895.609375,73209.62834530025,3541520
2020-09-11,73585.046875,73678.9053531569,71614.01883370536,71989.45274633291,2831262
2020-09-14,75086.765625,75180.62408203125,74054.32259765625,74242.03951171874,4099644
2020-09-15,76870.1015625,77057.8185382326,75274.5072687729,76306.9506353022,5899410
2020-09-16,76494.6484375,77339.37461656441,75556.0637940951,76682.36536618098,3119110
2020-09-17,77151.6640625,77808.67336716849,76213.079341545,76870.0886462135,4055050
2020-09-18,78559.5390625,78747.25600171744,77151.66201836918,77808.67130563023,5199334
2020-09-21,79310.4140625,79779.70645340237,78465.68775887573,78559.54623705622,4102947
2020-09-22,76306.9296875,79591.97586100861,75274.48660439729,79216.54201260762,4139983
2020-09-23,78465.6796875,79591.98130980862,75556.06716320275,77245.51959666568,4439085
2020-09-24,79122.6796875,80155.12272019572,77245.51053714413,77714.8028247331,6401560
2020-09-25,77808.671875,80624.4259838661,77151.66258293124,80530.56751357057,3205596
2020-09-28,77433.2421875,78559.54389204545,76306.94048295454,78277.96846590909,3154068
2020-09-29,78841.1015625,79685.82765066964,77151.64938616072,77996.37547433036,4707898
2020-10-05,78090.2265625,78934.95257098858,77245.50055401142,77902.50967172477,3396894
2020-10-06,77902.5234375,79028.82498117471,77527.08958960844,78841.10805722892,2750145
2020-10-07,78277.9453125,78559.52065535072,77433.21928394784,77808.65307441546,2254356
2020-10-08,77808.671875,79310.40739972859,77808.671875,79122.6904591375,3330824
2020-10-12,80248.9921875,80248.9921875,78371.82277960525,78747.2566611842,4464264
2020-10-13,82783.15625,83534.02388038549,79404.2519132653,80248.97799744898,6375448
2020-10-14,81187.578125,83440.18144869943,80812.14423771677,82595.45520231214,3223767
2020-10-15,81750.7109375,81938.42783976751,80624.40952389495,80812.12642616246,2802900
2020-10-16,80061.265625,82501.5855619871,79685.83178854044,81656.85942995311,2435541
2020-10-19,81375.2890625,82501.59064121972,80530.56287846022,80812.13827314014,3150011
2020-10-20,79967.40625,85317.33835827465,78559.5293794014,80061.2647080399,6622637
2020-10-21,78653.390625,80905.99369779236,77714.8060113365,80061.26754549523,4925877
2020-10-22,78184.09375,79122.67830882352,77433.22610294117,79028.81985294117,2593975
2020-10-23,78747.25,79498.11769964243,77245.51460071513,77714.80691299165,2609595
2020-10-26,78090.2265625,79498.1032433143,77902.50967172477,79122.66946176383,1662847
2020-10-27,77527.09375,78277.96148607749,76776.22601392253,77245.51834897095,2265817
2020-10-28,77808.671875,78465.68116706876,76963.94564234017,77057.8041126357,1773556
2020-10-29,76682.3671875,77339.37645348837,76025.35792151163,76870.08412063953,2637314
2020-10-30,74992.9140625,77057.8003070244,74992.9140625,76588.5079787234,2710477
2020-11-02,74711.328125,75649.91264918342,74335.89431532663,75274.47883951005,2000394
2020-11-03,76400.7890625,76400.7890625,74711.3367245086,74711.3367245086,2057723
2020-11-04,78090.2265625,79216.52790715144,76213.0576547476,77057.78366323617,3782296
2020-11-05,80812.140625,80905.99909262486,78184.10353150406,78934.97127250291,4082325
2020-11-06,80999.8515625,82313.87001194959,80718.27618047509,81187.56848384994,2863808
2020-11-09,80718.2578125,81938.41752361918,80342.82405523256,81187.5500090843,2444330
2020-11-10,81187.578125,81844.58742774568,80624.42729407515,81563.01201228324,2849783
2020-11-11,81656.859375,81844.57629310346,80624.41632543104,80812.13324353448,2638617
2020-11-12,82689.3203125,82970.89575056754,81656.8770395857,82220.02791572077,4006433
2020-11-13,84191.046875,84472.6222826087,82126.16055253624,82689.31136775363,3774278
2020-11-16,91981.296875,92075.15534119899,85505.06270727041,86443.6473692602,9274278
2020-11-17,92075.1640625,93483.04118883793,90573.4284610729,91418.15473687564,5218295
2020-11-18,91981.296875,94327.7585299745,90667.27834821428,93670.74926658164,3734037
2020-11-19,92169.0078125,92262.8662725942,90104.1216904277,90291.83861061609,2766688
2020-11-20,90854.9921875,92919.87837357954,90854.9921875,92919.87837357954,2424003
2020-11-23,93858.453125,94797.03765625,90667.26571875,91324.27489062499,4149013
2020-11-24,92544.4453125,95735.63308189655,92262.86992108266,94797.04844383875,3766043
2020-11-25,91230.4140625,94327.74293499227,90385.68800636574,94327.74293499227,4081524
2020-11-26,93295.3203125,93389.17878363933,90385.70770718058,90855.00006287727,2933290
2020-11-27,92732.171875,93764.61508413462,92169.02103365384,93483.03966346155,1976047
2020-11-30,91512.0078125,93670.7526121795,91324.29087339743,93576.89414262821,3877841
2020-12-01,94327.765625,95266.35035758706,91793.58684701493,92544.45463308458,4455519
2020-12-02,102305.7265625,102775.01888618119,96674.21867832569,96674.21867832569,7488361
2020-12-03,104652.1875,107467.94142376681,102305.72589686098,103713.60285874439,6617912
2020-12-04,107937.21875,112160.84904891303,105590.75747282608,108875.80326086956,8258814
2020-12-07,110752.9765625,112630.14565677967,108875.80746822034,111222.26883606991,5191354
2020-12-08,107937.21875,110752.9722826087,106998.63423913044,110752.9722826087,4536460
2020-12-09,113099.453125,113568.74546161825,107937.23742219916,108875.82209543568,5490760
2020-12-10,109345.1328125,111222.30247451717,108406.54798149141,109814.42522800429,8205744
2020-12-11,108406.53125,110752.99296536797,107937.2389069264,110752.99296536797,3944552
2020-12-14,109814.40625,111691.57558760684,108406.52924679487,108875.8215811966,3066761
2020-12-15,110283.703125,111222.28783244682,107937.24135638299,111222.28783244682,2755902
2020-12-16,110283.703125,112160.87253989362,109814.4107712766,111691.58018617022,2213552
2020-12-17,112160.875,112160.875,109814.41317991632,111222.29027196653,3649945
2020-12-18,111222.2734375,111691.56573048524,110283.68885152953,111222.2734375,3010798
2020-12-21,108875.8203125,110752.98962823277,107467.94332570044,110752.98962823277,3585805
2020-12-22,105590.78125,108406.53541666667,105590.78125,107937.24305555556,4270842
2020-12-23,108875.8203125,108875.8203125,105590.77400996767,106060.06633890087,3173156
2020-12-24,110752.9765625,111222.26883606991,108406.51519465042,108875.80746822034,3486636
2020-12-28,108406.53125,112160.86999458875,107937.2389069264,111691.57765151515,4825132
2020-12-29,109990.0,112360.47413793104,108093.62068965517,111886.37931034483,4208916
2020-12-30,112360.46875,112360.46875,108567.71031118144,109989.9947257384,4195192
2021-01-04,119471.8984375,121368.27777777778,114256.85525173611,118049.61393229167,7995016
2021-01-05,123738.765625,125635.14517480842,117575.5320881226,118049.6269755747,7180224
2021-01-06,124212.8359375,129901.97346135495,123264.64635019083,125635.12031846373,8525749
2021-01-07,127531.5,130376.06877323419,124686.9312267658,125635.12081784387,5981299
2021-01-08,130850.2109375,130850.2109375,125635.16629868658,128953.83106884058,8713010
2021-01-11,126109.21875,132746.54605263157,124212.8395206767,130850.16682330827,11154671
2021-01-12,122316.453125,126583.30614098837,118997.78966812015,125161.02180232557,8700877
2021-01-13,126109.21875,126583.31355733084,121842.36548402256,122316.46029135339,6791044
2021-01-14,123738.765625,126109.24006226053,122316.48096264368,125635.14517480842,5380278
2021-01-15,120894.203125,128005.6268382353,120420.10821078431,126109.24718137256,4838114
2021-01-18,123264.6640625,124212.85378605769,118523.71544471153,119471.90516826922,5927419
2021-01-19,123738.765625,125161.05028735632,121842.38607519156,124212.8605124521,4513315
2021-01-20,123738.765625,128005.61961206896,123264.67073754789,127057.42983716475,4913282
2021-01-21,124686.953125,126109.23776140684,123264.66848859315,124686.953125,3067677
2021-01-22,121842.3828125,125161.04693579767,121842.3828125,124686.95206104085,3927767
2021-01-25,128005.59375,128005.59375,122790.55104166667,123264.64583333334,5061864
2021-01-26,122316.453125,127057.40092054263,121842.35834544573,127057.40092054263,6270106
2021-01-27,121842.3828125,125161.04693579767,120894.19306298638,122790.57256201362,5068456
2021-01-28,116627.328125,118997.80227388212,115205.04363567074,117575.51778455284,6270829
2021-01-29,116153.234375,121842.37238520409,115205.04470663266,121842.37238520409,7391307
2021-02-01,118523.7109375,119471.900625,111886.383125,114730.95218749999,5620305
2021-02-02,123264.6640625,125635.13837139422,120420.09489182691,121842.37947716346,4880067
2021-02-03,123264.6640625,124686.94864783653,121842.37947716346,124212.85378605769,3693688
2021-02-04,118523.7109375,121842.37484375,117575.52125,120894.18515625,4600618
2021-02-05,120894.203125,121368.29803921569,118049.63363970588,119946.01329656864,3497303
2021-02-08,118523.7109375,121368.28,118523.7109375,120894.18515625,2876471
2021-02-09,118997.8046875,123264.65824203187,118523.70984810758,120894.18404506972,5177095
2021-02-10,119471.8984375,120420.08810763889,118049.61393229167,118997.80360243056,4262526
2021-02-15,125161.03125,125635.12606534091,123264.65198863637,123264.65198863637,5384526
2021-02-16,125635.125,127057.40943396227,123738.74575471698,125635.125,3218689
2021-02-17,123264.6640625,124212.85378605769,121368.2846153846,124212.85378605769,3621178
2021-02-18,119471.8984375,123264.65711805556,118997.80360243056,121842.37261284722,3792425
2021-02-19,126109.21875,126109.21875,121842.36548402256,122316.46029135339,6986526
2021-02-22,129427.875,132272.4436813187,128005.59065934067,128953.78021978022,7961516
2021-02-23,131324.328125,132746.61326714803,124686.9974616426,126583.37765117329,6400037
2021-02-24,128953.78125,136065.2030101103,127057.40211397059,130376.06560202206,9074809
2021-02-25,140806.140625,141754.33012415824,132746.52988215486,133694.71938131313,9936495
2021-02-26,134168.8125,137487.4757067138,130850.14929328623,136065.19147526502,10843268
2021-03-02,137013.40625,142702.54422577855,133694.74243079586,141280.2597318339,9376523
2021-03-03,139383.9375,139383.9375,132272.51211734695,135117.08227040817,5827221
2021-03-04,134642.96875,137961.63347271128,132272.49394806338,135591.15867077466,6586562
2021-03-05,132746.578125,134168.862890625,129427.91367187501,130850.1984375,6091444
2021-03-08,128479.6875,135591.1093173432,128479.6875,135591.1093173432,5587787
2021-03-09,129427.875,130376.06456043957,123738.73763736265,127057.4010989011,7822152
2021-03-10,126109.21875,133220.6408599624,125635.12394266918,133220.6408599624,5614476
2021-03-11,129902.0,131798.3795620438,127057.4306569343,127531.52554744526,6707671
2021-03-12,132746.578125,135117.052734375,132272.483203125,133220.67304687502,4548695
2021-03-15,129427.875,134642.91758241758,128953.78021978022,134168.8228021978,4289990
2021-03-16,133220.640625,133220.640625,130850.16659252669,131324.26139902134,3304561
2021-03-17,132746.578125,133694.76796875,131324.293359375,133694.76796875,2588319
2021-03-18,134642.96875,137487.53851232395,133694.77882922537,135117.06371038733,4426840
2021-03-19,130850.2109375,132272.49583899457,129902.02100317029,130850.2109375,4015627
2021-03-22,130850.2109375,132746.59080615942,129902.02100317029,131324.30590466486,2727719
2021-03-23,128005.59375,132272.446875,127057.40416666667,131798.35208333333,3839090
2021-03-24,126583.328125,127531.51784878278,124686.94867743446,126109.23326310862,3894080
2021-03-25,126109.21875,127531.50317199249,123738.74471334588,126109.21875,4157799
2021-03-26,128005.59375,128005.59375,125161.02500000001,127057.40416666667,3835443
2021-03-29,125161.03125,128479.69495738637,124686.93643465909,128479.69495738637,3575226
2021-03-30,127531.5,128479.68959107806,125161.02602230482,126109.2156133829,3304184
2021-03-31,125635.125,128005.59905660377,125161.03018867924,127531.50424528301,3309680
2021-04-01,133220.640625,133220.640625,129427.8821730427,130850.16659252669,5833436
2021-04-02,133694.75,135591.12943262412,132746.56028368796,134642.93971631204,3432245
2021-04-05,135591.140625,137013.42531687065,133694.76103583915,134642.95083041958,2616440
2021-04-06,135591.140625,139383.8998033217,134168.85593312938,139383.8998033217,3753217
2021-04-07,136065.21875,138435.69294425088,135117.02907229966,138435.69294425088,2424687
2021-04-08,136539.296875,138435.67599826388,135117.0125325521,136065.20209418403,3774932
2021-04-09,132746.578125,137487.52734375,132272.483203125,136539.3375,3276077
2021-04-12,130376.09375,133220.6630681818,128953.80909090908,133220.6630681818,3878457
2021-04-13,132272.4375,132746.53225806452,128479.67943548386,128953.77419354838,2876178
2021-04-14,129902.0,131798.3795620438,129427.90510948905,131798.3795620438,2777203
2021-04-15,130376.09375,131798.3784090909,128953.80909090908,128953.80909090908,2291160
2021-04-16,130376.09375,131798.3784090909,130376.09374999999,131324.28352272726,1982877
2021-04-19,130850.2109375,131798.4008718297,129902.02100317029,130850.2109375,1906782
2021-04-20,131324.328125,131324.328125,129427.94793546932,129427.94793546932,2167732
2021-04-21,125635.125,130850.1679245283,125161.03018867924,130850.1679245283,5120577
2021-04-22,126109.21875,128479.69278665414,126109.21875,127531.50317199249,3007457
2021-04-23,125635.125,125635.125,121842.36650943395,123738.74575471698,4854412
2021-04-26,124686.953125,125635.14288260456,123738.76336739543,125635.14288260456,2904879
2021-04-27,128005.59375,128953.78333333334,125635.11979166667,126109.21458333333,3394650
2021-04-28,123264.6640625,128005.61268028845,123264.6640625,127531.51781850962,5596760
2021-04-29,123264.6640625,126109.23323317307,122316.47433894231,125161.04350961538,3738266
2021-04-30,121368.296875,123738.77142333984,119946.0121459961,123264.67651367188,3955947
2021-05-03,124686.953125,125635.14288260456,120420.09921577947,120894.19409458175,4085398
2021-05-04,125161.03125,125161.03125,122316.46235795454,123738.74680397726,2547004
2021-05-06,122316.453125,123738.73746366278,121368.26356589147,123264.64268410852,4211535
2021-05-07,122790.5625,124212.84700772201,120420.08832046333,121368.277992278,3450323
2021-05-10,123264.6640625,124212.85378605769,121842.37947716346,124212.85378605769,3067077
2021-05-11,116627.328125,120894.1815929878,115679.13846544715,120420.08676321138,9882491
2021-05-12,113308.671875,117101.43076621338,112834.57701359832,116627.33590481171,8272196
2021-05-13,111412.2890625,112360.47875664894,109515.90967420212,109990.0045212766,6042025
2021-05-14,112360.46875,113782.75316455697,111886.37394514769,112360.46875,3227201
2021-05-17,111412.2890625,113782.76329787234,110938.19421542554,113782.76329787234,3110127
2021-05-18,114730.9453125,115679.13494318181,111412.28160511363,111412.28160511363,3470048
2021-05-20,116153.234375,117575.51887755102,113308.66536989796,114730.94987244898,4600751
2021-05-21,116153.234375,118997.80338010205,114730.94987244898,118049.6137117347,4062695
2021-05-24,113308.671875,116153.24104341003,112834.57701359832,115679.14618200836,3188734
2021-05-25,116627.328125,116627.328125,114256.85397611788,115205.04363567074,3258364
2021-05-26,116627.328125,118049.61261432926,115679.13846544715,117575.51778455284,3015522
2021-05-27,118997.8046875,119471.89952689243,116627.33049053786,118049.61500871515,4539067
2021-05-28,118523.7109375,119945.99546875,117575.52125,119945.99546875,2332971
2021-05-31,120420.078125,120420.078125,117575.5093503937,119471.88853346456,2448074
2021-06-01,121842.3828125,122316.4776872568,119471.90843871595,120420.09818822957,2819179
2021-06-02,119471.8984375,122316.46744791667,118997.80360243056,121842.37261284722,2885654
2021-06-03,122316.453125,123264.64268410852,119945.97922722867,120420.07400678295,3353993
2021-06-04,121842.3828125,122316.4776872568,119946.00331347276,120894.19306298638,2555891
2021-06-07,121842.3828125,123264.66743677043,121368.2879377432,122790.57256201362,2562918
2021-06-08,120894.203125,120894.203125,118523.72855392157,120420.10821078431,4194955
2021-06-09,116153.234375,119471.89821428571,116153.234375,118997.80338010205,6087592
2021-06-10,116627.328125,117575.51778455284,114256.85397611788,116153.23329522357,4533076
2021-06-11,121368.296875,121842.39178466797,117575.53759765625,118049.63250732422,4868608
2021-06-14,120420.078125,120894.17292076771,118997.79373769685,120420.078125,2022730
2021-06-15,121842.3828125,122790.57256201362,121368.2879377432,121842.3828125,1975082
2021-06-16,122790.5625,122790.5625,120420.08832046333,121368.277992278,1893752
2021-06-17,119945.9921875,121368.2766798419,119471.89735671938,120420.08701828064,2123793
2021-06-18,118049.609375,120894.1782756024,118049.609375,120894.1782756024,2506112
2021-06-21,115679.1171875,116627.30667264343,114256.83295978484,114730.92770235655,3275288
2021-06-22,115679.1171875,117101.40141521516,115679.1171875,116153.21193007172,2179712
2021-06-23,117575.515625,118049.61044606855,115679.1363407258,116153.23116179435,2703658
2021-06-24,119471.8984375,119945.99327256944,117101.42426215278,117575.51909722222,2646407
2021-06-25,121842.3828125,122316.4776872568,120894.19306298638,121368.2879377432,2531018
2021-06-28,119471.8984375,122790.56228298611,119471.8984375,122316.46744791667,2402730
2021-06-29,118523.7109375,121368.28,118523.7109375,120894.18515625,2211572
2021-06-30,120894.203125,122790.58278186274,119471.91838235295,119946.01329656864,4346027
2021-07-01,118049.609375,121368.27309236948,117575.51455823293,120894.1782756024,3336174
2021-07-02,116153.234375,117101.42404336735,115205.04470663266,116153.234375,3983921
2021-07-05,116627.328125,118049.61261432926,116153.23329522357,117101.42295477643,1632551
2021-07-06,118523.7109375,119471.900625,117101.42640625,117575.52125,2067135
2021-07-07,117101.4296875,118997.80911563765,116153.23997343118,118523.71425860324,2229140
2021-07-08,115205.0546875,117101.4341885288,114730.95981224279,117101.4341885288,3165552
2021-07-09,113308.671875,114256.86159780335,111886.38729079497,114256.86159780335,4823577
2021-07-12,113782.7578125,115679.13710937499,113308.66298828124,114730.9474609375,2477201
2021-07-13,116627.328125,117101.42295477643,114730.94880589431,114730.94880589431,2879072
2021-07-14,117101.4296875,117575.52454453442,115205.05025936235,116153.23997343118,2443087
2021-07-15,117101.4296875,117575.52454453442,116153.23997343118,117101.4296875,1500981
2021-07-16,115205.0546875,116153.2444380144,114256.86493698558,115679.1495627572,2905546
2021-07-19,112834.5703125,113782.7599789916,112360.47547925421,112834.5703125,2066638
2021-07-20,112360.46875,113308.65835970464,111412.27914029536,111412.27914029536,2070074
2021-07-21,110938.1875,113782.7564102564,110464.09268162394,113308.66159188034,2864601
2021-07-22,113308.671875,113782.76673640167,111886.38729079497,111886.38729079497,1919233
2021-07-23,112360.46875,112834.56355485233,111412.27914029536,112360.46875,1747651
2021-07-26,110938.1875,113782.7564102564,110938.1875,113308.66159188034,1836657
2021-07-27,109990.0,112834.56896551725,109990.0,111886.37931034483,2916330
2021-07-28,108093.6328125,109515.91745476975,106671.34817023027,109041.82257401316,6033084
2021-07-29,108093.6328125,109515.91745476975,107145.44305098684,109041.82257401316,3054699
2021-07-30,106671.3515625,108093.63625,106671.3515625,108093.63625,2888566
2021-08-02,109990.0,110938.18965517242,107145.43103448277,107619.52586206897,4276730
2021-08-03,113782.7578125,114256.85263671874,110938.18886718749,111886.378515625,4396423
2021-08-04,114730.9453125,116627.32457386363,114256.85049715909,115679.13494318181,4162635
2021-08-05,113782.7578125,115205.04228515625,111886.378515625,114730.9474609375,3491584
2021-08-06,111886.375,113308.65942796611,111412.28019067796,112834.56461864407,2209875
2021-08-09,109990.0,111886.37931034483,109990.0,111412.28448275862,2755724
2021-08-10,106671.3515625,109515.92093749999,106197.25666666667,109041.82604166666,5420223
2021-08-11,100034.0390625,104300.89380924171,99559.94409063981,103352.70386552133,13715267
2021-08-12,95293.078125,98611.74253731343,94629.34524253731,96715.36287313432,19150647
2021-08-13,96241.25,96241.25,93775.95689655172,94439.68965517242,11622957
2021-08-17,96241.25,98137.62931034483,95293.0603448276,95767.1551724138,7851717
2021-08-18,98611.71875,100034.00315504808,96241.24474158653,97663.52914663461,8047599
2021-08-19,97189.4453125,100034.01444359755,96241.25560213414,97663.54016768292,6161038
2021-08-20,97189.4453125,99085.82473323171,96715.35045731706,98611.72987804878,4719139
2021-08-23,97663.5546875,99559.9343901699,97663.5546875,99085.83946450242,4515699
2021-08-24,99559.9140625,100034.00889136906,98611.7244047619,99085.81923363096,4454743
2021-08-25,98137.6328125,100508.10703502415,97189.44312349033,100508.10703502415,3194555
2021-08-26,98611.71875,100982.19275841345,98137.62394831731,100508.09795673077,3694741
2021-08-27,98137.6328125,99085.82250150965,95767.15858997585,98137.6328125,3507782
2021-08-30,98137.6328125,100034.01219051932,98137.6328125,99559.9173460145,1815758
2021-08-31,100982.2109375,100982.2109375,96715.35695422535,98137.6416153169,4979276
2021-09-01,102404.4921875,102404.4921875,99085.82808883101,100508.11270254629,4736183
2021-09-02,100982.2109375,102878.59048562207,100508.11605046949,102404.49559859156,2724565
2021-09-03,101456.2890625,101930.38387120327,100508.09944509345,100982.19425379673,2513486
2021-09-06,100508.109375,101456.29908608491,99559.91966391509,100982.20423054245,1888595
2021-09-07,99085.828125,100508.11273923445,98611.73325358852,100034.01786782297,2547667
2021-09-08,100508.109375,101930.39394162736,98137.63509728774,98611.7299528302,2891267
2021-09-09,97663.5546875,100508.12424150486,97663.5546875,99559.9343901699,3233011
2021-09-10,99559.9140625,100034.00889136906,97663.53474702382,98137.62957589286,1999369
2021-09-13,100982.2109375,101456.30582453051,98611.73650234743,99559.92627640846,1923344
2021-09-14,101930.3984375,102878.58819040697,100982.20868459302,101930.3984375,2463248
2021-09-15,101930.3984375,101930.3984375,100034.01893168605,101930.3984375,2933797
2021-09-16,98611.71875,101930.38236177884,98611.71875,101456.28756009616,3602821
2021-09-17,101456.2890625,101930.38387120327,98611.72021028037,99085.81501898365,3386517
2021-09-23,100034.0390625,101456.32397808056,99559.94409063981,100034.0390625,2493313
2021-09-24,98611.71875,100982.19275841345,98611.71875,100508.09795673077,2236954
2021-09-27,99085.828125,100034.01786782297,98137.63838217703,98611.73325358852,1839358
2021-09-28,98137.6328125,100034.01219051932,97663.53796799517,99559.9173460145,2951945
2021-09-29,94818.9609375,96715.34015625,94534.5040546875,95767.150546875,6353977
2021-09-30,97663.5546875,98137.64961316748,94439.70919296116,94724.16614836165,3910557
2021-10-01,94818.9609375,97189.43496093749,94818.9609375,96715.34015625,2681124
2021-10-05,92827.78125,94344.88492722166,92164.04839121553,93775.97104826354,3244145
2021-10-06,91500.3203125,93586.33797765544,90836.58741904145,93301.88102331606,2816951
2021-10-07,90741.75,91784.75862068965,90078.01724137932,91310.66379310345,3834957
2021-10-08,89129.8359375,91310.6723487367,88655.74106549202,91215.85337433511,4098832
2021-10-12,86759.359375,88086.8249829235,86095.62657103824,87612.73012295082,4728215
2021-10-13,87233.4609375,88655.74562669836,85811.17624830164,86190.4521654212,3045438
2021-10-14,88940.203125,89603.93598414179,87328.28046708423,87612.73740671642,2414639
2021-10-15,93301.8671875,93396.686158219,90741.7549780869,91026.21189024391,4229748
2021-10-18,92069.2109375,93207.03846710865,91689.93509429712,93207.03846710865,2111399
2021-10-19,92638.1484375,93491.5193033521,92069.23452693193,93491.5193033521,1400175
2021-10-20,92827.78125,93491.51410878447,92164.04839121553,93112.23818947906,2010529
2021-10-21,91310.6796875,93207.05932794651,91121.04172345535,92258.86950772326,2152221
2021-10-22,93396.6953125,94060.42817258883,90552.12591211929,90552.12591211929,1962833
2021-10-25,94818.9609375,96241.2453515625,93207.0386015625,94344.8661328125,2950459
2021-10-26,96715.359375,98137.64407169117,95767.16957720587,96241.26447610294,3458645
2021-10-27,96241.25,98611.72413793104,96241.25,97663.53448275862,2859255
2021-10-28,100982.2109375,101930.40071156103,96241.26206719484,96715.35695422535,6329703
2021-10-29,97663.5546875,102878.59886984223,97663.5546875,101456.3140928398,4007223
2021-11-01,100982.2109375,101456.30582453051,97189.45184125587,98137.6416153169,3118661
2021-11-02,101930.3984375,102878.58819040697,100982.20868459302,101456.3035610465,2892292
2021-11-03,100034.0390625,103352.70386552133,99085.84911877962,102878.60889366113,3116506
2021-11-04,100508.109375,102404.48879716982,100034.01451945755,101456.29908608491,2059242
2021-11-05,101456.2890625,102878.5734886098,100034.0046363902,102404.47867990655,2523345
2021-11-08,101930.3984375,102404.49331395348,98611.73430232558,101456.3035610465,2212348
2021-11-09,103352.6875,104300.87729357797,101930.40280963303,102404.49770642201,3440686
2021-11-10,102878.5859375,103826.77566964286,101930.39620535714,102878.5859375,2361295
2021-11-11,101930.3984375,102404.49331395348,100034.01893168605,101930.3984375,2731498
2021-11-12,100982.2109375,103826.7802596831,100034.02116343897,103352.68537265259,1786165
2021-11-15,105249.0625,105723.15737612612,102404.49324324324,102878.58811936936,4701568
2021-11-16,106197.2578125,107145.44761439732,103352.68840680803,105249.06801060267,3767311
2021-11-17,104774.9453125,107145.41918834842,104300.8505373303,107145.41918834842,3062491
2021-11-18,104300.875,105249.06477272727,103352.68522727273,104300.875,1928891
2021-11-19,105723.15625,106671.34599215246,104300.87163677129,104300.87163677129,2324668
2021-11-22,113308.671875,114730.95645920502,109990.00784518827,110464.10270658995,9786492
2021-11-23,112834.5703125,114730.9496454832,111412.28581276261,113308.66514574579,4847270
2021-11-24,113308.671875,116153.24104341003,111886.38729079497,114256.86159780335,4001111
2021-11-25,111412.2890625,114730.95299202128,110938.19421542554,114256.8581449468,3339835
2021-11-26,109515.90625,112360.47524350649,107145.43208874458,110464.09591450216,4337936
2021-11-29,109990.0,112360.47413793104,107145.43103448277,107145.43103448277,4412863
2021-11-30,108093.6328125,112834.58162006579,106671.34817023027,111886.39185855264,7449608
2021-12-01,110464.109375,111412.29915504291,106197.25536480686,108567.72981491416,4214135
2021-12-02,113782.7578125,114256.85263671874,109041.8095703125,109515.90439453124,6980518
2021-12-03,111886.375,113308.65942796611,109515.90095338984,112834.56461864407,4567843
2021-12-06,112360.46875,112834.56355485233,109515.89992088608,109989.9947257384,4318893
2021-12-07,115205.0546875,116153.2444380144,111886.39056069958,112834.58031121398,5112025
2021-12-08,113782.7578125,118523.7060546875,113308.66298828124,117575.51640625,6168137
2021-12-09,117101.4296875,117101.4296875,112834.57597419029,114256.86054529352,5631833
2021-12-10,114256.859375,115205.04907935685,113308.66967064315,114256.859375,2512642
2021-12-13,115205.0546875,117575.529063786,114730.95981224279,114730.95981224279,3329176
2021-12-14,114730.9453125,116627.32457386363,113782.75568181818,114256.85049715909,2201003
2021-12-15,117101.4296875,117101.4296875,113782.76568825911,113782.76568825911,2681332
2021-12-16,117575.515625,118997.80008820565,116153.23116179435,118523.70526713709,3869086
2021-12-17,115679.1171875,116627.30667264343,114256.83295978484,114256.83295978484,3850444
2021-12-20,114256.859375,117101.42848807054,114256.859375,115205.04907935685,2846815
2021-12-21,118049.609375,118049.609375,116153.23010793173,117575.51455823293,3678590
2021-12-22,120420.078125,121842.36251230314,119471.88853346456,120894.17292076771,3817689
2021-12-23,120894.203125,122316.48786764705,119946.01329656864,122316.48786764705,2398358
2021-12-24,121368.296875,123264.67651367188,121368.296875,122316.48669433594,2462683
2021-12-27,119471.8984375,122316.46744791667,119471.8984375,121842.37261284722,2684135
2021-12-28,120894.203125,121368.29803921569,118049.63363970588,119946.01329656864,4086063
2021-12-29,121892.34375,123332.01710137795,120452.67039862205,122372.23486712598,3832154
2021-12-30,125731.4765625,128130.93222208969,124771.69429866412,125731.4765625,5172987
2022-01-04,123332.0390625,124771.71267023346,122372.25665734436,124291.82146765565,3622369
2022-01-05,120452.6875,123811.92579681275,116613.55801792828,123811.92579681275,7414954
2022-01-06,119972.796875,121892.36162499999,118053.232125,118533.1233125,3725569
2022-01-07,121892.34375,123811.90821850394,121412.45263287402,121892.34375,3270119
2022-01-10,119492.8984375,121892.35422941767,118053.2249623494,121412.46307103413,3449197
2022-01-11,122852.15625,123332.04748535156,119492.91760253906,120452.70007324219,3958787
2022-01-12,123332.0390625,124771.71267023346,121412.47425218872,124291.82146765565,3552174
2022-01-13,124291.8125,124771.70366795367,122852.138996139,123332.03016409266,4155984
2022-01-14,123332.0390625,123811.93026507783,120932.5830496109,123332.0390625,3769648
2022-01-17,121892.34375,122852.12598425196,119492.88816437007,122372.23486712598,3730393
2022-01-18,121412.46875,122372.25111166008,119972.79520750987,121412.46875,3607850
2022-01-19,121892.34375,123332.01710137795,118533.10593011811,118533.10593011811,4094609
2022-01-20,119972.796875,121412.4704375,118533.1233125,120932.57925,5441986
2022-01-21,114214.1015625,117573.33984375,113254.31919642857,116613.55747767857,6465040
2022-01-24,114214.1015625,115653.77511160713,111814.64564732142,111814.64564732142,4883822
2022-01-25,113254.3046875,115173.8691737288,111814.63132282838,113254.3046875,5702595
2022-01-26,113254.3046875,113254.3046875,113254.3046875,113254.3046875,0
2022-01-27,108935.3203125,114694.0156594163,106535.86391795154,114694.0156594163,6679404
2022-01-28,115653.78125,116613.56366701245,109895.0867479253,110374.97795643154,4776510
2022-02-03,119013.0,121892.34677419355,119013.0,119492.89112903226,5171178
2022-02-04,119492.8984375,121892.35422941767,119013.00727911647,120452.68075426707,3037097
2022-02-07,118053.2265625,118533.1177273882,114693.98840828252,118053.2265625,4804261
2022-02-08,118053.2265625,118053.2265625,118053.2265625,118053.2265625,0
2022-02-09,118053.2265625,118053.2265625,118053.2265625,118053.2265625,0
2022-02-10,124291.8125,125731.48600386099,121892.35666023166,123811.92133204633,7269729
2022-02-11,126691.265625,127171.15678267046,124771.70099431818,125251.59215198863,6057207
2022-02-14,127171.15625,127171.15625,124291.80931603775,124771.70047169812,4962205
2022-02-15,121892.34375,126691.25492125984,121892.34375,126211.36380413386,5097120
2022-02-16,125251.609375,127171.17426963602,124771.71815134099,125731.500598659,3499809
2022-02-17,127651.0390625,128610.82131109023,124771.69231672931,125251.58344102443,5433402
2022-02-18,126211.390625,127651.06428231939,124291.82574857415,126211.390625,3108887
2022-02-21,126211.390625,126211.390625,126211.390625,126211.390625,0
2022-02-22,126211.390625,126211.390625,126211.390625,126211.390625,0
2022-02-23,126211.390625,126211.390625,126211.390625,126211.390625,0
2022-02-24,117573.3359375,120932.57410714285,117093.44477040815,120452.68294005102,5748069
2022-02-25,118053.2265625,120932.57355182926,117573.33539761178,120452.68238694106,3309625
2022-02-28,118053.2265625,118053.2265625,118053.2265625,118053.2265625,0
2022-03-02,119972.796875,121412.4704375,118053.232125,119492.9056875,2903340
2022-03-03,123811.90625,124291.79735949612,121892.3418120155,122852.12403100774,3088097
2022-03-04,123811.90625,123811.90625,123811.90625,123811.90625,0
2022-03-07,114694.0,116133.67364016736,114214.10878661087,114214.10878661087,5203286
2022-03-08,113254.3046875,114693.9780521716,111814.63132282838,112294.52244438558,3619045
2022-03-10,113254.3046875,113254.3046875,113254.3046875,113254.3046875,0
2022-03-11,113254.3046875,113254.3046875,113254.3046875,113254.3046875,0
2022-03-14,111334.75,112294.5323275862,109895.07650862068,110854.8588362069,3172353
2022-03-15,111334.75,111334.75,111334.75,111334.75,0
2022-03-16,111334.75,111334.75,111334.75,111334.75,0
2022-03-17,111334.75,111334.75,111334.75,111334.75,0
2022-03-18,119013.0,119972.78225806452,116133.65322580645,119013.0,4493159
2022-03-21,119013.0,119013.0,119013.0,119013.0,0
2022-03-22,118533.125,119013.01619433198,116133.66902834008,116133.66902834008,2246439
2022-03-23,118533.125,119492.90738866397,117093.45141700405,119013.01619433198,4085633
2022-03-24,115653.78125,117093.45487551867,114693.99883298755,116133.67245850623,4215272
2022-03-25,113254.3046875,118053.21590307204,113254.3046875,117093.43365995762,5514940
2022-03-28,113254.3046875,114693.9780521716,111814.63132282838,112774.4135659428,3234792
2022-03-29,115173.8828125,115653.77399088541,113734.20927734375,114693.99163411459,3375247
2022-03-30,116424.7109375,118349.08632489669,115943.61709065083,118349.08632489669,3436282
2022-03-31,113538.1640625,115462.53972457627,113057.07014698093,114981.4458090572,4558063
2022-04-01,111613.796875,113057.07873114225,111613.796875,112575.98477909483,3851558
2022-04-04,112575.96875,113057.06263354702,110170.49933226495,110651.59321581197,2470792
2022-04-05,112094.8828125,113538.16456545064,111613.78889484979,113057.07064780043,2101474
2022-04-06,108727.203125,111132.67222068584,108727.203125,110170.4845824115,4541938
2022-04-07,109208.3203125,110170.508156663,106321.75678001101,107283.94462417401,5027865
2022-04-08,107765.046875,109689.42271205358,106321.76499720983,108727.23479352679,4268316
2022-04-11,107283.9375,108727.21917040358,106321.74971973094,106802.84360986546,2390786
2022-04-12,106802.8359375,108727.2113597973,106321.74208192568,106321.74208192568,2738163
2022-04-13,108727.203125,108727.203125,106802.82784845133,107765.01548672566,2484490
2022-04-14,105840.65625,108727.21960227273,105840.65625,108727.21960227273,4715700
2022-04-15,103916.28125,104397.37514467593,102954.09346064815,103916.28125,3694012
2022-04-18,104878.4453125,105359.53909833715,102472.97638331422,102954.07016915137,2670439
2022-04-19,108246.125,108246.125,105359.56166666666,105840.65555555555,3021192
2022-04-20,108246.125,108727.21888888889,106802.84333333334,108246.125,2905007
2022-04-21,108727.203125,110651.57840154867,108246.10930586283,108246.10930586283,3199858
2022-04-22,106321.7578125,107765.03959276018,106321.7578125,106321.7578125,2360834
2022-04-25,103916.28125,105359.56293402778,103916.28125,104878.46903935185,2282343
2022-04-26,106802.8359375,106802.8359375,103916.27280405405,105359.55437077703,2969516
2022-04-27,104397.390625,105359.57855702765,103435.20269297235,103916.29665898618,3261290
2022-04-28,105359.5703125,105840.66424086758,103916.28852739726,105359.5703125,2804966
2022-04-29,108246.125,108246.125,105359.56166666666,105840.65555555555,3752415
2022-05-02,106321.7578125,107283.9456660068,105840.66388574662,105840.66388574662,2175384
2022-05-03,105840.65625,107765.03181818181,105359.56235795455,106802.84403409091,2676115
2022-05-04,105359.5703125,106802.85209760274,104397.38245576485,106321.75816923517,2491890
2022-05-06,103435.1875,104397.37529069767,102472.99970930233,103916.28139534884,2566813
2022-05-10,105840.65625,106802.84403409091,102954.09289772727,102954.09289772727,4141923
2022-05-11,106321.7578125,108246.13351951358,103916.28817873304,106321.7578125,3658168
2022-05-12,104878.4453125,107283.91424168578,104397.35152666284,105359.53909833715,4132948
2022-05-13,108246.125,108246.125,104878.46777777777,104878.46777777777,4003349
2022-05-16,106321.7578125,109689.41529977375,105840.66388574662,109208.32137302037,3930044
2022-05-17,108246.125,108727.21888888889,106321.74944444445,106802.84333333334,2056143
2022-05-18,109208.3203125,110651.6020787445,108727.22639041851,109689.4142345815,3570113
2022-05-19,106802.8359375,108246.11750422297,105840.64822635135,106321.74208192568,3680049
2022-05-20,108246.125,108727.21888888889,106802.84333333334,107283.93722222222,2398978
2022-05-23,108727.203125,109208.29694413717,106802.82784845133,108727.203125,3160028
2022-05-24,104397.390625,107765.04838709677,104397.390625,107283.95442108295,4491835
2022-05-25,103916.28125,105840.65682870371,102954.09346064815,105359.56293402778,4151560
2022-05-26,99105.34375,104397.37666868932,97662.06204490291,103435.18886529126,8523001
2022-05-27,101991.90625,102954.09404481133,101029.71845518867,101510.81235259434,3686487
2022-05-30,102954.09375,103916.28154205607,101991.90595794392,103916.28154205607,2054526
2022-05-31,103916.28125,103916.28125,101510.81177662038,102472.99956597223,4024509
2022-06-02,102954.09375,103435.18764602803,101991.90595794392,101991.90595794392,3097583
2022-06-03,102954.09375,104397.37543808411,102954.09375,103916.28154205607,1638006
2022-06-07,100067.5390625,101991.91481370192,99586.44512469952,101510.82087590144,3174521
2022-06-08,101991.90625,103435.18794221699,100548.62455778303,100548.62455778303,3075530
2022-06-09,101510.8125,102954.0941943128,100548.62470379147,101510.8125,4640744
2022-06-10,99586.4296875,100548.61741394928,98624.24196105073,100067.52355072464,3480289
2022-06-13,95256.6015625,97180.97735164141,95256.6015625,96218.78945707071,4133447
2022-06-14,95352.8046875,95833.89855575176,93139.77289354187,93235.99166719223,3242550
2022-06-15,94198.1953125,95160.38321150409,93043.5698336951,94775.50805190246,2578500
2022-06-16,93717.0859375,97662.05567408881,93428.42961531058,96122.55528907855,3810703
2022-06-17,92754.9140625,92754.9140625,91407.85099520229,91504.06978572355,3965464
2022-06-20,90926.734375,93139.766005291,89579.67164351852,93043.54723875661,2386222
2022-06-21,91600.2890625,92273.82059972428,90349.44477908351,91119.19510733981,2707302
2022-06-22,88713.703125,92081.3599681399,88232.60929026573,92081.3599681399,3509830
2022-06-23,86789.328125,89483.45361003326,86308.23428838691,88617.4847041297,3983116
2022-06-24,88136.3984375,88521.27353984717,87077.99190604531,87077.99190604531,3045970
2022-06-27,91407.859375,92466.26616776315,89098.60819078947,89194.82699013158,3408749
2022-06-28,91696.4921875,91696.4921875,90156.99179400578,90926.74199075288,2022966
2022-06-29,90731.28125,91599.98500664895,89669.53221409574,90055.62277260638,2529973
2022-06-30,87835.59375,89862.5689903846,87835.59375,88318.20690247252,3098854
2022-07-01,84457.2890625,89283.41986607143,84071.19859821428,87835.580625,4959176
2022-07-04,86001.65625,86484.26936026936,83299.02283249158,84457.29429713804,4331728
2022-07-05,89283.4296875,90152.1333277027,87256.45452702702,87256.45452702702,3560085
2022-07-06,88897.34375,90345.1832247557,87739.07217019543,89573.00217155265,3981326
2022-07-07,90634.7578125,91889.55211661341,88125.16920427316,88125.16920427316,3330794
2022-07-08,91503.4609375,93144.34578553533,91213.89302314082,92565.20995681698,2814478
2022-07-11,90441.703125,92372.15569970652,90248.65786752936,91696.49729855923,1885425
2022-07-12,90055.6171875,90731.27562299035,88511.25504923632,90731.27562299035,2385688
2022-07-13,90731.28125,93047.82460106384,90538.23597074469,91310.41708776596,2721816
2022-07-14,90731.28125,92179.1208444149,89090.3963763298,89573.00957446809,2550307
2022-07-15,95267.84375,95557.41166413373,92179.11933257345,92565.20988475178,4457208
2022-07-18,97487.8515625,99900.91719523515,96522.62530940594,97487.8515625,4564780
2022-07-19,96522.609375,97005.222421875,95267.815453125,96522.609375,2709084
2022-07-20,98453.078125,100866.14376531863,97487.85186887255,99418.30438112744,3981053
2022-07-21,98935.6875,99418.3006097561,97005.23506097561,98453.0743902439,2143984
2022-07-22,96522.609375,98935.674609375,96522.609375,98935.674609375,3126556
2022-07-25,96522.609375,97970.448515625,95460.860671875,95653.905890625,2185108
2022-07-26,97005.25,97487.8631840796,95653.9330845771,97005.25,1636970
2022-07-27,96522.609375,97970.448515625,95171.29284375001,97487.83546875,3159499
2022-07-28,95943.515625,97970.49130721831,95460.90236732898,97487.87804954727,3359717
2022-07-29,94495.6640625,96522.6394918284,94013.05086504086,96426.11685233658,3899079
2022-08-01,93723.4765625,94688.70289167095,93144.34076499743,93819.9991954171,2007646
2022-08-02,93144.3515625,93820.01007124352,92854.78363018135,93820.01007124352,1916851
2022-08-03,94109.5703125,94109.5703125,92758.25340544872,93530.43449519231,1703330
2022-08-04,94109.5703125,94688.70612980769,93723.4797676282,94592.18349358975,1960526
2022-08-05,95074.7890625,95267.83431947969,94013.04014911168,94688.6985485406,2052852
2022-08-08,92951.2890625,94302.60582976376,92468.67593133438,94302.60582976376,3206548
2022-08-09,91793.015625,92758.24186711357,91213.87987973186,92661.71924290221,3152955
2022-08-10,88607.7734375,89766.04498570261,88607.7734375,88607.7734375,4356568
2022-08-11,90055.6171875,91117.36615755626,89379.95875200964,90248.66245478296,5206962
2022-08-12,90055.6171875,91117.36615755626,89379.95875200964,89573.0040192926,1910127
2022-08-16,93337.375,94206.07859358842,91117.35470527405,91213.87732678387,4267280
2022-08-17,93723.4765625,94206.08972708548,92565.20496749485,93433.9086637487,1764674
2022-08-18,92372.1640625,93047.82252481714,91986.07351260449,92565.20933744776,1889587
2022-08-19,93047.828125,94109.57720111514,92565.21490858402,93626.96398469916,1890839
2022-08-22,91889.546875,92275.63740808824,90731.27527573529,91889.546875,2293601
2022-08-23,90345.1953125,92082.60291466345,90345.1953125,90827.80853532319,1932822
2022-08-24,89959.0859375,90924.31218146459,89766.04068870707,90634.74430827521,1447036
2022-08-25,90827.796875,90827.796875,88897.34423153561,90345.1837141339,2189458
2022-08-26,91793.015625,93433.90023659306,91406.92512815457,92082.58349763407,2301949
2022-08-29,89283.4296875,90055.6107010135,88800.81655405405,89476.47494087837,2619260
2022-08-30,89959.0859375,90152.13118629291,89186.90494232833,89476.4728155177,1595242
2022-08-31,91889.546875,92179.11477481617,88897.34524356617,89379.95840992648,2421669
2022-09-01,89186.921875,90634.76151582792,89090.39923227814,90634.76151582792,2337521
2022-09-02,88511.2421875,90055.60410134951,88414.7195678844,89476.46838365594,2036818
2022-09-05,87932.1171875,89186.91139544456,87256.45876783754,88607.77560716246,1706148
2022-09-06,88607.7734375,89669.52235668573,87932.1150343818,88704.29606651688,1389821
2022-09-07,87256.453125,87932.11150096792,86773.83999930862,87932.11150096792,2053413
2022-09-08,87256.453125,87835.58887582964,86870.3626244469,87352.97575013827,2012123
2022-09-13,91503.4609375,91889.5514899789,88511.2591557885,88511.2591557885,3288428
2022-09-14,89766.0546875,90152.1452452957,88125.16981686828,88511.26037466398,2444928
2022-09-15,88800.8125,89766.03872282608,88318.19938858696,89669.51610054348,1755820
2022-09-16,88028.6328125,88221.67805989583,86870.361328125,87739.06494140625,2243179
2022-09-19,86870.3828125,88318.22252604166,86870.3828125,87642.56399305555,2078633
2022-09-20,84939.8984375,87449.48634588068,84457.28537819603,85905.12455610796,4259789
2022-09-21,84939.8984375,85422.51149680399,83299.01403586648,84457.28537819603,2954420
2022-09-22,83009.4609375,83878.16459847383,82912.9383085029,83299.02882449128,2204430
2022-09-23,80596.390625,83588.59195359281,80403.345377994,82526.84309505988,3932242
2022-09-26,79631.1640625,80306.82242424242,78665.93783143938,78665.93783143938,3281145
2022-09-27,79148.5546875,79824.21308117377,77893.76052782012,79341.59994283537,2606333
2022-09-28,78376.375,80596.39547413793,77700.7165948276,79052.03340517242,3068181
2022-09-29,78279.484375,80313.97592435025,77988.84272509282,79926.453724474,2064798
2022-09-30,80507.7578125,81282.80241237966,77891.98228790614,78376.38516283092,4711130
2022-10-04,83511.0234375,84479.82881380511,82542.2180611949,82542.2180611949,4277404
2022-10-05,86998.7578125,87580.04127227172,85351.78800981348,87192.51896575723,5927256
2022-10-06,87095.6171875,89130.10880144605,86998.73663445495,88064.4227179505,3039698
2022-10-07,88355.078125,88936.3615337171,85061.1388089364,86804.98903508771,3100583
2022-10-11,87386.25,88355.0554323725,85254.87804878049,86901.84728381374,3840842
2022-10-12,91067.734375,91067.734375,88064.43675199468,88161.31732047872,4648231
2022-10-13,91939.6484375,91939.6484375,89905.15674394098,90486.44008495785,4390570
2022-10-14,92520.9453125,93586.63159358638,91358.37846040576,93005.34816753927,3516437
2022-10-17,92230.2890625,92327.16961823792,91067.72239364496,91649.00572807249,2134558
2022-10-18,92811.5703125,93199.09252674844,91649.0036697547,92908.4508660621,2618680
2022-10-19,90002.0390625,91939.65023715016,89808.27794503498,91745.88911968515,3684934
2022-10-20,87386.25,88936.338691796,86223.68348115298,88161.294345898,4547678
2022-10-21,87676.90625,88548.83128453039,86901.86177486189,86998.74233425414,2206754
2022-10-24,88936.359375,90195.80672998367,88355.07598039215,89323.88163807189,2165991
2022-10-25,90583.3203125,91842.76754679144,88161.30640040107,89033.23140875668,2656194
2022-10-26,90970.859375,92520.94856562834,90292.69535410011,90389.57592851439,3310322
2022-10-27,87192.5234375,92133.43309895834,86998.76227430555,92133.43309895834,4550273
2022-10-28,80798.3828125,85061.12722946642,80410.86059277577,84382.96334494904,7748514
2022-10-31,80120.2109375,82735.9856597642,79829.56930169287,81670.29966180472,6271574
2022-11-01,81282.7890625,81282.7890625,78860.77508566747,80120.22235362038,3820185
2022-11-02,81864.0703125,82832.8758783284,80992.14530325444,81573.42864275147,2536363
2022-11-03,80120.2109375,80895.25529965236,79345.16657534764,80023.33039223096,2901380
2022-11-04,81864.0703125,81960.95086908284,79151.41472818048,80120.22029400888,3032985
2022-11-07,83801.6796875,84092.32135115608,82348.47136921965,82735.99358742774,2765284
2022-11-08,84964.2421875,86223.68933509123,84673.60053805588,84867.36163768529,2799575
2022-11-09,86417.4609375,86417.4609375,83898.56633618273,85351.77476001962,2619752
2022-11-10,86320.578125,87967.54762906846,85545.5336524972,86223.69756593714,3856811
2022-11-11,90583.3203125,92327.17032921122,89614.51474766042,92230.28977272726,5002149
2022-11-14,88064.4375,90970.85457920792,88064.4375,90970.85457920792,2483441
2022-11-15,88742.59375,89226.99655431224,87580.02701965066,88451.95206741267,2460465
2022-11-16,88645.71875,89517.64385245902,87483.15194672131,89130.12158469946,2609199
2022-11-17,84964.2421875,85739.28658601768,79442.05084806157,79829.57304732042,3703870
2022-11-18,85642.4296875,88645.72756115667,85351.78795779128,85933.0714172087,2981192
2022-11-21,83607.921875,84964.2496922074,83414.16075825608,84867.36913383545,2111523
2022-11-22,82542.2421875,83898.57011076878,82251.60048965669,82832.88388534331,1617131
2022-11-23,82542.2421875,83995.45067671654,82251.60048965669,83414.16728102992,1480400
2022-11-24,84189.21875,84479.86047180668,83026.6518627733,84189.21875,2148255
2022-11-25,82445.359375,84576.7317677732,82445.359375,84479.85120446533,1439011
2022-11-28,80507.7578125,81573.44413733453,80313.99666253009,81476.56356234958,2471506
2022-11-29,81089.03125,81185.9118130227,79538.94224163679,80120.225619773,1501783
2022-11-30,82348.46875,82735.99095588236,80507.73827205882,80604.61882352941,3332708
2022-12-01,82057.828125,84576.72249483471,81960.94757231405,84576.72249483471,2878591
2022-12-02,79345.171875,81282.78290979852,79248.29132326007,81282.78290979852,4594058
2022-12-05,78473.2421875,79732.68928433642,78182.60054976853,79345.16710069445,3516456
2022-12-06,78473.2421875,78570.12273341049,77310.67563657407,77407.55618248456,2781352
2022-12-07,76438.78125,78182.6317728137,76245.02008079848,77407.5870960076,3589926
2022-12-08,76341.890625,77310.69634359136,75760.60719384518,75760.60719384518,3809847
2022-12-09,78957.65625,78957.65625,76826.28393404908,76923.16449386503,2985508
2022-12-12,78570.1328125,78763.89392917693,77020.04387908446,77601.32722911528,1242007
2022-12-13,79732.7109375,80120.23322638214,77988.86063753038,78763.90521529465,2761104
2022-12-14,79248.296875,80023.34134321516,78570.13296531174,79538.93855058069,2357491
2022-12-15,77698.2265625,78570.15179823877,77407.58481725374,78085.74888949501,1713617
2022-12-16,75954.375,76923.18080357142,75082.44977678571,75276.2109375,3827227
2022-12-19,76535.65625,77601.3426028481,75857.49220727848,75857.49220727848,1813544
2022-12-20,75857.4921875,76438.77565253832,75373.08929996808,75760.61160999362,1361926
2022-12-21,75566.8359375,76729.40264423077,75566.8359375,76051.23873197116,1513864
2022-12-22,76729.3984375,76826.2789910827,75469.95124092487,76051.23456242109,2061883
2022-12-23,75373.0625,75857.46521529563,74888.65978470437,75373.0625,1554446
2022-12-26,74598.03125,75276.19517045455,74113.62844967532,75276.19517045455,1414717
2022-12-27,74598.03125,75179.31461038961,74113.62844967532,75082.43405032468,1694225
2022-12-28,73917.21875,74889.81373355264,73333.66175986842,74695.29473684212,1891221
2022-12-29,72944.609375,73528.16625,72652.8309375,73139.12833333333,1736661
2023-01-02,73625.4453125,74598.04036286328,72944.6287772457,73041.88828228203,1376985
2023-01-03,73528.171875,74208.98828125,71096.68470982142,73528.171875,2719437
2023-01-04,78780.1796875,79655.51501736112,73139.12978395062,73333.64874614197,5154609
2023-01-05,79169.25,81017.1808968059,78585.69287469288,81017.1808968059,3510964
2023-01-06,80822.640625,81308.93810168472,78877.45071826114,79169.22920427196,3687430
2023-01-09,83643.1640625,83643.1640625,81211.67673510173,82573.30963844476,3948670
2023-01-10,84129.4609375,84810.27738439306,82670.56855130059,83156.86601336705,3105311
2023-01-11,84907.546875,85977.40141752578,84129.47084407216,85393.84439432989,3083961
2023-01-12,84421.2578125,85685.63148941532,83448.66267641129,85685.63148941532,3065582
2023-01-13,83351.390625,85102.06160662194,83059.612128063,84421.24511376896,2058890
2023-01-16,83448.6640625,84129.48066907052,82573.32842548077,83643.18309294872,1512876
2023-01-17,83643.1640625,84810.27797965116,83351.3855832122,84032.20203488371,1586136
2023-01-18,82767.828125,84129.46102012339,82184.27116994713,84032.20152761457,1494262
2023-01-19,83156.875,83448.65350877192,81697.98245614035,81697.98245614035,1674834
2023-01-20,85199.3203125,85393.83930864726,83740.42784139555,83934.94683754281,2386074
2023-01-25,88895.1953125,89478.75239332604,88117.11920473195,89478.75239332604,5019
2023-01-26,88895.1953125,89770.53093373906,87630.82163737691,88311.63823167396,4542
2023-01-27,88992.453125,90256.82677595627,87825.33898565573,88797.93410177596,5083
2023-01-30,88214.3671875,89089.70269432194,87533.55068219405,88797.92419204797,6289
2023-01-31,86074.671875,88311.64074858757,84421.26009887006,88311.64074858757,29971
2023-02-01,88895.1953125,88895.1953125,86074.66942184081,88700.67628555799,8975
2023-02-02,88895.1953125,92299.27828398523,90159.56898762309,92299.27828398523,8254
2023-02-03,89673.2578125,90645.85279962039,88797.92232409165,89867.77680992408,13644
2023-02-06,86658.2109375,89478.73632154881,86658.2109375,88895.17934553872,14291
2023-02-07,88311.625,88700.66299559471,86366.43502202643,86366.43502202643,6885
2023-02-08,92299.265625,92396.52512513172,89089.70212065332,89186.96162078503,18320
2023-02-09,92299.265625,92202.00612486829,90062.2971219705,92202.00612486829,12117
2023-02-10,90937.640625,92104.75472927807,90548.60259024064,91715.71669451872,4669
2023-02-13,88117.109375,89478.74241169979,87436.29285665012,89478.74241169979,22453
2023-02-14,90840.359375,90937.61886041221,89089.6886375803,89284.20760840471,11361
2023-02-15,89186.953125,91618.44039667393,88700.6556706652,91229.40243320611,6599
2023-02-16,90354.0625,90840.3599300323,89089.68918191604,89381.46763993542,4182
2023-02-17,89478.7421875,90159.55870414402,88408.8876613451,88895.1851732337,5053
2023-02-20,89965.0390625,90743.1150760135,88214.36803209459,90159.55806587837,5083
2023-02-21,88700.65625,90062.2891310307,88408.87777549343,89965.02963952851,4942
2023-02-22,86658.2109375,87825.3248895202,86074.6539614899,87436.28690551347,7566
2023-02-23,90159.546875,91132.14177117044,87144.50269687163,87533.5406553398,7805
2023-02-24,88506.1484375,91423.93355082416,88506.1484375,90937.63603193681,11917
2023-02-27,87533.5546875,87825.333203125,86658.21914062499,87630.81419270833,1893345
2023-02-28,86949.9921875,88506.14417295862,86269.17569386186,88506.14417295862,2082486
2023-03-02,85685.625,87825.33413734393,85102.06796254257,86949.99858115778,2744038
2023-03-03,84907.546875,86755.4774484536,84810.28737113402,86074.66092139175,2239958
2023-03-06,87241.7734375,87339.03293965998,85102.0643899805,85491.10239862041,2374415
2023-03-07,86463.6875,87533.54190101237,86366.42800899888,87241.763428009,1610948
2023-03-08,84421.2578125,85393.85294858871,84032.21975806452,85296.59343497983,2790989
2023-03-09,83254.125,85393.83382009347,82962.34652453271,84907.5363609813,3315016
2023-03-10,81017.1640625,82087.01856992797,80822.64506114945,81503.46156587635,3559824
2023-03-13,81989.7734375,82378.81150837781,80141.84260083036,80919.918742586,2860341
2023-03-14,78877.453125,80725.38359278667,78877.453125,80336.34559956843,3359381
2023-03-15,76932.2421875,80044.54528484514,76640.4637721239,79655.50739767699,5357314
2023-03-16,76835.0078125,78002.12185522151,74598.03923061708,74598.03923061708,4804196
2023-03-17,81697.9765625,82476.0525297619,78877.4511811756,78974.71067708333,6239588
2023-03-20,81406.1953125,82767.82820900537,80725.37886424731,81503.45480510753,2223378
2023-03-21,81308.9375,82767.82991925838,80628.12103767943,81795.23497308613,1880231
2023-03-22,84518.515625,84907.55367160529,81503.47076380897,82865.1039269275,2667268
2023-03-23,86074.671875,86074.671875,82767.84832274012,83059.62687146892,3091673
2023-03-24,84907.546875,88214.37000644329,84323.98985180412,86658.21794458762,4670908
2023-03-27,83156.875,85393.84356725146,82378.79897660819,85102.06505847952,3211190
2023-03-28,85977.4140625,86269.19261701075,82865.10948105204,82962.3689992223,3180431
2023-03-29,84518.515625,86269.18683472382,84129.47757839471,85004.81318325661,3070422
2023-03-30,86665.625,88324.76421734235,85592.06432995496,87739.18567004504,4264354
2023-03-31,86470.453125,87348.82115900113,85494.48864277653,87056.03181433408,2676327
2023-04-03,85104.078125,87543.98862170299,84518.49960579128,87543.98862170299,2502220
2023-04-04,82468.96875,83835.31852810651,81688.19744822485,83640.12570266271,16808036
2023-04-05,82566.578125,83640.13883348109,82078.59598478132,82273.7888408688,4380498
2023-04-06,81785.8046875,82664.17251827267,80712.2440054445,81883.4011131414,5379170
2023-04-07,86958.421875,87251.21117424242,83932.93244949494,85787.2646780303,10867359
2023-04-10,88519.9453125,90276.68072112734,86372.82425751102,86568.01708069185,5387514
2023-04-11,89593.515625,89983.90131399782,87739.18360226035,88519.95498025599,5001836
2023-04-12,88129.578125,89788.71746954597,87543.99953280731,89691.12103751385,4751001
2023-04-13,86568.03125,88129.5740910372,86080.04911217587,87348.8026705186,4907552
2023-04-14,87153.6171875,88129.58154570269,86470.44213675812,87934.38867406215,2324722
2023-04-17,86372.8515625,86860.83377471752,85592.08002295198,86860.83377471752,1877825
2023-04-18,85494.4765625,87153.61594784532,85201.68725920377,87153.61594784532,1763334
2023-04-19,86080.0390625,86372.82831101191,84518.49640376985,85884.84623015873,2024519
2023-04-20,85592.0625,86275.2374572406,84128.11616305586,84518.50185290763,1746001
2023-04-21,86958.421875,87641.59690656565,85104.08964646464,85592.07181186868,2624982
2023-04-24,85104.078125,86665.62084288991,84908.88528526376,85982.44590381307,2054455
2023-04-25,83444.9375,85689.65511695907,81688.2019736842,85396.8658625731,4096411
2023-04-26,85299.2890625,86568.04278997425,84128.13177560069,84323.32465675057,3240654
2023-04-27,86665.625,87056.0106981982,83932.92511261262,85787.25717905405,2980163
2023-04-28,87348.8125,89203.14483240223,86568.0409916201,88617.56620111731,3737493
2023-05-02,88031.96875,88715.14367378049,86763.21532012195,88715.14367378049,2427349
2023-05-03,87641.59375,88129.5758978285,86470.43659521158,86860.82231347439,1779615
2023-05-04,86568.03125,87446.39909808342,85396.87411922209,86763.22410512964,1794303
2023-05-08,86568.03125,87836.78480834272,85592.06697435175,87543.99552564825,2615242
2023-05-09,85201.6875,86470.44115120274,84616.10889175258,86275.24828178695,2297473
2023-05-10,84811.296875,85592.06830768124,84225.71830048907,85104.08616225547,2137658
2023-05-11,84225.7109375,85201.67514303302,82956.95747030707,84811.28946081981,2806299
2023-05-12,85104.078125,85494.46380447247,84128.11392631881,84225.71034618693,2712372
2023-05-15,84323.3203125,85006.49536132812,83444.95239257812,84908.89892578125,2357794
2023-05-16,88227.15625,88519.94548534292,86372.8244261615,87348.78854397124,5121364
2023-05-17,89691.109375,89788.70579434167,88129.56666553319,89788.70579434167,3340386
2023-05-18,91350.2421875,91740.62783787394,89788.69958600428,90569.47088675214,3473641
2023-05-19,94961.3203125,95546.89885502312,92619.0061424075,92716.60256616135,5062669
2023-05-22,95839.6953125,97010.85248536151,94766.13457071027,95351.71315714103,4248401
2023-05-23,95546.90625,96620.46699438202,94668.5383682329,96620.46699438202,2472514
2023-05-24,95351.7109375,95449.30736629991,93985.36093430144,95058.92165110032,2097933
2023-05-25,101012.3203125,101793.091870471,98670.00563858695,101793.091870471,7431586
2023-05-26,106575.2890625,107844.04250372024,103549.8000872825,104916.14994705815,10136706
2023-05-30,107648.859375,110674.34862307344,106868.08795614234,110479.15576835902,9058509
2023-05-31,105989.7265625,108234.44452837246,105892.13012920119,107356.07662868324,8166685
2023-06-01,107648.859375,107844.05222971442,103452.21299864007,103452.21299864007,5553560
2023-06-02,107648.859375,109991.17363157298,106575.29867407071,108332.03436650045,3991904
2023-06-05,106087.3046875,107844.04018370515,105892.11185458831,107453.65451788178,3316020
2023-06-07,105404.140625,106672.89416956018,105404.140625,106087.3156105324,3313460
2023-06-08,107063.2734375,107063.2734375,104135.38081842526,104428.17008033273,4355468
2023-06-09,112626.2734375,112821.46628574523,105696.9273247942,107648.85580724654,7950947
2023-06-12,112040.7109375,113016.67531848868,111259.93943270907,111650.32518510454,2637721
2023-06-13,116627.7265625,117213.30510591005,114187.81596495816,114187.81596495816,6232477
2023-06-14,115944.5546875,116822.92252604167,115261.3797019676,115944.5546875,3240260
2023-06-15,116139.7578125,118189.28295036765,115163.79346113445,117310.91503413866,3778592
2023-06-16,116042.140625,116920.50838414633,113504.6337652439,114480.59794207317,4303391
2023-06-19,112040.7109375,115651.7791471581,110771.95724221473,115163.79695666376,4208396
2023-06-20,113309.453125,114187.82097868217,110479.15670757966,111259.92813307494,3319570
2023-06-21,112333.484375,114675.79855831884,111845.50225347524,113407.04504235447,2728146
2023-06-22,111259.9453125,113114.277734375,110674.36665296053,111455.13819901316,2612402
2023-06-23,110869.5390625,112431.08186619719,109795.97838495819,111259.9247634243,2987472
2023-06-26,110771.9375,111162.32318281938,108527.21982378855,110381.55181718062,3350758
2023-06-27,110283.96875,111259.93307522124,108136.84723451328,111259.93307522124,3602087
2023-06-28,111552.71875,112431.08661417323,110088.77230971129,111455.12232064742,3178571
2023-06-29,113705.4921875,114879.73134950516,112041.98670799268,112726.9595524957,4398301
2023-06-30,112726.9609375,113020.52073160806,110769.89564344617,112139.84134928384,2674318
2023-07-03,115075.4296875,116347.52202248087,112824.80478714923,112824.80478714923,3022009
2023-07-04,115368.984375,115858.25063613232,114684.01160941475,115662.54413167939,1988592
2023-07-05,114194.765625,115662.56466902314,113607.64600739074,115564.71139942159,2483034
2023-07-06,111357.015625,113607.6407211116,110672.0427696617,113509.78745606328,3465047
2023-07-07,109399.9375,110574.17654293381,108812.8179785331,110280.61678220036,2781723
2023-07-10,107932.1484375,110476.3332601428,107345.02886304398,109399.94737364007,3163245
2023-07-11,110965.578125,110965.578125,108812.8067680776,109106.36649856702,2209391
2023-07-12,112922.65625,112922.65625,110378.47162045061,110769.88464038128,2228477
2023-07-13,111650.5703125,114488.31486908413,111161.30400964066,112922.66269993427,3421492
2023-07-14,115466.8359375,117619.60745497882,112824.79816604874,113020.50466763772,5817889
2023-07-17,114684.0234375,116151.8223722803,113509.78428967576,114390.46365054394,2427281
2023-07-18,115271.1328125,116445.3718564304,114194.74702223048,114977.57305151741,2299880
2023-07-19,114977.5859375,116543.23817154256,114194.75982047872,116151.82511303191,2580301
2023-07-20,114390.46875,114977.58835008554,112726.9632164243,113999.05568327631,1949776
2023-07-21,112629.1015625,112629.1015625,110769.8896340139,112237.68852492397,2745384
2023-07-24,111552.71875,112433.39810855263,110476.33286732457,111650.57201206141,2761991
2023-07-25,110965.578125,111748.40407297178,109791.33920304233,111552.69758597884,2678385
2023-07-26,110574.171875,113607.62260785399,108910.66663440266,113509.76935840708,4995935
2023-07-27,121338.0390625,121338.0390625,111650.5665889617,112531.24590473791,9638980
2023-07-28,125252.171875,126230.70446777344,119380.97631835938,123490.81320800782,8718746
2023-07-31,120750.9296875,125741.44623050041,119870.25029755876,125252.17990275528,4623350
2023-08-01,122414.4296875,123686.52208233414,118108.88619729217,121338.04381494805,4656047
2023-08-02,116934.640625,122120.86317991633,116151.8145789749,120653.06434361925,3765478
2023-08-03,117423.9140625,118696.00646484374,114684.022734375,116445.3814453125,3498537
2023-08-04,117521.765625,118304.5917074313,115564.70041892173,115760.40693952955,2375384
2023-08-07,119283.125,122218.72282608696,117913.17934782608,118011.03260869565,3724826
2023-08-08,116053.96875,119772.39270657673,115760.40896395447,119283.12639650084,2729243
2023-08-09,115956.1171875,116641.09003164557,114684.02476265823,115956.1171875,2551668
2023-08-10,115956.1171875,115956.1171875,112629.10623022151,114879.73128955696,2622604
2023-08-11,112824.8046875,116836.7882019731,112726.95143104943,115466.84261166521,2412381
2023-08-14,112433.3828125,114781.8607824739,111552.70357375979,112139.82306625327,2038360
2023-08-16,113314.0703125,115956.10822134068,112531.2442654361,114684.01589486183,3870479
2023-08-17,112335.546875,113020.51972179877,110084.92180694686,111846.28055585801,3064253
2023-08-18,114684.0234375,116151.8223722803,109399.94727229096,110182.77337084044,3329697
2023-08-21,113901.1875,115956.10583118557,113118.36146907217,114781.86678479382,2621973
2023-08-22,113999.0546875,118304.59838385193,112433.40243428112,117423.91899141631,3349473
2023-08-23,113509.7890625,114292.61519396552,111650.5770002694,113705.49559536637,2573292
2023-08-24,118304.6015625,120946.63981079405,117717.48195176799,119674.54732087468,6368401
2023-08-25,113999.0546875,115760.41347237125,112824.81549758583,114879.73407993562,3533647
2023-08-28,113411.9296875,114977.58186610223,113020.51664284944,114488.31556028903,1746882
2023-08-29,116053.96875,117717.47420425802,114586.16981977235,115760.40896395447,2682352
2023-08-30,116836.8046875,120163.81587625628,116836.8046875,119772.40279522612,2629711
2023-08-31,119185.2734375,120163.80606013957,117423.91471674877,118402.44733938834,4403695
2023-09-01,117423.9140625,119968.0988671875,117032.50101562499,118793.8597265625,2886011
2023-09-04,116641.0859375,117130.3522375734,113705.48813705957,115760.40659736787,3491280
2023-09-05,116836.8046875,118402.4570116206,115173.29909312185,115564.71217415201,1749591
2023-09-06,115662.5546875,117423.91338832487,115271.14164287226,116053.96773212776,1615519
2023-09-07,115956.1171875,118304.59551028481,114586.17149920887,115662.5573971519,2995088
2023-09-08,111259.15625,114586.1670789358,110378.47691292876,114488.31381926122,4943255
2023-09-11,113411.9296875,113509.78294866264,110476.33185262079,111259.1579419219,2542590
2023-09-12,114194.765625,114977.59178181234,111454.8740761568,112922.67312017994,2749688
2023-09-13,115956.1171875,118108.88898338607,114390.46497231013,115368.9976068038,3860589
2023-09-14,119576.6875,119576.6875,116053.97002864158,116053.97002864158,3948784
2023-09-15,119772.3984375,121729.46377144607,118989.57230392157,120261.66477098652,3579662
2023-09-18,116445.3828125,120261.66006433824,116249.6762867647,117717.47522977942,2356621
2023-09-19,116641.0859375,118696.00439780831,116053.96637741191,116836.79245752936,1921912
2023-09-20,115466.8359375,117130.34120100636,114194.74367717162,116347.51519465043,2228681
2023-09-21,113999.0546875,114390.46775080472,111650.57630767167,113509.7883583691,3151900
2023-09-22,114781.875,114781.875,111748.42391304347,111846.27717391304,2938386
2023-09-25,114488.3203125,115173.29316907052,113216.22786458333,113411.93439503205,2181722
2023-09-26,112820.546875,114978.85298913044,111152.76487771739,114782.64334239131,3237819
2023-09-27,112526.21875,113016.74280732346,110171.70327484743,110858.43695510026,3060751
2023-10-04,113212.9453125,114390.20297606153,110858.42998537695,110858.42998537695,4447702
2023-10-05,117921.9921875,120570.82229487313,115861.79099287646,120570.82229487313,6112858
2023-10-06,118118.1953125,119295.45307308971,116744.72792514536,117921.98568573505,4158083
2023-10-10,117235.25,121944.2809623431,117235.25,120472.70878661088,5580659
2023-10-11,116940.9375,121551.86372692953,116940.9375,120668.9204068792,4293299
2023-10-12,121846.1875,121846.1875,118216.3091284219,118804.93805354268,4016352
2023-10-13,122336.7109375,123906.38806260025,120178.40489048717,120767.03381239976,3205273
2023-10-16,121748.0625,122827.21535052377,120080.28082191781,122336.69132755842,3008476
2023-10-17,127536.2578125,128321.09632211538,121159.444921875,122631.01712740384,6411880
2023-10-18,127536.2578125,128222.99150841346,124789.32302884615,126162.79042067307,4760148
2023-10-19,123317.75,126457.10401750199,122729.12112171839,125181.7414478918,5089745
2023-10-20,123808.28125,124789.32943740096,120472.71741283678,121944.28969393819,3868266
2023-10-23,121649.96875,124789.32278225807,121159.44468245968,124396.9035282258,2432303
2023-10-24,124396.8984375,124593.1080564866,121551.8589621944,123023.43110459385,2802010
2023-10-25,125083.6328125,126555.2049632353,123710.16547181373,125083.6328125,3053002
2023-10-26,117725.78125,122434.8125,117235.25716145834,119785.982421875,5961584
2023-10-27,116842.828125,118608.71469615868,115273.15117285894,117529.5617915617,5486088
2023-10-30,116842.828125,119393.5531722292,116450.40888696472,116842.828125,2798497
2023-10-31,114095.90625,118608.7279933362,114095.90625,117529.5749677558,3166739
2023-11-01,118020.0859375,118020.0859375,114782.62722100997,115665.57050732544,2707225
2023-11-02,122925.3359375,123023.44075468875,120767.02995934756,121551.86849685754,3736208
2023-11-03,123415.84375,124789.31100953896,122631.00531597775,124102.57737976947,2796773
2023-11-06,130479.4140625,130479.4140625,123415.86683505638,123415.86683505638,6923192
2023-11-07,127928.6796875,130969.92897454946,126849.526714676,129498.35673888036,4940510
2023-11-08,125181.75,130185.09580721003,124200.70180250783,129105.94278996866,3328279
2023-11-09,125574.1640625,127340.05074462891,124298.80145874024,125279.84961547852,2228081
2023-11-10,128026.78125,128321.09568965518,124593.11278735632,125476.05610632185,2656526
2023-11-13,129302.1484375,131558.55922206942,128517.30990373672,130479.40623814492,2644761
2023-11-14,127536.2578125,130969.9262920673,127536.2578125,130969.9262920673,2589591
2023-11-15,131558.5625,131656.6673191648,129596.46611670394,131362.3528616704,3616292
2023-11-16,129792.6640625,131852.8650793651,128713.51114890401,130479.39773478836,2456351
2023-11-17,127438.1484375,129498.34945150116,126653.30995597575,129007.82540054849,2438499
2023-11-20,128909.71875,129498.34760273973,126849.51776541096,126849.51776541096,2004403
2023-11-21,129498.3671875,130773.72989464963,129105.94789299244,129498.3671875,2439306
2023-11-22,128811.609375,129105.9237909368,127045.72287937929,127143.82768469155,2128566
2023-11-23,127634.3671875,128909.72981120291,127045.7382842525,128124.89127353959,1839516
2023-11-24,125574.1640625,128517.30853271484,125574.1640625,128124.88927001953,1925668
2023-11-27,128223.0,128223.0,125966.58913542464,126751.42769701607,2264243
2023-11-28,128909.71875,129596.45241152968,127438.14661815068,129596.45241152968,2562226
2023-11-29,127928.6796875,128517.30858176765,126457.1074518309,127732.47005607745,2227853
2023-11-30,131362.328125,131362.328125,127438.13609736745,127438.13609736745,3625365
2023-12-01,130086.984375,130479.40363404977,128321.09770927601,129694.56511595023,3641222
2023-12-04,128615.40625,132049.07460907704,128615.40625,130871.81688596492,2680820
2023-12-05,123513.9609375,127536.25831513105,123023.43686705719,127241.94387286538,4375531
2023-12-06,123219.625,125083.61614251592,123023.41540605095,124396.88256369426,2667583
2023-12-07,123219.625,125377.93053343949,122140.47223328025,123219.625,2478565
2023-12-08,125083.6328125,126653.30977328432,125083.6328125,125672.26167279412,2762531
2023-12-11,126457.1015625,126653.31118478472,124887.42458422226,126260.89194021528,3696790
2023-12-12,128517.3125,129400.25586832062,128026.78840648854,128124.89322519084,3126577
2023-12-13,128713.5,129890.75762195123,127536.24237804879,127536.24237804879,2852873
2023-12-14,134109.28125,135678.9582799927,131068.03200438917,131166.1368187637,8217135
2023-12-15,137346.734375,137346.734375,134403.5900669643,134403.5900669643,5011719
2023-12-18,137346.734375,138131.57285714286,136267.58146205358,136365.68627232144,2540812
2023-12-19,135580.84375,138131.56874095515,135482.7389426556,137346.73028219971,2309721
2023-12-20,137837.265625,138131.5800711744,136660.00784030248,137248.63673265124,3108011
2023-12-21,137837.265625,137935.37044039147,135482.750055605,136561.90302491104,2737124
2023-12-22,137935.390625,140976.64034717283,137935.390625,139995.59204969773,3183709
2023-12-26,138229.65625,139308.80899574165,136758.08432398865,139308.80899574165,2239789
2023-12-27,138033.046875,139212.81650641025,136853.27724358975,138426.3034188034,2336777
2023-12-28,139114.546875,139212.86104240283,137148.26352694345,138524.66187058305,2459473
2024-01-02,139999.328125,140392.58466467695,137344.84648218047,137344.84648218047,2147458
2024-01-03,134493.734375,138426.29970760233,134493.734375,137639.78664108188,3257820
2024-01-04,134100.46875,136460.00778958944,133510.58399010263,134493.72525659823,2661970
2024-01-05,135181.96875,135181.96875,133510.62804545453,133510.62804545453,1846781
2024-01-08,133707.234375,135575.2030905331,133117.34951746324,135181.9465188419,2498302
2024-01-09,135083.640625,137148.23775245633,134297.12743358806,136656.66700782388,3473806
2024-01-10,131249.390625,135771.84153792134,129872.99252106741,135378.58493679774,3769252
2024-01-11,133707.234375,134788.68994715073,130167.9252297794,130167.9252297794,3594909
2024-01-12,131839.28125,134985.33419556302,131151.0821681581,134100.5068046234,1878915
2024-01-15,131839.28125,132822.42279548844,131249.39632270695,132527.4803318419,353911
2024-01-16,129872.9921875,131446.0185879542,128889.85068721612,130364.56293764194,3670169
2024-01-17,128791.53125,132232.52635973282,126825.24833015267,131544.32733778626,3822702
2024-01-18,133903.859375,134493.74421806168,128398.26750642438,129283.09477101688,3050556
2024-01-19,138917.90625,138917.90625,135083.65406050955,136361.73812367304,4946040
2024-01-22,140195.984375,142948.78070213884,139901.04191137798,142752.1523930575,3784276
2024-01-23,138426.296875,140392.57950106534,135968.44359241833,139901.008844549,2912611
2024-01-24,139114.546875,139311.17520980566,135280.29434628977,137639.8343639576,2580665
2024-01-25,135083.640625,141277.432007369,134592.06988036755,140294.29051810407,4708651
2024-01-26,133707.234375,136263.40209099263,133707.234375,133903.86266084557,3247410
2024-01-29,132724.078125,134690.3607638889,132724.078125,133215.64878472223,2311854
2024-01-30,134592.046875,135476.87406409788,132134.19357195034,133019.02076104822,2297631
2024-01-31,132429.140625,134297.10920100223,131347.6851336303,132527.45476057907,2815362
2024-02-01,130462.875,133313.9853051997,129479.73351544839,130856.13159382065,3778274
2024-02-02,132625.78125,133019.03782894736,129971.29934210525,130069.6134868421,3708253
2024-02-05,130069.609375,133510.60433201058,129479.72452522676,132625.77705735073,3300954
2024-02-06,135673.546875,136066.8035326087,129774.69701086955,131446.03780570652,4672324
2024-02-07,135673.546875,136165.11769701086,133215.69276494565,134297.14857336957,3348045
2024-02-08,140392.609375,140589.2376794468,135575.21591605392,136656.6715905112,5780714
2024-02-13,147471.21875,147471.21875,142555.51145833332,144325.16608333334,6902585
2024-02-14,146193.109375,146684.68001849361,142457.17248444856,143833.57028623065,4396924
2024-02-15,146389.765625,150125.70322993622,145504.93829751512,148749.30516495972,3560211
2024-02-16,144325.15625,148061.09353712536,143243.70071951635,148061.09353712536,3265836
2024-02-19,148749.3125,150617.28139458032,143538.66242564443,143735.2907303371,3997323
2024-02-20,147077.953125,148552.66522184157,145013.3561894218,147766.15210352608,3507601
2024-02-21,146488.109375,149634.1627307047,144620.14019505034,144620.14019505034,4278500
2024-02-22,153861.625,153861.625,150027.37364217252,151895.34225239616,5966352
2024-02-23,158679.046875,164086.32542402417,157106.02038801115,164086.32542402417,7012032
2024-02-26,159072.28125,162021.70550061803,155729.60043263287,155729.60043263287,4329477
2024-02-27,151207.140625,157302.61703511054,150715.56994676526,156319.4756786411,6107954
2024-02-28,155336.359375,156516.12919303798,151207.1650118671,151895.36407238923,3666960
2024-02-29,153566.6875,155729.5985915493,151895.34711107553,152288.6036731754,3386307
2024-03-04,163693.046875,165266.07315127627,157990.8266234985,158285.7690503003,5230909
2024-03-05,163004.859375,166150.91214942702,161333.51883858565,162316.66033059408,3612530
2024-03-06,160153.75,162709.91789441375,159957.1217004297,161333.51979742173,2672526
2024-03-07,162120.046875,163103.1884570194,158285.7947051243,161726.79024219225,3052700
2024-03-08,169002.015625,171951.43998145725,166445.84784940374,166937.41857547994,5089650
2024-03-11,163791.34375,166052.5687837635,161923.37524384755,162218.3176395558,3450905
2024-03-12,162906.53125,164381.2433614967,161235.1908569704,163299.78781306578,3102706
2024-03-13,160841.9375,166839.10020629584,159268.9112163814,165757.64463630808,5072935
2024-03-14,159170.625,161431.85067943175,158384.11172019766,160841.96571957998,3655060
2024-03-15,158482.390625,160153.73097278227,155926.22303427418,156909.36441532258,4099531
2024-03-18,161530.125,161726.75327145465,158285.75852099818,158482.38679245283,2696598
2024-03-19,157499.25,159072.27621722847,154943.08239700375,158973.9620786517,4159293
2024-03-20,153861.625,158679.0177316294,151502.0857028754,157499.2480830671,5692523
2024-03-21,167134.03125,168510.42915441177,159858.78518382355,162414.95272058825,9205769
2024-03-22,166937.421875,170968.30190849528,164577.88234319788,166150.90869773264,5400916
2024-03-25,166544.171875,171853.13603158205,165659.34451556965,167625.62753652598,3434516
2024-03-26,173622.78125,176473.89147437713,169002.01640359568,169100.33054926386,6549669
2024-03-27,178145.25,179914.9048013245,172639.6572847682,173721.11299668875,5774536
2024-03-28,175486.34375,179326.95396675085,175289.38937991022,175289.38937991022,3424716
2024-03-29,180213.25,181099.54467213116,174895.48196721313,176471.11693989072,3035080
2024-04-01,182675.1875,187599.0470013477,182182.80154986522,183561.4822102426,2723474
2024-04-02,183463.015625,187106.671866613,181591.94890633386,185137.1279522276,4207759
2024-04-03,176471.109375,180902.58254568916,175486.33755929128,179228.47045898438,5416518
2024-04-04,185137.109375,185629.49530418884,181198.02194148937,181591.93068484042,5344102
2024-04-05,180016.3125,184743.21786105033,179031.54054978117,181985.85640043762,4043133
2024-04-08,178440.671875,181099.55605856786,177258.94557119205,181099.55605856786,3278855
2024-04-09,180114.765625,182478.21798968015,178933.03944265994,179523.90253382997,2302751
2024-04-11,185531.03125,185531.03125,179622.39968152868,180114.78564556796,4098231
2024-04-12,184546.25,188485.33751334043,184152.34124866597,185826.45344183565,3097301
2024-04-15,185334.078125,185531.03251195536,180213.26406416047,182576.71670762487,2672047
2024-04-16,176372.640625,182675.1805468314,175584.82313477108,181591.9314977666,4956035
2024-04-17,175978.734375,179720.8675066452,174993.96249825126,176865.02906407387,4340591
2024-04-18,179523.90625,180508.67808900165,172728.98056088865,173319.84366428963,4170243
2024-04-19,170660.96875,175781.7825843912,166918.83556332949,174501.57912579342,7545976
2024-04-22,168986.875,169774.6925990676,164456.9238053613,168100.58020104896,5882906
2024-04-23,168395.96875,171054.85246710526,167115.7654788012,169971.60354532165,3975371
2024-04-24,177061.984375,177455.89312778084,173615.2827881674,176175.68968124304,4254632
2024-04-25,168002.09375,174009.20261210433,168002.09375,171153.36397274325,5332149
2024-04-26,175092.421875,175584.80776328742,172236.58372293308,173516.78703248032,5471765
2024-04-29,173221.390625,177652.86451819216,172925.95903212053,176372.66094904777,2892809
2024-04-30,171547.265625,176274.17076277267,171153.35686351894,173221.3778612945,3655060
2024-05-02,170956.40625,172039.65536794355,166426.45539314515,166426.45539314515,3168250
2024-05-03,170562.5,174797.01934180138,170562.5,174304.6333718245,2336256
2024-05-07,176865.03125,178145.23470559577,176569.59968332405,176668.07687221604,4349589
2024-05-08,175289.390625,176668.07122542136,173319.84691011236,174895.48188202246,2304744
2024-05-09,172728.96875,176668.05583665907,172728.96875,176274.14712799317,2861600
2024-05-10,177160.46875,177357.4231343802,173713.7670233463,173812.2442155364,2813668
2024-05-13,181001.0625,181198.01686615887,176274.15771218718,177258.9295429815,3230023
2024-05-14,182478.21875,182970.60466135998,179031.51737048032,181394.9697450081,2763069
2024-05-16,190060.984375,191045.75631476686,188189.917689443,188189.917689443,5083178
2024-05-17,187008.1875,190553.3664099526,187008.1875,189076.20853080568,2841394
2024-05-20,187205.15625,190257.94943450816,185727.99825749607,189371.6546390058,3592128
2024-05-21,189076.203125,190553.36096191406,188288.38561197917,190454.88377278647,2468109
2024-05-22,194689.421875,194689.421875,187992.97236184875,188977.74434907688,3949439
2024-05-23,196954.390625,200893.4784375,195181.801109375,200401.0924609375,4681849
2024-05-24,195575.703125,199416.3136093278,194492.45401403576,196757.42942787008,3793872
2024-05-27,198431.53125,205817.32025434243,196068.07876861043,200401.0749844913,4774882
2024-05-28,199416.296875,202370.61238425926,197446.7532021605,199416.296875,2084945
2024-05-29,199416.296875,206802.08564814815,197446.7532021605,206802.08564814815,3073139
2024-05-30,192719.828125,199416.27590859734,192719.828125,199416.27590859734,2402236
2024-05-31,186318.859375,192227.49127906977,185334.08739098837,191439.67369186046,5958829
2024-06-03,191242.6875,191636.59622811535,185334.05657826984,186614.2599446447,2982443
2024-06-04,190356.390625,193507.66041289447,189962.4819015132,193409.18323202277,1996780
2024-06-05,190750.296875,192227.454568921,185924.91507485803,186515.7781524264,2709631
2024-06-07,204340.171875,204340.171875,194295.49836596384,196461.9965737952,4805326
2024-06-10,204832.53125,206309.68892728366,201878.2158954327,202862.98768028847,2448961
2024-06-11,209264.015625,211725.94522058824,202862.9986764706,206802.08602941176,3070163
2024-06-12,211725.953125,212710.725,207786.865625,208771.63749999998,2151331
2024-06-13,218619.359375,223050.8328758446,215665.04370777027,222558.4469313063,5777279
2024-06-14,217634.546875,221573.63369626697,212710.6883484163,221573.63369626697,3311223
2024-06-17,219604.15625,226005.174257287,215665.0682455157,215665.0682455157,2198340
2024-06-18,230929.0,230929.0,223543.21108742006,223543.21108742006,3136231
2024-06-19,229944.21875,239299.55099036402,227974.67512044968,231421.37647216275,3758652
2024-06-20,233883.328125,234868.10003289476,227482.31072368423,229944.24049342106,2927358
2024-06-21,230436.625,230929.01095085472,226497.5373931624,226989.9233440171,3848394
2024-06-24,219604.15625,226497.56025784754,216649.84024663677,224528.01625560538,5080726
2024-06-25,221573.65625,221573.65625,211725.93819444443,212218.3240972222,5730999
2024-06-26,233390.921875,234868.07960838606,224035.58956355485,224527.97547468354,5166862
2024-06-27,233193.75,235658.8002114165,224319.56923890064,226291.60940803384,3763005
2024-06-28,233193.75,234179.77008456658,229249.6696617336,232207.7299154334,2368287
2024-07-01,232207.6875,233193.7074044586,228756.6178343949,230235.64769108282,1709955
2024-07-02,228756.640625,233686.7406384698,227277.61062095905,232207.71063442886,2343947
2024-07-03,232700.703125,232700.703125,221854.48391154662,227770.6034825212,3315677
2024-07-04,226784.609375,237137.81980298914,221854.50917119565,237137.81980298914,7599882
2024-07-05,232700.703125,234179.73301774365,224319.53373278602,225305.55366128177,4041293
2024-07-08,230235.65625,233686.72604389722,229249.63630888652,230728.66622055674,2309023
2024-07-09,235165.75,237630.7997903564,229742.64046121595,232207.69025157235,4810781
2024-07-10,235658.765625,235658.765625,230728.66592573223,234179.73571521966,2579373
2024-07-11,237630.8125,245025.96226659752,237630.8125,239109.8424533195,5336097
2024-07-12,229742.65625,232700.71620171674,226784.59629828326,228756.63626609443,4972976
2024-07-15,226784.609375,232207.71959918478,223333.53923233695,231714.70957880435,3301380
2024-07-16,229742.65625,231714.69621781117,220868.4763948498,223333.52635461374,3982189
2024-07-17,217417.40625,226784.59608843538,217417.40625,226291.58609693876,6051510
2024-07-18,209529.25,211994.3,206078.18,209529.25,8847665
2024-07-19,206571.1875,211008.27744630072,204106.13752983292,205585.16751193316,4519170
2024-07-22,202134.109375,206571.1995807927,197697.0191692073,206078.18955792682,6662441
2024-07-23,202134.109375,206571.1995807927,197697.0191692073,205585.17953506098,5976519
2024-07-24,205585.171875,209529.25191097122,197204.00179856113,199176.04181654676,4838734
2024-07-25,187343.796875,196020.77273026315,186357.77689144737,193457.1207730263,12503762
2024-07-26,189118.625,191780.8788451512,183498.31132690303,188132.6050573514,8769107
2024-07-29,192865.5,192964.10199386504,189513.03220858896,192273.88803680983,4017366
2024-07-30,186259.171875,189513.03776799893,183892.72395281895,188625.61979718105,5165131
2024-07-31,191879.515625,192273.92367356113,182610.92648381295,185371.782823741,6439929
2024-08-01,190597.65625,198683.0198363942,190597.65625,198683.0198363942,6457167
2024-08-02,170778.671875,181427.6883660508,169989.85583862587,181033.28034786374,13050139
2024-08-05,153917.734375,168806.6375720692,149480.64401825753,165651.37331838565,12358821
2024-08-06,161411.484375,164073.73854612096,159242.2402355681,162791.9124637294,10717321
2024-08-07,166933.1875,168609.42151506201,155199.54939456587,158650.61942557592,9732037
2024-08-08,161115.65625,165848.55190483475,158946.41240820073,160326.84030752754,5370361
2024-08-09,169102.4375,170384.2635568513,166440.1833819242,170384.2635568513,5141277
2024-08-12,174525.53125,177286.38711158192,170187.04346751413,172060.48137358757,4413736
2024-08-13,179357.046875,179850.05689939528,176300.3847237493,177385.00677741892,4234287
2024-08-14,184089.9375,185470.3655262453,182117.8974625067,185371.76352437065,4420516
2024-08-16,196908.1875,197203.99349023536,191978.08766274413,193259.91362043066,6959688
2024-08-19,191189.265625,197105.38524207065,189710.23572073234,197105.38524207065,3977026
2024-08-20,196908.1875,199669.0434088633,195330.55555207812,195922.16753254883,4258190
2024-08-21,189907.421875,192668.2774370457,188428.39210961838,190301.8298124351,4508983
2024-08-22,188428.421875,191682.28787284147,186357.77987637362,189315.83987441132,3166217
2024-08-23,182906.71875,186653.59492924527,182808.116745283,183399.7287735849,4371332
2024-08-26,177089.1875,185864.76527700445,177089.1875,185174.55129454343,4913204
2024-08-27,172553.484375,177680.78791071428,170975.85251785716,174328.32021428572,5796566
2024-08-28,176793.390625,178272.42066369212,171567.48448828777,172553.50451408254,5590086
2024-08-29,167327.609375,169299.64955620212,164862.55914849736,165256.96718473776,8284585
2024-08-30,171271.671875,173046.50785297927,167031.78592760506,168609.4179080311,4498221
2024-09-02,171567.46875,172454.88669181033,166045.75711206897,171173.06077586208,3507670
2024-09-03,165947.171875,171370.28206699347,165947.171875,170482.86403557635,3286574
2024-09-04,152635.90625,156777.19052810076,150762.4681241925,150762.4681241925,10020391
2024-09-05,157171.609375,160721.2818577478,154410.75299952948,154805.16105316812,5349484
2024-09-06,154213.515625,155988.35148257675,152734.48574368606,154903.72956961318,3459914
2024-09-09,154805.125,155495.33893312103,148395.9956210191,149677.8214968153,4484162
2024-09-10,153326.109375,159439.4333500804,152142.88537982316,155199.54736736335,4718523
2024-09-11,155002.34375,156481.3737476145,152142.88575461195,154607.93575063613,3203928
2024-09-12,166440.171875,168905.22181390697,161510.07199718602,162890.49996297393,8628996
2024-09-13,160524.0625,164369.54065571254,158847.8284321253,164172.33664772726,5246578
2024-09-19,150663.859375,153523.3174390543,142677.09719608966,152537.2974169666,15001257
2024-09-20,154903.75,158552.024188415,153720.52593889242,158256.21817313813,7155655
2024-09-23,159735.234375,160622.65234375,153523.30859375,153621.91059027778,4497592
2024-09-24,161214.265625,161411.46961964833,156974.37974006115,161411.46961964833,3442530
2024-09-25,162989.109375,166933.1894566697,162693.30336887477,164369.5374035844,4665075
2024-09-26,178371.015625,178371.015625,173736.72168670536,175905.965657822,9519633
2024-09-27,181531.515625,186963.6338836371,181531.515625,185185.84972626498,6886272
2024-09-30,172445.078125,181531.53126789804,172445.078125,181432.76547286654,4859468
2024-10-02,167012.953125,173333.963769589,167012.953125,170568.5216125813,4720638
2024-10-04,171951.234375,173432.72117317634,168593.19763246697,169580.85549791786,3633358
2024-10-07,182617.953125,182617.953125,173827.79745808544,176198.17651433207,3904925
2024-10-08,175803.109375,182716.71479985956,175803.109375,179951.27262991574,3988028
2024-10-10,184395.734375,185778.45546833155,181136.4632264328,182222.88694262187,6325045
2024-10-11,183704.375,188840.19623655913,182815.48286290324,187655.0067204301,3475666
2024-10-14,183704.375,189926.61995967742,184593.2671370968,184593.2671370968,3309274
2024-10-15,190519.21875,190815.51613530327,187358.71330676516,189531.5607989891,4060365
2024-10-16,186371.03125,190124.1309784049,181333.97635135136,182420.39995694224,4787317
2024-10-17,193580.953125,193580.953125,186371.05027901786,188840.1950892857,3996946
2024-10-18,184988.328125,195753.79943606514,183901.90441470902,195753.79943606514,5509895
2024-10-21,188543.890625,189926.6116667758,185679.68275275014,187062.40379452595,2428544
2024-10-22,185482.15625,192889.59060503196,185185.85887579873,192889.59060503196,3466963
2024-10-23,193580.953125,194272.313671875,185679.68973214284,186173.51869419642,4366079
2024-10-24,195753.8125,199506.91284056508,187655.01702825428,191111.81997351162,6344515
2024-10-25,198519.21875,203457.50777363183,196938.9662624378,200494.53435945272,5530362
2024-10-28,193580.953125,202469.8744419643,191803.16886160715,200988.38755580355,4114186
2024-10-29,187951.296875,194568.60475236468,186766.10740442722,193580.9468602207,4067991
2024-10-30,192593.28125,192988.34439102563,187062.397275641,187852.5235576923,3580400
2024-10-31,184000.6875,190519.23037439614,183803.15589774557,187556.2563405797,4573282
2024-11-01,179951.25,182617.9260428101,178272.23175082327,180247.54733809002,3478519
2024-11-04,191605.625,191605.625,181432.74903350516,182914.23582474227,3569575
2024-11-05,190815.515625,196346.40013586957,189729.0918817935,191210.57880434784,3560310
2024-11-06,193383.40625,196741.44292645558,190321.66692734935,195259.95615743106,3460361
2024-11-07,193383.40625,195852.55086504086,190716.73006575587,194963.65880362614,2976546
2024-11-08,198025.421875,200494.5667861596,196346.40333541145,198025.421875,3031573
2024-11-11,190222.890625,196840.1978274273,190025.35906671858,196840.1978274273,2636191
2024-11-12,183506.84375,190124.15189383746,182617.95161127558,190124.15189383746,3920254
2024-11-13,180642.625,187161.1669628212,180346.3276380536,183408.06704483324,3172827
2024-11-14,170864.8125,182617.94122109827,169580.8572615607,180642.6254696532,6309368
2024-11-15,176000.640625,176790.76695777217,171457.41421156004,171852.4773779461,4330750
2024-11-18,169580.859375,175605.57249199183,168198.13833175597,171654.94093986604,3885644
2024-11-19,168494.453125,170766.06650241793,166025.30814954572,168296.92152696365,4075013
2024-11-20,168494.453125,172938.91408081772,168099.38992892732,172840.14828179954,3689296
2024-11-21,166716.65625,170864.81949792654,166124.0615002962,166124.0615002962,3821502
2024-11-22,174519.15625,176000.6431451613,169087.0376344086,169580.86659946237,3919973
2024-11-25,174815.4375,177284.58209745763,171753.69819915254,172346.29290254237,4393882
2024-11-26,174914.21875,175506.8135057877,172543.83972684923,173037.66869000564,1996128
2024-11-27,166222.828125,173531.49674131017,165827.76495655082,173432.73094919787,4756820
2024-11-28,159111.6875,164247.50857386715,158815.3901303538,162568.4901458721,5691298
2024-11-29,157926.484375,160395.62890869292,155654.8714040025,158025.2501563477,4682788
2024-12-02,156840.078125,160691.94402353588,156642.5465404597,160198.11506218513,3558868
2024-12-03,162864.796875,163062.3284661158,157136.38073264097,157235.1465281989,4180365
2024-12-04,165926.515625,165926.515625,159111.67659040177,159309.20815662201,5701792
2024-12-05,170864.8125,173432.7229768786,167210.4783598266,167901.83887283236,4671438
2024-12-06,165037.640625,171457.41719030522,162963.55896543985,171358.65139699282,4434259
2024-12-09,166815.421875,168494.44033081704,162963.55600577264,165037.6376276643,5305672
2024-12-10,168296.90625,168296.90625,165531.46412852113,165926.5272887324,3159112
2024-12-11,169679.625,169679.625,164938.8671420256,165333.9302968568,2281189
2024-12-12,173926.5625,175210.51781658147,171358.65186683703,174321.62567433275,4550292
2024-12-13,173333.96875,174222.8608974359,171358.65286680913,172247.54501424503,3677980
2024-12-16,177087.0625,178173.48619631902,175111.74668851087,175210.51247908533,3278975
2024-12-17,181729.0625,182222.89147418478,179852.51239809784,180741.40455163043,3188910
2024-12-18,181235.234375,181630.2975561989,179358.68426430516,181136.46857970027,2363872
2024-12-19,172840.125,174617.90914285716,170864.8092857143,171753.70135714285,4833862
2024-12-20,166420.34375,172642.5880563798,165037.6227930267,171951.22757789318,4487308
2024-12-23,167506.765625,171161.09954488502,167506.765625,167901.82875147407,3287596
2024-12-24,166420.34375,169778.38035979227,166222.8121847181,169580.84879451038,1844961
2024-12-26,168000.609375,169877.15939153437,167309.24884259258,167901.84358465608,2022727
2024-12-27,172346.3125,173827.7994269341,167901.8517191977,168000.61751432664,2643523
2024-12-30,171753.703125,173630.2530728867,170272.2163240368,171852.46891173086,1434202
2025-01-02,169087.03125,170074.68914281542,167901.8417786215,168395.67072502922,2102175
2025-01-03,179654.984375,180445.11074938154,170963.5942568032,172346.31541197086,4233446
2025-01-06,197334.0625,197334.0625,182124.12975475474,182124.12975475474,7320382
2025-01-07,192593.28125,203951.3465544872,192395.74967948717,202469.85977564103,6075445
2025-01-08,192297.015625,195655.05287782487,188642.6809675141,190716.76280014124,4275792
2025-01-09,202469.875,203457.53292682927,197334.05378048783,198519.24329268295,6692254
2025-01-10,200988.390625,209877.3120777027,200000.73268581083,205432.85135135136,6149475
2025-01-13,191901.9375,200494.56156716417,191506.8743244982,200494.56156716417,4767294
2025-01-14,192593.28125,195457.48902243588,191210.56025641024,191901.92075320514,3019149
2025-01-15,195753.8125,198519.25485620587,195259.98350782038,195556.28090312815,3620460
2025-01-16,207408.171875,207408.171875,203951.36901041665,205926.6849330357,6029645
2025-01-17,211852.609375,214815.5829326923,206420.49118589744,206914.32011217947,5041329
2025-01-20,209383.484375,216297.08999115566,207901.99745725235,216297.08999115566,3036234
2025-01-21,215309.421875,217284.73767201835,211358.7902809633,213827.93502723624,3323212
2025-01-22,222716.859375,224198.34624445674,214321.767114745,218766.2277231153,5901740
2025-01-23,216790.90625,222716.8535734624,212346.44575740318,218272.3930808656,5994781
2025-01-24,218272.375,224198.32183257918,214815.57268099548,217778.54609728506,3771572
2025-01-31,196741.46875,201976.05602095884,192395.77365712853,194568.62120356425,11871995
2025-02-03,188543.890625,190815.50376506025,184593.25907706915,189136.48535718964,7926444
2025-02-04,188741.421875,191901.92710786237,187753.7639897305,190519.20606848507,5851146
2025-02-05,196346.375,196938.96969315896,189531.53602867204,189531.53602867204,4245118
2025-02-06,200988.390625,202469.8775337838,198025.41680743243,199506.9037162162,4032622
2025-02-07,200494.5625,203457.53633004925,198025.4176416256,202469.8783866995,2206293
2025-02-10,195655.015625,200494.53897968197,194568.59201476525,195358.71827675417,2779740
2025-02-11,197235.28125,199013.06545756134,195556.26283174762,198519.23651101653,2488710
2025-02-12,196445.171875,197432.8298532554,193580.9637380593,194074.792727187,2884072
2025-02-13,205926.671875,205926.671875,195655.02972871703,196346.39025779377,3574410
2025-02-14,207408.171875,209383.48779761905,203951.36901041665,206420.51391369046,2598656
2025-02-17,209383.484375,213334.11615566036,208395.8264298349,208889.65540241744,2497922
2025-02-18,207408.171875,212346.4616815476,204445.1979910714,209383.48779761905,1937894
2025-02-19,215803.25,216790.90789473683,211358.7894736842,213334.1052631579,3537720
2025-02-20,209383.484375,215803.2610185731,208395.8264298349,214321.77410082545,3080242
2025-02-21,206914.328125,208395.81496121717,202963.6965617542,206914.328125,2601151
2025-02-24,202469.875,202469.875,198519.24329268295,200000.73018292684,3087127
2025-02-25,198025.421875,199506.90882169575,196741.466521197,197334.0612998753,3651613
2025-02-26,200494.5625,203457.53633004925,196148.86754926108,196543.930726601,3849749
2025-02-27,198013.4375,203778.8889934739,196919.98980296185,203281.867313002,3993419
2025-02-28,189067.03125,191850.35242507886,187575.9663347792,190458.69183753943,5533027
2025-03-04,184991.453125,186383.1137073482,182903.9622514777,183699.19686996238,5424556
2025-03-05,191949.765625,193242.0219445883,185488.48402705853,187078.9533434749,4162368
2025-03-06,191253.9375,192844.40683471935,189166.44649818089,192347.38516761956,2540131
2025-03-07,191253.9375,191651.55483367984,186780.74249610188,189862.27683212058,2700590
2025-03-10,186780.71875,190359.27429816392,186184.292825306,186383.10146687066,2441476
2025-03-11,186681.328125,187874.18006190096,180220.0468001198,181015.28142472045,3521800
2025-03-12,197715.21875,198162.53824943438,188570.02009489693,191253.93709150326,4064278
2025-03-13,198510.4375,203281.84511141712,194335.45584001002,201293.75860665998,3883033
2025-03-14,203281.84375,204772.9086185819,197317.58427567236,197317.58427567236,3397462
2025-03-17,204772.921875,208252.07346025485,202287.81359981795,205766.96518507283,2584679
2025-03-18,201790.796875,207755.05688115762,199802.71020628078,207258.03521397783,2696191
2025-03-19,204275.90625,208252.07960766423,199802.71122262772,200796.7545620438,3102000
2025-03-20,208749.109375,209743.1527529762,204275.91417410714,205766.9792410714,2779557
2025-03-21,214216.328125,218192.5012688515,210737.17662412993,212228.24155307424,5731880
2025-03-24,210240.171875,213222.30197251771,208252.0851433215,210240.171875,1611040
2025-03-25,206760.984375,214216.30833082934,206760.984375,213222.26513671875,2262656
2025-03-26,212725.265625,214216.33057096964,207258.02748977806,207755.04913843458,2058540
2025-03-27,205766.953125,210737.16938405798,205269.9314990942,206760.9963768116,2287220
2025-03-28,198112.828125,203281.85324416708,197715.21080814098,201790.7883059458,2673553
2025-03-31,189564.046875,194335.4544523466,189365.23822594387,192347.36796178552,4561715
2025-04-01,195826.53125,197317.59620875635,190856.3147208122,192446.7840101523,2317253
2025-04-02,196721.140625,200299.69598755683,196124.71473124053,197615.7794656392,2764223
2025-04-03,193440.84375,193440.84375,187078.96605215827,188470.62679856116,4177747
2025-04-04,181114.671875,188470.5915889133,177337.30769758509,186780.7181411224,9182017
2025-04-07,163818.328125,171770.67415048546,163818.328125,166999.26653519418,7879050
2025-04-08,168490.328125,172068.88376659292,167198.07192109144,170975.43620943953,4965171
2025-04-09,164017.125,168987.3409090909,161730.82568181818,168987.3409090909,8035679
2025-04-10,182108.734375,188768.8245513783,178927.79578329696,188570.01588939683,7836984
2025-04-11,179723.015625,180717.05885301437,175051.0124533324,176740.88594095685,3223735
2025-04-14,179126.59375,183301.57540233072,176939.69859877913,181810.5105264983,3466194
2025-04-15,179524.21875,181313.49667774086,178629.57978612956,179126.60143272424,1915455
2025-04-16,172963.53125,176442.6827406609,172466.509608477,175448.63945761495,2933428
2025-04-17,173957.5625,174355.17978571428,170776.62421428572,171074.83717857144,2989493
2025-04-18,173957.5625,174454.58410714287,171770.66742857144,172963.51928571428,1305152
2025-04-21,175548.046875,178927.794096829,173460.55594387033,173758.76893403172,1877473
2025-04-22,172764.734375,174454.6080714183,172267.71269958286,173957.58639600116,2008388
2025-04-23,179921.828125,180518.25407458562,177039.10270200277,178033.14595131215,3857373
2025-04-24,177237.90625,182307.52667554683,176542.07599551318,181711.10074312956,3162156
2025-04-25,183301.59375,183798.61542502712,181015.29404487528,181412.91138489696,3507810
2025-04-28,180915.890625,182804.5729996566,178629.59090831043,182406.95565762362,2455710
2025-04-29,179723.015625,181810.5064038302,178033.14213737554,180915.86749861724,1866386
2025-04-30,176442.6875,178927.79577464788,175647.45285211268,178033.15679577464,2354473
2025-05-02,184892.0625,185090.87116935485,177337.33306451613,178331.37641129034,3886874
2025-05-07,189663.46875,190359.2990860849,184792.65639740566,186581.93440448114,3830097
2025-05-08,189166.4375,194832.48423541777,188271.79854177614,194832.48423541777,5125330
2025-05-09,188967.640625,191651.55766701736,185687.29757364545,190856.3229879011,2539822
2025-05-12,193838.4375,194037.24615384615,192347.37259615384,192446.77692307692,1624884
2025-05-13,197317.59375,200299.72363035264,196124.74179785894,199305.68033690177,3385009
2025-05-14,204772.921875,205766.96518507283,202784.83525485438,205766.96518507283,3333511
2025-05-15,199305.6875,206761.01246882795,198311.64417082295,206263.9908042394,3178957
2025-05-16,203281.84375,205518.44105287286,202287.8005042787,204772.9086185819,2419507
2025-05-19,198212.234375,201790.79026140925,196323.55210161736,201790.79026140925,2482673
2025-05-20,200796.75,206761.0099009901,200299.72834158415,201293.77165841582,2820546
2025-05-21,199305.6875,203778.88248129678,198709.26150249378,203281.86081670824,1721760
2025-05-22,195727.140625,200299.7401520442,195329.52327482225,198709.27075133316,1988587
2025-05-23,198808.671875,200299.7369140625,197516.4155078125,198709.2675390625,1538701
2025-05-26,201790.796875,202287.8185421798,195727.1325354064,198808.6668719212,1459997
2025-05-27,201293.765625,202287.80891203703,198808.65740740742,199305.67905092592,1424916
2025-05-28,206760.984375,208252.04916616587,204772.89798677884,205269.91958383415,3161188
2025-05-29,211117.796875,213607.3935362618,206636.5228847288,213607.3935362618,3827689
2025-05-30,203649.0,209126.11246943765,202155.24205378973,209126.11246943765,4826628
2025-06-02,206636.515625,207632.35425451808,202155.24179216867,204146.91905120484,1775752
2025-06-04,216594.90625,222072.01882183907,215599.0676005747,217092.82557471262,5108674
2025-06-05,223565.78125,229042.89393095768,221076.1845768374,224561.61991926504,5768506
2025-06-09,228047.0625,232528.33665393014,227051.22379912663,232030.41730349345,3666084
2025-06-10,229540.8125,231532.4898318872,226553.2965021692,230038.7318329718,3718655
2025-06-11,239001.28125,239997.11992187498,234022.087890625,235017.92656249998,4230421
2025-06-12,234520.0,245474.22505307855,234022.08067940554,241490.87048832272,4994238
2025-06-13,234520.0,241988.7898089172,232777.28237791933,239499.19320594482,4100610
2025-06-16,246967.96875,247465.88804183467,237009.58291330645,237009.58291330645,3760740
2025-06-17,247963.828125,258918.05346385544,246967.98945783134,251947.1827936747,5044669
2025-06-18,245474.234375,250951.34710953347,243980.4763564909,244478.39569599394,4081001
2025-06-19,244976.3125,248959.66717479675,240992.95782520325,245972.1511686992,2317796
2025-06-20,255930.546875,255930.546875,246470.07918895915,247963.83724464983,3597877
2025-06-23,258420.125,261905.56021194605,247465.90004816957,251449.2545761079,3398736
2025-06-24,277341.0625,281822.33640035905,268378.5146992819,268876.434021544,5436312
2025-06-25,284809.875,290286.9879807692,282818.19755244756,287797.39117132867,5466598
2025-06-26,291780.71875,297257.8312180034,285805.6869667236,293274.4766958191,5894020
2025-06-27,282818.15625,293274.46132262325,279830.64051496476,286801.51056338026,5134863
2025-06-30,290784.90625,293274.5030500856,284809.8739297945,287299.47072988015,4375298
2025-07-01,284311.9375,293274.4854422067,284311.9375,289789.0501313485,3687981
2025-07-02,277838.96875,282320.2424395161,273357.6950604839,282320.2424395161,4702056
2025-07-03,277341.0625,282818.1750448833,275847.30453321367,279830.6591113106,3642140
2025-07-04,269374.34375,280328.5684496303,267880.585836414,278336.8912315157,3654933
2025-07-07,269872.28125,270868.11992619926,263399.3298547048,264893.0878690037,2523564
2025-07-08,280826.5,283814.0159574468,267382.67819148937,269872.27482269506,3119395
2025-07-09,279830.6875,282818.20373665483,276345.2518905694,281324.4456183274,2626484
2025-07-10,295764.09375,295764.09375,282320.2713068182,282818.19065656565,4556065
2025-07-11,293274.46875,305224.53199278435,290784.87224108656,298253.6617678268,3732533
2025-07-14,298751.59375,301241.19036458334,291282.80390625,291282.80390625,2936976
2025-07-15,297257.84375,297257.84375,288793.21503350086,294768.2470686767,4196196
2025-07-16,294768.25,298253.6853885135,291282.8146114865,297257.84670608107,3123297
2025-07-17,268378.53125,288295.3053687384,266884.77319109463,282320.2731331169,9328322
2025-07-18,267880.59375,273855.625580855,265888.91647304833,268876.43238847586,5359504
2025-07-21,271366.0,273357.6770642202,265390.96880733944,266386.80733944953,2424891
2025-07-22,267382.6875,272361.8809357542,265888.9294692738,271863.9615921788,3139858
2025-07-23,267880.59375,269872.27102695167,263399.31987685873,266386.83579228626,3116279
2025-07-24,268378.53125,277838.9989564007,267880.61189703154,275847.3215445269,3667144
2025-07-25,264893.09375,273855.6420347744,264395.17440084583,271863.96463815786,2171063
2025-07-28,260909.734375,264395.1697578721,257424.29899212785,259913.89569417937,2877357
2025-07-29,261407.65625,263897.2529761905,253440.94672619048,253440.94672619048,2944177
2025-07-30,262403.46875,264893.06522770395,259415.95297675522,261905.5494544592,2482807
2025-07-31,272361.90625,272859.8256398538,264395.19601234,269872.3093007313,3472644
2025-08-01,256926.375,265888.9229651163,255930.5363372093,264893.08430232556,3227394
2025-08-04,256926.375,258918.0523255814,252943.0203488372,253440.93968023255,2281558
2025-08-05,262403.46875,263399.30734108156,259415.95297675522,262901.3880455408,2118171
2025-08-06,257424.28125,259415.95847437138,256428.44263781433,259415.95847437138,1374559
2025-08-07,260909.734375,261905.5730558206,248959.67020515268,256926.37965171755,2724438
2025-08-08,255432.609375,264893.0763888889,254436.77074195907,260909.72185672514,2676174
2025-08-11,265888.9375,266386.85685861425,258918.06647940073,259415.98583801498,2415473
2025-08-12,267880.59375,274851.46421933087,266386.83579228626,266884.75511152414,3008648
2025-08-13,276843.15625,277838.99494154676,272859.801483813,276843.15625,3472694
2025-08-14,275349.40625,276345.24497061485,269374.37392631103,276345.24497061485,2101050
2025-08-18,266386.84375,270868.11775700934,265888.92441588786,270868.11775700934,1993220
2025-08-19,261905.59375,268876.46506653994,260411.83561074146,267382.7069272814,1709646
2025-08-20,254436.765625,255930.52354452055,249955.49186643833,253440.9270119863,3571545
2025-08-21,243980.453125,249955.48463010203,243980.453125,245474.21100127551,6301130
2025-08-22,249955.5,251449.2579681275,244478.3874501992,244478.3874501992,3064062
2025-08-25,258420.125,260411.80226396918,252943.0125240848,254934.68978805395,3183709
2025-08-26,260411.8125,261407.65117112812,255930.53847992353,258420.1351577438,2050625
2025-08-27,258918.046875,259913.8855168269,254934.6923076923,257922.20823317306,2801594
2025-08-28,267768.875,267768.875,252311.08147113593,253308.35847299814,3836024
2025-08-29,268267.53125,269264.8083178439,265275.7000464684,267270.2541821561,1892127
2025-09-01,255302.921875,260289.3070678711,254305.64483642578,258793.39151000977,1837054
2025-09-02,259790.671875,260787.94892634355,255302.92514395394,255302.92514395394,1584710
2025-09-03,261785.21875,264777.04982142855,257048.15288690475,258793.38767857142,2437896
2025-09-04,264777.09375,270262.11829096044,263779.81656073447,266273.0095338983,2189959
2025-09-05,272755.25,274251.1654478976,271259.3345521024,272256.6115173675,3103427
2025-09-08,276245.71875,278240.2726759928,273253.88786101085,277741.6341944946,2018299
2025-09-09,287215.78125,287714.4197591146,276245.7340494792,277243.0110677083,4158342
2025-09-10,303172.21875,304169.49578536185,292202.1713610197,293698.0869140625,5265553
2025-09-11,306164.0625,314142.27911237784,304668.14688517916,309155.8937296417,5148088
2025-09-12,327605.5,328602.77701674274,318131.36834094365,321123.199391172,4242516
2025-09-15,330098.6875,340570.096015861,324115.02549093653,338575.54201283987,4221256
2025-09-16,347052.40625,353036.0684267241,330597.3352640086,330597.3352640086,5841135
2025-09-17,332591.90625,341567.39997188904,332591.90625,340071.4843515742,4498866
2025-09-18,354532.0,356027.91561181436,335583.735583685,337578.28973277076,4526286
2025-09-22,350044.25,358022.4665242165,344309.90687321936,348049.69586894586,4377563
2025-09-23,360017.03125,362011.5854397507,352038.81449099723,354532.0072281856,3315336
2025-09-24,356526.53125,363008.8318181818,347551.0381555944,358022.44676573423,4165199
2025-09-25,355529.28125,358022.47396563814,348548.3416462132,351041.53436185134,2148215
2025-09-26,335583.75,348049.71396731056,332093.28008915304,346553.7982912333,3685324
2025-09-29,348049.6875,350044.2415830945,338076.9170845272,338575.5556053009,2275986
2025-09-30,346553.78125,355529.2748651079,346553.78125,352038.80512589926,2238614
2025-10-01,359019.75,361014.30416666664,350044.25625,350044.25625,2802437
2025-10-02,394423.0625,403398.555704804,382954.37673830596,387442.12334070797,7430763
2025-10-10,426834.5625,438053.92892085284,415365.87682535045,424840.0084696262,6835852
2025-10-13,413869.96875,414368.60726656625,401902.64435240964,404395.83693524095,4356534
2025-10-14,410379.5,435311.42588092346,405393.1148238153,423842.73997569864,4101275
2025-10-15,421349.5625,422845.47810650885,405891.76789940824,409382.237647929,2688019
2025-10-16,451267.875,453761.067679558,419355.00870165747,419853.6472375691,4247934
2025-10-17,464232.46875,473706.6007653061,448276.035882116,450270.58999060147,4541583
2025-10-20,484178.0,484178.0,464232.4593202884,476199.7837281153,3333903
2025-10-21,477695.6875,500633.05871607515,476698.4104906054,495646.67366910225,4126858
2025-10-22,480188.90625,480687.54478193144,467722.9429517134,473706.60533489095,3870276
2025-10-23,477197.0625,487169.8328761755,466725.65360501566,468720.20768025075,3583993
2025-10-24,508611.28125,511603.11231617647,490161.65634191176,491657.57187499997,4254202
2025-10-27,533543.25,535537.8042056075,521575.92476635514,531548.6957943925,3381231
2025-10-28,519581.34375,525565.0060580614,507614.0191338771,519581.34375,5659008
2025-10-29,556480.625,557477.9021057348,521575.92629928316,536535.0828853047,4803031
2025-10-30,566453.375,577423.4227552817,550496.9419014085,556480.6043133803,4888461
2025-10-31,557477.875,564458.8144007156,550496.9355992845,555483.3208855098,3351809
2025-11-03,618311.75,622300.8580645161,553488.743951613,555483.297983871,5787058
2025-11-04,584404.3125,612328.0680460751,581412.4815486348,609336.2370947099,5969769
2025-11-05,577423.375,585401.5908894646,530551.3566493955,561466.9432210708,8976222
2025-11-06,591385.3125,605347.1917158517,581412.5416315346,600360.8062816189,5321244
2025-11-07,578420.6875,597368.9514008621,563461.531788793,575428.8563577586,4789397
2025-11-10,604349.875,613325.3681930694,579417.9494636963,582409.7805280528,4893645
2025-11-11,617314.4375,644240.9153877221,602355.2831179322,620306.2683764135,5508697
2025-11-12,615319.875,618311.705834684,599363.4438816856,603352.5516612642,2831484
2025-11-13,610333.5625,620306.3331290849,605347.1771854575,605347.1771854575,3875541
2025-11-14,558475.1875,583407.1155133928,558475.1875,577423.4527901786,5778374
2025-11-17,604349.875,604349.875,582409.7805280528,586398.8886138614,4470947
2025-11-18,568447.875,589390.6914473685,568447.875,581412.4756578947,3544391
2025-11-19,560469.75,568447.9670818505,544513.315836299,561467.0271352313,4529736
2025-11-20,569445.25,595374.4557793345,568447.9728546409,593379.9014886165,4670237
2025-11-21,519581.34375,529554.1142634357,512600.404390595,516589.51259596925,6646712
2025-11-24,518584.0625,540524.157451923,515592.2313701923,529554.1099759615,6399162
2025-11-25,517586.78125,548502.369340077,516589.5042148362,544513.261199422,3716730
2025-11-26,522573.1875,526562.2958015268,499635.8147662214,511603.1396708015,5127393
2025-11-27,542907.25,554883.1452205882,531929.3460477941,533925.3285845588,3654092
2025-11-28,528935.375,550891.183018868,528935.375,549893.1917452831,2680138
2025-12-01,536919.3125,543905.251510223,523945.42576672864,540911.2776486989,3134704
2025-12-02,556879.125,557877.1162634408,540911.2647849462,546899.2123655914,2686580
2025-12-03,550891.1875,557877.1264719203,542907.2572463768,548895.2049365942,2586619
2025-12-04,540911.25,541909.2412361624,530931.3376383764,540911.25,2858305
2025-12-05,542907.25,544903.2325367647,525941.3984375,528935.3722426471,3204933
2025-12-08,575840.9375,578834.9111785096,531929.3235485269,541909.2358102254,4288433
2025-12-09,564863.0625,573844.9839885159,562867.0799469964,567857.0363295053,2391174
2025-12-10,585820.875,591808.8226149915,568855.0234241908,569853.0146933561,3986083
2025-12-11,563865.125,587816.9179203539,563865.125,581828.9696902655,4021907
2025-12-12,569853.0625,577836.9933231174,558875.1576182137,563865.114382662,2646148
2025-12-15,552887.1875,562368.1049751805,533925.352549639,533925.352549639,2482125
2025-12-16,528935.375,549893.1917452831,528935.375,543905.2441037736,3287998
2025-12-17,549893.1875,552887.1612976406,523945.41458711436,528935.3709165155,2692626
2025-12-18,550891.1875,561869.0915987318,535921.3182744565,536919.3095561594,2959059
2025-12-19,545901.25,568855.050274223,545901.25,567857.0589579524,3440005
2025-12-22,578834.9375,578834.9375,565861.0509698276,572846.9898706897,2878464
2025-12-23,582826.9375,591808.8594820206,579832.9635059931,583824.9288313356,2011188
2025-12-24,586818.875,589812.8488520408,582826.9098639456,585820.8837159864,2160697
2025-12-26,597796.8125,603784.7605383974,588814.890442404,592806.8558013355,4243548
2025-12-29,638714.4375,638714.4375,623744.5678710938,628734.5244140625,4176151
2025-12-30,649692.375,657676.305875576,632726.5218894009,637716.478686636,4094603
